salary_min,salary_max,salary_mean,rating_mean,rating_count,contract_contrat pro,contract_intérim,contract_temps plein,contract_indépendant,contract_cdd,contract_temps partiel,contract_cdi,contract_stage,contract_commission,contract_apprentissage,query_data+scientist,query_business+intelligence,query_data+analyst,query_developpeur,mode_an,predicted,mode_heure,mode_jour,mode_mois,mode_semaine
6720.0,6720.0,6720.0,0.0,0,0,0,1,0,0,0,0,1,0,0,0,0,0,1,0,0,0.0,0.0,1.0,0.0
7200.0,10800.0,9000.0,0.0,0,0,0,1,0,0,1,0,1,0,0,0,0,0,1,0,0,0.0,0.0,1.0,0.0
10164.0,14784.0,12474.0,0.0,0,0,0,1,0,0,0,0,0,0,1,0,0,0,1,0,0,0.0,0.0,1.0,0.0
15173.1484375,26919.12109375,21046.134765625,2.9,60,0,0,0,0,0,0,0,1,0,0,0,0,0,1,1,1,,,,
16423.38671875,28169.359375,22296.373046875,3.1,142,1,0,0,0,0,0,0,0,0,1,0,0,0,1,1,1,,,,
20000.0,25000.0,22500.0,0.0,0,0,0,1,0,0,0,1,0,0,0,0,0,0,1,1,0,0.0,0.0,0.0,0.0
20000.0,25000.0,22500.0,0.0,0,0,0,1,0,0,0,1,0,0,0,0,0,0,1,1,0,0.0,0.0,0.0,0.0
17116.16015625,28862.1328125,22989.146484375,0.0,0,0,0,1,0,0,1,0,1,0,0,0,0,0,1,1,1,,,,
17116.16015625,28862.1328125,22989.146484375,0.0,0,0,0,1,0,0,1,0,1,0,0,0,0,0,1,1,1,,,,
18567.26171875,30313.234375,24440.248046875,3.8,36,1,0,0,0,0,1,0,0,0,1,0,0,0,1,1,1,,,,
18724.119140625,30470.091796875,24597.10546875,0.0,0,0,0,1,0,0,1,0,0,0,1,0,0,0,1,1,1,,,,
25000.0,25000.0,25000.0,3.4,81,0,0,0,0,0,0,1,0,0,0,0,0,0,1,1,0,0.0,0.0,0.0,0.0
20003.046875,31749.01953125,25876.033203125,0.0,0,0,0,1,0,0,0,0,1,0,0,0,0,0,1,1,1,,,,
20003.046875,31749.01953125,25876.033203125,0.0,0,0,0,1,0,0,0,0,1,0,0,0,0,0,1,1,1,,,,
20003.046875,31749.01953125,25876.033203125,0.0,0,0,0,1,0,0,0,0,1,0,0,0,0,0,1,1,1,,,,
20003.046875,31749.01953125,25876.033203125,0.0,0,0,0,1,0,0,0,0,1,0,0,0,0,0,1,1,1,,,,
20003.046875,31749.01953125,25876.033203125,0.0,0,0,0,1,0,0,0,0,1,0,0,0,0,0,1,1,1,,,,
20003.046875,31749.01953125,25876.033203125,0.0,0,0,0,1,0,0,0,0,1,0,0,0,0,0,1,1,1,,,,
20003.046875,31749.01953125,25876.033203125,0.0,0,0,0,1,0,0,0,0,1,0,0,0,0,0,1,1,1,,,,
20003.046875,31749.01953125,25876.033203125,0.0,0,0,0,1,0,0,0,0,1,0,0,0,0,0,1,1,1,,,,
24000.0,28800.0,26400.0,0.0,0,0,0,1,0,0,0,1,0,0,0,0,0,0,1,0,0,0.0,0.0,1.0,0.0
26400.0,26400.0,26400.0,2.7,25,0,1,0,0,0,0,0,0,0,0,0,0,0,1,0,0,0.0,0.0,1.0,0.0
24000.0,30000.0,27000.0,0.0,0,0,0,1,0,0,0,1,0,0,0,0,0,0,1,1,0,0.0,0.0,0.0,0.0
24000.0,30000.0,27000.0,0.0,0,0,0,1,0,0,0,1,0,0,0,0,0,0,1,0,0,0.0,0.0,1.0,0.0
21350.96875,33096.94140625,27223.955078125,3.6,687,1,0,0,0,0,0,0,0,0,1,0,0,0,1,1,1,,,,
21611.005859375,33356.9765625,27483.9921875,0.0,0,0,0,1,0,0,0,0,0,0,1,0,0,0,1,1,1,,,,
21611.005859375,33356.9765625,27483.9921875,0.0,0,0,0,1,0,0,0,0,0,0,1,0,0,0,1,1,1,,,,
21611.005859375,33356.9765625,27483.9921875,0.0,0,0,0,1,0,0,0,0,0,0,1,0,0,0,1,1,1,,,,
25000.0,30000.0,27500.0,0.0,0,0,0,1,0,0,0,1,0,0,0,0,0,0,1,1,0,0.0,0.0,0.0,0.0
22653.6953125,34399.66796875,28526.681640625,0.0,0,0,0,0,0,0,0,0,1,0,0,0,0,0,1,1,1,,,,
22653.6953125,34399.66796875,28526.681640625,0.0,0,1,0,0,0,0,0,0,1,0,1,0,0,0,1,1,1,,,,
22653.6953125,34399.66796875,28526.681640625,0.0,0,0,0,0,0,0,0,0,1,0,0,0,0,0,1,1,1,,,,
22653.6953125,34399.66796875,28526.681640625,0.0,0,0,0,0,0,0,0,0,1,0,0,0,0,0,1,1,1,,,,
22653.6953125,34399.66796875,28526.681640625,0.0,0,0,0,0,0,0,0,0,1,0,0,0,0,0,1,1,1,,,,
22653.6953125,34399.66796875,28526.681640625,0.0,0,0,0,0,0,0,0,0,1,0,0,0,0,0,1,1,1,,,,
22653.6953125,34399.66796875,28526.681640625,0.0,0,0,0,0,0,0,0,0,1,0,0,0,0,0,1,1,1,,,,
28000.0,30000.0,29000.0,0.0,0,0,0,1,0,0,0,1,0,0,0,0,0,0,1,1,0,0.0,0.0,0.0,0.0
23317.548828125,35063.51953125,29190.53515625,3.7,3,0,0,0,0,0,0,0,1,0,0,0,0,0,1,1,1,,,,
23770.5859375,35516.55859375,29643.572265625,3.9,3646,1,0,1,0,0,0,0,0,0,1,0,0,1,1,1,1,,,,
24109.0859375,35855.05859375,29982.072265625,3.5,19,1,0,0,0,0,0,0,0,0,1,0,0,0,1,1,1,,,,
24109.0859375,35855.05859375,29982.072265625,3.3,4,1,0,0,0,0,0,0,0,0,1,0,0,0,1,1,1,,,,
24109.0859375,35855.05859375,29982.072265625,3.3,4,1,0,0,0,0,0,0,0,0,1,0,0,0,1,1,1,,,,
30000.0,30000.0,30000.0,0.0,0,0,1,0,0,0,0,0,0,0,0,0,0,1,0,1,0,0.0,0.0,0.0,0.0
30000.0,30000.0,30000.0,3.4,81,0,0,0,0,0,0,1,0,0,0,0,0,0,1,1,0,0.0,0.0,0.0,0.0
24261.654296875,36007.625,30134.640625,0.0,0,1,0,0,0,0,0,0,0,0,1,0,0,0,1,1,1,,,,
24261.654296875,36007.625,30134.640625,0.0,0,1,0,0,0,0,0,0,0,0,1,0,0,0,1,1,1,,,,
24261.654296875,36007.625,30134.640625,0.0,0,1,0,0,0,0,0,0,0,0,1,0,0,0,1,1,1,,,,
24261.654296875,36007.625,30134.640625,0.0,0,1,0,0,0,0,0,0,0,0,1,0,0,0,1,1,1,,,,
24261.654296875,36007.625,30134.640625,0.0,0,1,0,0,0,0,0,0,0,0,1,0,0,0,1,1,1,,,,
24261.654296875,36007.625,30134.640625,0.0,0,1,0,0,0,0,0,0,0,0,1,0,0,0,1,1,1,,,,
24907.05859375,36653.03125,30780.044921875,4.2,5249,0,0,0,0,0,0,0,1,0,0,0,0,0,1,1,1,,,,
27692.0,34800.0,31246.0,0.0,0,0,0,1,0,0,0,1,0,0,0,0,0,0,1,1,0,0.0,0.0,0.0,0.0
25409.306640625,37155.27734375,31282.29296875,0.0,0,0,0,1,0,0,0,1,0,0,0,0,1,0,0,1,1,,,,
25538.39453125,37284.3671875,31411.380859375,4.1,574,1,0,0,0,0,0,0,0,0,1,0,0,0,1,1,1,,,,
25538.39453125,37284.3671875,31411.380859375,4.1,2479,1,0,0,0,0,0,0,0,0,1,0,0,0,1,1,1,,,,
25538.39453125,37284.3671875,31411.380859375,4.1,574,1,0,0,0,0,0,0,0,0,1,0,0,0,1,1,1,,,,
25538.39453125,37284.3671875,31411.380859375,4.1,297,1,0,0,0,0,0,0,0,0,1,0,0,0,1,1,1,,,,
25538.39453125,37284.3671875,31411.380859375,4.1,574,1,0,0,0,0,0,0,0,0,1,0,0,0,1,1,1,,,,
31500.0,31500.0,31500.0,0.0,0,0,0,1,0,0,0,1,0,0,0,1,1,0,0,1,0,0.0,0.0,0.0,0.0
27600.0,36000.0,31800.0,0.0,0,0,0,1,0,0,0,1,0,0,0,0,0,0,1,0,0,0.0,0.0,1.0,0.0
24000.0,40000.0,32000.0,0.0,0,0,0,1,0,0,0,1,0,0,0,0,0,0,1,1,0,0.0,0.0,0.0,0.0
26176.548828125,37922.51953125,32049.53515625,0.0,0,0,0,1,0,0,0,1,0,0,0,1,1,0,0,1,1,,,,
30000.0,34800.0,32400.0,4.0,55,0,0,0,0,1,0,0,0,0,0,0,0,0,1,0,0,0.0,0.0,1.0,0.0
26325.0,38634.0,32479.5,0.0,0,0,0,0,0,0,0,1,0,0,0,0,0,0,1,1,0,0.0,0.0,0.0,0.0
21924.0,43044.0,32484.0,0.0,0,0,0,1,0,0,0,1,0,0,0,0,0,0,1,0,0,0.0,0.0,1.0,0.0
28000.0,37000.0,32500.0,3.8,17256,0,0,0,0,0,0,1,0,0,0,0,0,0,1,1,0,0.0,0.0,0.0,0.0
30000.0,35000.0,32500.0,0.0,0,0,0,1,0,0,0,1,0,0,0,0,0,0,1,1,0,0.0,0.0,0.0,0.0
30000.0,35000.0,32500.0,0.0,0,0,0,0,0,0,0,1,0,0,0,0,0,0,1,1,0,0.0,0.0,0.0,0.0
26714.791015625,38460.76171875,32587.77734375,4.8,4,0,0,0,0,0,0,0,1,0,0,0,0,0,1,1,1,,,,
26714.791015625,38460.76171875,32587.77734375,4.8,4,0,0,0,0,0,0,0,1,0,0,0,0,0,1,1,1,,,,
26785.97265625,38531.9453125,32658.958984375,0.0,0,0,0,0,0,0,0,0,0,0,0,0,1,0,0,1,1,,,,
26785.97265625,38531.9453125,32658.958984375,0.0,0,0,0,0,0,0,0,0,0,0,0,0,1,0,0,1,1,,,,
26940.447265625,38686.41796875,32813.43359375,3.1,142,0,0,0,0,0,0,0,0,0,0,0,0,0,1,1,1,,,,
26940.447265625,38686.41796875,32813.43359375,3.4,81,0,0,0,0,0,0,1,0,0,0,0,0,0,1,1,1,,,,
26940.447265625,38686.41796875,32813.43359375,3.4,83,0,0,0,0,0,0,1,0,0,0,0,0,0,1,1,1,,,,
26940.447265625,38686.41796875,32813.43359375,3.1,132,0,0,0,0,0,0,1,0,0,0,0,0,0,1,1,1,,,,
26940.447265625,38686.41796875,32813.43359375,2.8,89,0,0,0,0,0,0,1,0,0,0,0,0,0,1,1,1,,,,
26940.447265625,38686.41796875,32813.43359375,3.4,81,0,0,0,0,0,0,1,0,0,0,0,0,0,1,1,1,,,,
26940.447265625,38686.41796875,32813.43359375,3.4,81,0,0,0,0,0,0,1,0,0,0,0,0,0,1,1,1,,,,
26940.447265625,38686.41796875,32813.43359375,3.4,81,0,0,0,0,0,0,1,0,0,0,0,0,0,1,1,1,,,,
26940.447265625,38686.41796875,32813.43359375,3.5,109,0,0,0,0,0,0,0,0,0,0,0,0,0,1,1,1,,,,
26940.447265625,38686.41796875,32813.43359375,3.1,142,0,0,0,0,0,0,1,0,0,0,0,0,0,1,1,1,,,,
26940.447265625,38686.41796875,32813.43359375,3.1,142,0,0,0,0,0,0,1,0,0,0,0,0,0,1,1,1,,,,
26940.447265625,38686.41796875,32813.43359375,3.5,109,0,0,0,0,0,0,0,0,0,0,0,0,0,1,1,1,,,,
26940.447265625,38686.41796875,32813.43359375,3.4,99,0,0,0,0,0,0,1,0,0,0,0,0,0,1,1,1,,,,
26940.447265625,38686.41796875,32813.43359375,3.4,81,0,0,0,0,0,0,1,0,0,0,0,0,0,1,1,1,,,,
26940.447265625,38686.41796875,32813.43359375,3.1,142,0,0,0,0,0,0,1,0,0,0,0,0,0,1,1,1,,,,
26940.447265625,38686.41796875,32813.43359375,2.8,89,0,0,0,0,0,0,1,0,0,0,0,0,0,1,1,1,,,,
26959.568359375,38705.5390625,32832.5546875,0.0,0,0,0,0,0,0,0,1,0,0,0,0,1,0,0,1,1,,,,
26959.568359375,38705.5390625,32832.5546875,0.0,0,0,0,0,0,0,0,1,0,0,0,0,1,0,0,1,1,,,,
26959.568359375,38705.5390625,32832.5546875,0.0,0,0,0,0,0,0,0,1,0,0,0,0,1,0,0,1,1,,,,
33000.0,33000.0,33000.0,0.0,0,0,0,1,0,0,1,1,0,0,0,0,0,0,1,1,0,0.0,0.0,0.0,0.0
28000.0,38000.0,33000.0,0.0,0,0,0,1,0,0,0,1,0,0,0,0,0,0,1,1,0,0.0,0.0,0.0,0.0
27298.166015625,39044.13671875,33171.15234375,3.4,32,0,0,0,0,0,0,1,0,0,0,0,0,0,1,1,1,,,,
27298.166015625,39044.13671875,33171.15234375,2.7,25,0,1,0,0,0,0,0,0,0,0,0,0,0,1,1,1,,,,
27298.166015625,39044.13671875,33171.15234375,3.5,40,0,0,0,0,0,0,1,0,0,0,0,0,0,1,1,1,,,,
27298.166015625,39044.13671875,33171.15234375,3.5,29,0,0,0,0,0,0,1,0,0,0,0,0,0,1,1,1,,,,
27298.166015625,39044.13671875,33171.15234375,3.4,32,0,0,0,0,0,0,1,0,0,0,0,0,0,1,1,1,,,,
27298.166015625,39044.13671875,33171.15234375,3.4,32,0,0,0,0,0,0,1,0,0,0,0,0,0,1,1,1,,,,
27298.166015625,39044.13671875,33171.15234375,3.5,29,0,0,0,0,0,0,1,0,0,0,0,0,0,1,1,1,,,,
27298.166015625,39044.13671875,33171.15234375,3.5,29,0,0,0,0,0,0,1,0,0,0,0,0,0,1,1,1,,,,
27298.166015625,39044.13671875,33171.15234375,3.5,29,0,0,0,0,0,0,1,0,0,0,0,0,0,1,1,1,,,,
27298.166015625,39044.13671875,33171.15234375,3.4,32,0,0,0,0,0,0,1,0,0,0,0,0,0,1,1,1,,,,
27298.166015625,39044.13671875,33171.15234375,3.4,32,0,0,0,0,0,0,1,0,0,0,0,0,0,1,1,1,,,,
27526.560546875,39272.53125,33399.546875,2.6,239,0,0,0,0,0,0,0,0,0,0,0,0,0,1,1,1,,,,
27526.560546875,39272.53125,33399.546875,3.2,517,0,0,0,0,0,0,0,0,0,0,0,0,0,1,1,1,,,,
27526.560546875,39272.53125,33399.546875,3.2,517,0,0,0,0,0,0,0,0,0,0,0,0,0,1,1,1,,,,
27526.560546875,39272.53125,33399.546875,3.2,517,0,0,0,0,0,0,0,0,0,0,0,0,0,1,1,1,,,,
27526.560546875,39272.53125,33399.546875,3.5,820,0,0,0,0,0,0,1,0,0,0,0,0,0,1,1,1,,,,
27526.560546875,39272.53125,33399.546875,2.6,239,0,0,0,0,0,0,0,0,0,0,0,0,0,1,1,1,,,,
27526.560546875,39272.53125,33399.546875,3.2,517,0,0,0,0,0,0,0,0,0,0,0,0,0,1,1,1,,,,
29640.0,37200.0,33420.0,0.0,0,0,0,1,0,0,0,1,0,0,0,0,0,0,1,0,0,0.0,0.0,1.0,0.0
28149.318359375,39895.2890625,34022.3046875,4.7,3,1,0,1,0,0,0,0,0,0,1,0,0,0,1,1,1,,,,
28149.318359375,39895.2890625,34022.3046875,4.7,3,1,0,1,0,0,0,0,0,0,1,0,0,0,1,1,1,,,,
28149.318359375,39895.2890625,34022.3046875,4.7,3,1,0,1,0,0,0,0,0,0,1,0,0,0,1,1,1,,,,
28149.318359375,39895.2890625,34022.3046875,4.7,3,1,0,1,0,0,0,0,0,0,1,0,0,0,1,1,1,,,,
28275.056640625,40021.02734375,34148.04296875,3.1,166,0,0,1,0,0,0,1,0,0,0,0,0,0,1,1,1,,,,
28275.056640625,40021.02734375,34148.04296875,3.0,184,0,0,1,0,0,0,1,0,0,0,0,0,0,1,1,1,,,,
27600.0,40800.0,34200.0,0.0,0,0,0,1,0,0,0,1,0,0,0,0,0,0,1,0,0,0.0,0.0,1.0,0.0
32400.0,36000.0,34200.0,0.0,0,0,0,1,0,0,0,1,0,0,0,0,0,0,1,0,0,0.0,0.0,1.0,0.0
28758.865234375,40504.8359375,34631.8515625,3.0,2,0,0,1,0,0,0,1,0,0,0,0,1,0,0,1,1,,,,
26232.0,43656.0,34944.0,0.0,0,0,0,1,0,0,0,1,0,0,0,0,0,0,1,0,0,0.0,0.0,1.0,0.0
25000.0,45000.0,35000.0,3.0,2,0,0,1,0,0,0,1,0,0,0,0,0,0,1,1,0,0.0,0.0,0.0,0.0
25000.0,45000.0,35000.0,3.0,2,0,0,1,0,0,0,1,0,0,0,0,0,0,1,1,0,0.0,0.0,0.0,0.0
30000.0,40000.0,35000.0,0.0,0,0,0,1,0,0,0,1,0,0,0,0,0,0,1,1,0,0.0,0.0,0.0,0.0
25000.0,45000.0,35000.0,3.0,2,0,0,1,0,0,0,1,0,0,0,0,1,0,0,1,0,0.0,0.0,0.0,0.0
30000.0,40000.0,35000.0,0.0,0,0,0,1,0,0,0,1,0,0,0,0,0,0,1,1,0,0.0,0.0,0.0,0.0
25000.0,45000.0,35000.0,3.0,2,0,0,1,0,0,0,1,0,0,0,0,0,0,1,1,0,0.0,0.0,0.0,0.0
25000.0,45000.0,35000.0,3.0,2,0,0,1,0,0,0,1,0,0,0,0,0,0,1,1,0,0.0,0.0,0.0,0.0
30000.0,40000.0,35000.0,0.0,0,0,0,1,0,0,0,1,0,0,0,0,0,0,1,1,0,0.0,0.0,0.0,0.0
29241.177734375,40987.1484375,35114.1640625,0.0,0,0,0,1,0,0,1,1,0,0,0,0,0,0,1,1,1,,,,
29526.115234375,41272.0859375,35399.1015625,3.0,2,0,0,1,0,0,0,1,0,0,0,1,1,1,0,1,1,,,,
30087.236328125,41833.20703125,35960.22265625,3.4,83,0,0,1,0,0,0,1,0,0,0,0,0,0,1,1,1,,,,
30087.236328125,41833.20703125,35960.22265625,3.4,83,0,0,1,0,0,0,1,0,0,0,0,0,0,1,1,1,,,,
30094.623046875,41840.59375,35967.609375,3.2,33,0,0,0,0,0,0,1,0,0,0,0,1,0,0,1,1,,,,
30094.623046875,41840.59375,35967.609375,3.2,33,0,0,0,0,0,0,1,0,0,0,0,1,0,0,1,1,,,,
30094.623046875,41840.59375,35967.609375,3.4,83,0,0,0,0,0,0,1,0,0,0,0,1,1,0,1,1,,,,
35000.0,37000.0,36000.0,0.0,0,0,0,0,0,0,0,0,0,0,0,0,0,0,1,1,0,0.0,0.0,0.0,0.0
32000.0,40000.0,36000.0,0.0,0,0,0,1,0,0,0,1,0,0,0,0,0,0,1,1,0,0.0,0.0,0.0,0.0
31200.0,40800.0,36000.0,0.0,0,0,0,1,0,0,0,1,0,0,0,0,0,0,1,0,0,0.0,0.0,1.0,0.0
36000.0,36000.0,36000.0,0.0,0,0,1,1,0,0,1,0,0,0,0,0,0,0,1,0,0,0.0,0.0,1.0,0.0
30135.533203125,41881.50390625,36008.51953125,3.1,15,0,0,0,0,0,0,0,0,0,0,0,1,0,0,1,1,,,,
30135.533203125,41881.50390625,36008.51953125,3.1,15,0,0,0,0,0,0,0,0,0,0,0,1,0,0,1,1,,,,
30135.533203125,41881.50390625,36008.51953125,3.1,15,0,0,0,0,0,0,0,0,0,0,0,1,0,0,1,1,,,,
30135.533203125,41881.50390625,36008.51953125,3.1,15,0,0,0,0,0,0,0,0,0,0,0,1,0,0,1,1,,,,
30240.810546875,41986.78125,36113.796875,0.0,0,0,1,1,0,0,1,0,0,0,0,0,0,0,1,1,1,,,,
30700.736328125,42446.70703125,36573.72265625,3.8,17256,0,0,0,0,0,0,1,0,0,0,0,0,0,1,1,1,,,,
30700.736328125,42446.70703125,36573.72265625,3.9,29832,0,0,0,0,0,0,0,0,0,0,0,0,0,1,1,1,,,,
30700.736328125,42446.70703125,36573.72265625,3.9,29832,0,0,0,0,0,0,0,0,0,0,0,0,0,1,1,1,,,,
30700.736328125,42446.70703125,36573.72265625,3.8,17256,0,0,0,0,0,0,1,0,0,0,0,0,0,1,1,1,,,,
30700.736328125,42446.70703125,36573.72265625,3.8,17256,0,0,0,0,0,0,1,0,0,0,0,0,0,1,1,1,,,,
31117.865234375,42863.8359375,36990.8515625,3.8,640,1,0,1,0,0,0,0,1,0,1,0,0,1,0,1,1,,,,
31140.529296875,42886.5,37013.515625,3.9,34,0,0,0,0,0,0,0,0,0,0,0,1,0,0,1,1,,,,
31281.923828125,43027.89453125,37154.91015625,3.6,96,0,0,0,0,0,0,1,0,0,0,0,0,0,1,1,1,,,,
31281.923828125,43027.89453125,37154.91015625,3.6,92,0,0,0,0,0,0,0,0,0,0,0,0,0,1,1,1,,,,
31281.923828125,43027.89453125,37154.91015625,3.6,96,0,0,0,0,0,0,1,0,0,0,0,0,0,1,1,1,,,,
31281.923828125,43027.89453125,37154.91015625,3.6,96,0,0,0,0,0,0,1,0,0,0,0,0,0,1,1,1,,,,
31281.923828125,43027.89453125,37154.91015625,3.6,96,0,0,0,0,0,0,1,0,0,0,0,0,0,1,1,1,,,,
31281.923828125,43027.89453125,37154.91015625,3.6,96,0,0,0,0,0,0,1,0,0,0,0,0,0,1,1,1,,,,
31621.673828125,43367.64453125,37494.66015625,3.8,17256,0,0,0,0,1,0,0,0,0,0,0,0,0,1,1,1,,,,
35000.0,40000.0,37500.0,0.0,0,0,0,0,0,0,0,1,0,0,0,0,0,0,1,1,0,0.0,0.0,0.0,0.0
30000.0,45000.0,37500.0,0.0,0,0,0,1,0,0,0,1,0,0,0,0,0,0,1,1,0,0.0,0.0,0.0,0.0
31639.642578125,43385.61328125,37512.62890625,3.8,24,0,0,0,0,0,0,1,0,0,0,0,0,0,1,1,1,,,,
31639.642578125,43385.61328125,37512.62890625,3.8,24,0,0,0,0,0,0,1,0,0,0,0,0,0,1,1,1,,,,
31639.642578125,43385.61328125,37512.62890625,3.8,36,0,0,0,0,0,0,0,0,0,0,0,0,0,1,1,1,,,,
31639.642578125,43385.61328125,37512.62890625,3.8,24,0,0,0,0,0,0,1,0,0,0,0,0,0,1,1,1,,,,
31639.642578125,43385.61328125,37512.62890625,3.8,24,0,0,0,0,0,0,1,0,0,0,0,0,0,1,1,1,,,,
31639.642578125,43385.61328125,37512.62890625,3.8,24,0,0,0,0,0,0,1,0,0,0,0,0,0,1,1,1,,,,
31639.642578125,43385.61328125,37512.62890625,3.8,24,0,0,0,0,0,0,1,0,0,0,0,0,0,1,1,1,,,,
31639.642578125,43385.61328125,37512.62890625,3.8,36,0,0,0,0,0,0,0,0,0,0,0,0,0,1,1,1,,,,
31639.642578125,43385.61328125,37512.62890625,3.8,24,0,0,0,0,0,0,1,0,0,0,0,0,0,1,1,1,,,,
31639.642578125,43385.61328125,37512.62890625,3.9,32,0,0,0,0,0,0,0,0,0,0,0,0,0,1,1,1,,,,
31639.642578125,43385.61328125,37512.62890625,3.8,24,0,0,0,0,0,0,1,0,0,0,0,0,0,1,1,1,,,,
31639.642578125,43385.61328125,37512.62890625,3.8,24,0,0,0,0,0,0,1,0,0,0,0,0,0,1,1,1,,,,
31639.642578125,43385.61328125,37512.62890625,3.8,36,0,0,0,0,0,0,0,0,0,0,0,0,0,1,1,1,,,,
31639.642578125,43385.61328125,37512.62890625,3.8,24,0,0,0,0,0,0,1,0,0,0,0,0,0,1,1,1,,,,
31639.642578125,43385.61328125,37512.62890625,3.8,24,0,0,0,0,0,0,1,0,0,0,0,0,1,1,1,1,,,,
31639.642578125,43385.61328125,37512.62890625,3.8,24,0,0,0,0,0,0,1,0,0,0,0,0,0,1,1,1,,,,
31639.642578125,43385.61328125,37512.62890625,3.8,24,0,0,0,0,0,0,1,0,0,0,0,0,0,1,1,1,,,,
31639.642578125,43385.61328125,37512.62890625,3.9,29,0,0,0,0,0,0,1,0,0,0,0,0,0,1,1,1,,,,
31868.037109375,43614.0078125,37741.0234375,3.6,854,0,0,0,0,0,0,0,0,0,0,0,0,0,1,1,1,,,,
31868.037109375,43614.0078125,37741.0234375,3.8,2337,0,0,0,0,0,0,1,0,0,0,0,0,0,1,1,1,,,,
31868.037109375,43614.0078125,37741.0234375,3.8,2337,0,0,0,0,0,0,1,0,0,0,0,0,0,1,1,1,,,,
31868.037109375,43614.0078125,37741.0234375,3.6,854,0,0,0,0,0,0,0,0,0,0,0,0,0,1,1,1,,,,
31868.037109375,43614.0078125,37741.0234375,3.8,17018,0,1,0,0,0,0,0,0,0,0,0,0,0,1,1,1,,,,
31868.037109375,43614.0078125,37741.0234375,3.6,854,0,0,0,0,0,0,0,0,0,0,0,0,0,1,1,1,,,,
31868.037109375,43614.0078125,37741.0234375,3.9,252,0,0,0,0,0,0,0,0,0,0,0,0,0,1,1,1,,,,
31868.037109375,43614.0078125,37741.0234375,3.9,252,0,0,0,0,0,0,0,0,0,0,0,0,0,1,1,1,,,,
31868.037109375,43614.0078125,37741.0234375,3.8,526,0,0,0,0,0,0,0,0,0,0,0,0,0,1,1,1,,,,
31868.037109375,43614.0078125,37741.0234375,3.6,796,0,0,0,0,0,0,0,0,0,0,0,0,0,1,1,1,,,,
31868.037109375,43614.0078125,37741.0234375,3.6,854,0,0,0,0,0,0,0,0,0,0,0,0,0,1,1,1,,,,
31868.037109375,43614.0078125,37741.0234375,3.9,249,0,0,0,0,0,0,0,0,0,0,0,0,0,1,1,1,,,,
31868.037109375,43614.0078125,37741.0234375,3.8,260,0,0,0,0,0,0,1,0,0,0,0,0,0,1,1,1,,,,
31868.037109375,43614.0078125,37741.0234375,3.8,2337,0,0,0,0,0,0,0,0,0,0,0,0,0,1,1,1,,,,
31868.037109375,43614.0078125,37741.0234375,3.6,854,0,0,0,0,0,0,0,0,0,0,0,0,0,1,1,1,,,,
31868.037109375,43614.0078125,37741.0234375,3.9,3646,0,0,0,0,0,0,1,0,0,0,0,0,0,1,1,1,,,,
31868.037109375,43614.0078125,37741.0234375,3.6,796,0,0,0,0,0,0,0,0,0,0,0,0,0,1,1,1,,,,
31868.037109375,43614.0078125,37741.0234375,3.6,854,0,0,0,0,0,0,0,0,0,0,0,0,0,1,1,1,,,,
31868.037109375,43614.0078125,37741.0234375,3.8,2337,0,0,0,0,0,0,1,0,0,0,0,0,0,1,1,1,,,,
31947.412109375,43693.3828125,37820.3984375,4.0,1911,1,0,0,0,0,0,0,0,0,1,0,0,1,0,1,1,,,,
31947.412109375,43693.3828125,37820.3984375,3.8,530,1,0,0,0,0,0,0,0,0,1,0,0,1,0,1,1,,,,
32128.060546875,43874.03125,38001.046875,0.0,0,0,0,1,0,1,0,0,0,0,0,0,0,0,1,1,1,,,,
32128.060546875,43874.03125,38001.046875,0.0,0,0,0,1,0,0,0,1,0,0,0,0,0,0,1,1,1,,,,
32128.060546875,43874.03125,38001.046875,0.0,0,0,0,1,0,0,0,1,0,0,0,0,0,0,1,1,1,,,,
32128.060546875,43874.03125,38001.046875,0.0,0,0,0,1,0,0,0,1,0,0,0,0,0,0,1,1,1,,,,
32128.060546875,43874.03125,38001.046875,0.0,0,0,0,1,0,0,0,1,0,0,0,0,0,0,1,1,1,,,,
32128.060546875,43874.03125,38001.046875,0.0,0,0,0,1,0,0,0,1,0,0,0,0,1,0,1,1,1,,,,
32128.060546875,43874.03125,38001.046875,0.0,0,0,0,1,0,0,0,1,0,0,0,0,0,0,1,1,1,,,,
32128.060546875,43874.03125,38001.046875,0.0,0,0,0,1,0,0,0,1,0,0,0,0,0,0,1,1,1,,,,
32128.060546875,43874.03125,38001.046875,0.0,0,0,0,1,0,0,0,1,0,0,0,0,0,0,1,1,1,,,,
32128.060546875,43874.03125,38001.046875,3.0,2,0,0,1,0,0,0,1,0,0,0,0,0,0,1,1,1,,,,
32128.060546875,43874.03125,38001.046875,0.0,0,0,0,1,0,0,0,1,0,0,0,0,0,0,1,1,1,,,,
32128.060546875,43874.03125,38001.046875,3.0,2,0,0,1,0,0,0,1,0,0,0,0,0,0,1,1,1,,,,
32128.060546875,43874.03125,38001.046875,3.0,2,0,0,1,0,0,0,1,0,0,0,0,0,0,1,1,1,,,,
32128.060546875,43874.03125,38001.046875,0.0,0,0,0,1,0,0,0,1,0,0,0,0,0,0,1,1,1,,,,
32128.060546875,43874.03125,38001.046875,0.0,0,1,0,1,0,0,0,0,0,0,0,0,0,0,1,1,1,,,,
32128.060546875,43874.03125,38001.046875,0.0,0,0,0,1,0,0,0,1,0,0,0,0,0,0,1,1,1,,,,
32128.060546875,43874.03125,38001.046875,0.0,0,0,0,1,0,0,0,1,0,0,0,0,0,0,1,1,1,,,,
32128.060546875,43874.03125,38001.046875,0.0,0,0,0,1,0,0,0,1,0,0,0,0,0,0,1,1,1,,,,
32128.060546875,43874.03125,38001.046875,0.0,0,0,0,1,0,0,0,1,0,0,0,0,0,0,1,1,1,,,,
32128.060546875,43874.03125,38001.046875,3.0,2,0,0,1,0,0,0,1,0,0,0,0,0,0,1,1,1,,,,
32128.060546875,43874.03125,38001.046875,0.0,0,0,0,1,0,0,0,1,0,0,0,0,0,0,1,1,1,,,,
32128.060546875,43874.03125,38001.046875,3.0,2,0,0,1,0,0,0,1,0,0,0,0,0,0,1,1,1,,,,
32128.060546875,43874.03125,38001.046875,3.0,2,0,0,1,0,0,0,1,0,0,0,0,0,0,1,1,1,,,,
32128.060546875,43874.03125,38001.046875,0.0,0,0,0,1,0,0,0,1,0,0,0,0,0,0,1,1,1,,,,
32128.060546875,43874.03125,38001.046875,0.0,0,0,0,1,0,0,0,1,0,0,0,0,0,0,1,1,1,,,,
32128.060546875,43874.03125,38001.046875,0.0,0,0,0,1,0,1,0,0,0,0,0,0,0,0,1,1,1,,,,
32128.060546875,43874.03125,38001.046875,3.0,2,0,0,1,0,0,0,1,0,0,0,0,0,0,1,1,1,,,,
32128.060546875,43874.03125,38001.046875,0.0,0,0,0,1,0,0,0,1,0,0,0,0,0,0,1,1,1,,,,
32128.060546875,43874.03125,38001.046875,0.0,0,0,0,1,0,0,0,1,0,0,0,0,0,0,1,1,1,,,,
32128.060546875,43874.03125,38001.046875,0.0,0,0,0,1,0,0,0,1,0,0,0,0,0,0,1,1,1,,,,
32128.060546875,43874.03125,38001.046875,0.0,0,0,0,1,0,0,0,1,0,0,0,0,0,0,1,1,1,,,,
32128.060546875,43874.03125,38001.046875,0.0,0,0,0,1,0,0,0,1,0,0,0,0,0,0,1,1,1,,,,
32128.060546875,43874.03125,38001.046875,0.0,0,0,0,1,0,0,0,1,0,0,0,0,0,0,1,1,1,,,,
32128.060546875,43874.03125,38001.046875,0.0,0,0,0,1,0,0,0,1,0,0,0,0,0,0,1,1,1,,,,
32128.060546875,43874.03125,38001.046875,0.0,0,0,0,1,0,0,0,1,0,0,0,0,0,0,1,1,1,,,,
32128.060546875,43874.03125,38001.046875,0.0,0,0,0,1,0,0,0,1,0,0,0,0,0,0,1,1,1,,,,
32128.060546875,43874.03125,38001.046875,3.0,3,0,0,1,0,0,0,1,0,0,0,0,0,0,1,1,1,,,,
32128.060546875,43874.03125,38001.046875,0.0,0,0,0,1,0,0,0,1,0,0,0,0,0,0,1,1,1,,,,
32128.060546875,43874.03125,38001.046875,0.0,0,0,0,1,0,0,0,1,0,0,0,0,0,0,1,1,1,,,,
32128.060546875,43874.03125,38001.046875,0.0,0,0,0,1,0,0,0,1,0,0,0,0,0,0,1,1,1,,,,
32128.060546875,43874.03125,38001.046875,3.0,2,0,0,1,0,0,0,1,0,0,0,0,0,0,1,1,1,,,,
32128.060546875,43874.03125,38001.046875,0.0,0,0,0,1,0,1,0,0,0,0,0,0,0,0,1,1,1,,,,
32128.060546875,43874.03125,38001.046875,0.0,0,0,0,1,0,0,0,1,0,0,0,0,0,0,1,1,1,,,,
32128.060546875,43874.03125,38001.046875,0.0,0,0,0,1,0,1,0,0,0,0,0,0,0,0,1,1,1,,,,
32128.060546875,43874.03125,38001.046875,0.0,0,0,0,1,0,0,0,1,0,0,0,0,0,0,1,1,1,,,,
32128.060546875,43874.03125,38001.046875,0.0,0,0,0,1,0,0,0,1,0,0,0,0,0,0,1,1,1,,,,
32128.060546875,43874.03125,38001.046875,0.0,0,0,0,1,0,0,0,1,0,0,0,0,0,0,1,1,1,,,,
32128.060546875,43874.03125,38001.046875,3.0,2,0,0,1,0,0,0,1,0,0,0,0,0,0,1,1,1,,,,
32128.060546875,43874.03125,38001.046875,0.0,0,0,0,1,0,0,0,1,0,0,0,0,0,0,1,1,1,,,,
32128.060546875,43874.03125,38001.046875,0.0,0,0,0,1,0,0,0,1,0,0,0,0,0,0,1,1,1,,,,
32128.060546875,43874.03125,38001.046875,0.0,0,0,0,1,0,0,0,1,0,0,0,0,1,0,1,1,1,,,,
32128.060546875,43874.03125,38001.046875,3.0,2,0,0,1,0,0,0,1,0,0,0,0,0,0,1,1,1,,,,
32128.060546875,43874.03125,38001.046875,0.0,0,0,0,1,0,0,0,1,0,0,0,0,0,0,1,1,1,,,,
32128.060546875,43874.03125,38001.046875,0.0,0,0,0,1,0,0,0,1,0,0,0,0,0,0,1,1,1,,,,
32128.060546875,43874.03125,38001.046875,0.0,0,0,0,1,0,0,0,1,0,0,0,0,0,0,1,1,1,,,,
32128.060546875,43874.03125,38001.046875,0.0,0,0,0,1,0,0,0,1,0,0,0,0,0,0,1,1,1,,,,
32128.060546875,43874.03125,38001.046875,0.0,0,0,0,1,0,0,0,1,0,0,0,0,0,0,1,1,1,,,,
32128.060546875,43874.03125,38001.046875,0.0,0,0,0,1,0,0,0,1,0,0,0,0,0,0,1,1,1,,,,
32128.060546875,43874.03125,38001.046875,0.0,0,0,0,1,0,0,0,1,0,0,0,0,0,0,1,1,1,,,,
32128.060546875,43874.03125,38001.046875,0.0,0,0,0,1,0,0,0,1,0,0,0,0,0,0,1,1,1,,,,
32128.060546875,43874.03125,38001.046875,0.0,0,0,0,1,0,0,0,1,0,0,0,0,0,0,1,1,1,,,,
32128.060546875,43874.03125,38001.046875,0.0,0,0,0,1,0,0,0,1,0,0,0,0,0,0,1,1,1,,,,
32128.060546875,43874.03125,38001.046875,0.0,0,0,0,1,0,0,0,1,0,0,0,0,0,0,1,1,1,,,,
32128.060546875,43874.03125,38001.046875,0.0,0,0,0,1,0,0,0,1,0,0,0,0,1,0,1,1,1,,,,
32128.060546875,43874.03125,38001.046875,0.0,0,0,0,1,0,0,0,1,0,0,0,0,0,0,1,1,1,,,,
32128.060546875,43874.03125,38001.046875,3.0,2,0,0,1,0,0,0,1,0,0,0,0,0,0,1,1,1,,,,
32128.060546875,43874.03125,38001.046875,0.0,0,0,0,1,0,0,0,1,0,0,0,0,0,0,1,1,1,,,,
32128.060546875,43874.03125,38001.046875,0.0,0,0,0,1,0,0,0,1,0,0,0,0,0,0,1,1,1,,,,
32128.060546875,43874.03125,38001.046875,0.0,0,0,0,1,0,0,0,1,0,0,0,0,0,0,1,1,1,,,,
32128.060546875,43874.03125,38001.046875,0.0,0,0,0,1,0,0,0,1,0,0,0,0,0,0,1,1,1,,,,
26882.0,49164.0,38023.0,3.0,2,0,0,1,0,0,0,1,0,0,0,0,0,0,1,1,0,0.0,0.0,0.0,0.0
32246.748046875,43992.71875,38119.734375,4.8,4,0,0,0,0,0,0,0,0,0,0,1,1,0,0,1,1,,,,
26911.0,49402.0,38156.5,3.0,2,0,0,1,0,0,0,1,0,0,0,0,0,1,0,1,0,0.0,0.0,0.0,0.0
32560.580078125,44306.55078125,38433.56640625,4.0,55,0,0,0,0,1,0,0,0,0,0,0,0,0,1,1,1,,,,
35000.0,42000.0,38500.0,0.0,0,0,0,0,0,0,0,1,0,0,0,0,0,0,1,1,0,0.0,0.0,0.0,0.0
35000.0,42000.0,38500.0,0.0,0,0,0,1,0,0,0,1,0,0,0,0,0,0,1,1,0,0.0,0.0,0.0,0.0
32760.990234375,44506.9609375,38633.9765625,3.4,83,0,0,1,0,0,0,1,0,0,0,0,1,1,0,1,1,,,,
32760.990234375,44506.9609375,38633.9765625,3.7,29,0,0,1,0,0,0,1,0,0,0,0,1,0,0,1,1,,,,
32997.421875,44743.390625,38870.40625,3.6,19,0,0,0,0,1,0,0,0,0,0,0,1,0,0,1,1,,,,
33043.1875,44789.15625,38916.171875,3.6,19,0,0,0,0,0,0,1,0,0,0,0,1,1,0,1,1,,,,
28515.0,49384.0,38949.5,3.0,2,0,0,1,0,0,0,1,0,0,0,0,0,0,1,1,0,0.0,0.0,0.0,0.0
33171.015625,44916.984375,39044.0,3.3,21,0,0,0,0,0,0,1,0,0,0,0,1,0,0,1,1,,,,
33171.015625,44916.984375,39044.0,3.6,19,0,0,0,0,0,0,1,0,0,0,0,1,0,0,1,1,,,,
33171.015625,44916.984375,39044.0,3.6,19,0,0,0,0,0,0,1,0,0,0,0,1,0,0,1,1,,,,
33171.015625,44916.984375,39044.0,3.6,19,0,0,0,0,0,0,1,0,0,0,0,1,0,0,1,1,,,,
33171.015625,44916.984375,39044.0,3.6,19,0,0,0,0,0,0,1,0,0,0,0,1,0,0,1,1,,,,
33171.015625,44916.984375,39044.0,3.8,5,0,0,0,0,0,0,1,0,0,0,0,1,0,0,1,1,,,,
33171.015625,44916.984375,39044.0,3.6,19,0,0,0,0,0,0,1,0,0,0,0,1,0,0,1,1,,,,
33171.015625,44916.984375,39044.0,3.6,19,0,0,0,0,0,0,1,0,0,0,0,1,0,0,1,1,,,,
33171.015625,44916.984375,39044.0,3.6,19,0,0,0,0,0,0,1,0,0,0,0,1,0,0,1,1,,,,
33171.015625,44916.984375,39044.0,3.6,19,0,0,0,0,0,0,1,0,0,0,0,1,0,0,1,1,,,,
33171.015625,44916.984375,39044.0,3.6,19,0,0,0,0,0,0,1,0,0,0,0,1,0,0,1,1,,,,
33171.015625,44916.984375,39044.0,3.6,19,0,0,0,0,0,0,1,0,0,0,0,1,0,0,1,1,,,,
33171.015625,44916.984375,39044.0,3.6,19,0,0,0,0,0,0,1,0,0,0,0,1,0,0,1,1,,,,
33171.015625,44916.984375,39044.0,3.6,19,0,0,0,0,0,0,1,0,0,0,0,1,0,0,1,1,,,,
33171.015625,44916.984375,39044.0,3.6,19,0,0,0,0,0,0,1,0,0,0,0,1,0,0,1,1,,,,
33171.015625,44916.984375,39044.0,3.6,19,0,0,0,0,0,0,1,0,0,0,0,1,0,0,1,1,,,,
33171.015625,44916.984375,39044.0,3.6,19,0,0,0,0,0,0,1,0,0,0,0,1,0,0,1,1,,,,
33171.015625,44916.984375,39044.0,3.6,19,0,0,0,0,0,0,1,0,0,0,0,1,0,0,1,1,,,,
33701.54296875,45447.51171875,39574.52734375,3.7,173,0,0,1,0,1,0,0,0,0,0,0,0,0,1,1,1,,,,
32595.0,46836.0,39715.5,3.0,2,0,0,1,0,0,0,1,0,0,0,0,0,0,1,1,0,0.0,0.0,0.0,0.0
35000.0,45000.0,40000.0,0.0,0,0,0,1,0,0,0,1,0,0,0,0,0,0,1,1,0,0.0,0.0,0.0,0.0
35000.0,45000.0,40000.0,0.0,0,0,0,1,0,0,0,1,0,0,0,0,0,0,1,1,0,0.0,0.0,0.0,0.0
35000.0,45000.0,40000.0,0.0,0,0,0,1,0,0,0,1,0,0,0,0,0,0,1,1,0,0.0,0.0,0.0,0.0
37000.0,43000.0,40000.0,3.8,17256,0,0,0,0,1,0,0,0,0,0,0,0,0,1,1,0,0.0,0.0,0.0,0.0
40000.0,40000.0,40000.0,0.0,0,0,0,0,0,0,0,0,0,0,0,1,0,0,1,1,0,0.0,0.0,0.0,0.0
35000.0,45000.0,40000.0,0.0,0,0,0,1,0,0,0,1,0,0,0,0,1,0,1,1,0,0.0,0.0,0.0,0.0
35000.0,45000.0,40000.0,5.0,4,0,0,0,0,0,0,0,0,0,0,0,0,0,1,1,0,0.0,0.0,0.0,0.0
35000.0,45000.0,40000.0,0.0,0,0,0,1,0,0,0,1,0,0,0,0,0,0,1,1,0,0.0,0.0,0.0,0.0
37000.0,43000.0,40000.0,3.8,17256,0,0,0,0,0,0,1,0,0,0,0,0,0,1,1,0,0.0,0.0,0.0,0.0
35000.0,45000.0,40000.0,0.0,0,0,0,0,0,0,0,0,0,0,0,0,0,0,1,1,0,0.0,0.0,0.0,0.0
26727.0,53561.0,40144.0,3.0,2,0,0,1,0,0,0,1,0,0,0,0,0,0,1,1,0,0.0,0.0,0.0,0.0
34287.65625,46033.625,40160.640625,3.8,17255,0,0,1,0,0,0,1,0,0,0,0,0,0,1,1,1,,,,
34287.65625,46033.625,40160.640625,3.9,614,0,0,1,0,0,0,1,0,0,0,1,1,0,1,1,1,,,,
34626.14453125,46372.11328125,40499.12890625,3.5,8,0,0,0,0,0,0,0,0,0,0,0,0,0,1,1,1,,,,
34626.14453125,46372.11328125,40499.12890625,3.0,5,0,0,0,0,0,0,0,0,0,0,0,0,0,1,1,1,,,,
34626.14453125,46372.11328125,40499.12890625,3.5,8,0,0,0,0,0,0,0,0,0,0,0,0,0,1,1,1,,,,
34626.14453125,46372.11328125,40499.12890625,3.5,2,1,0,0,0,0,0,0,0,0,0,0,0,0,1,1,1,,,,
34626.14453125,46372.11328125,40499.12890625,3.5,8,0,0,0,0,0,0,0,0,0,0,0,0,0,1,1,1,,,,
34626.14453125,46372.11328125,40499.12890625,3.0,5,0,0,0,0,0,0,0,0,0,0,0,0,0,1,1,1,,,,
34626.14453125,46372.11328125,40499.12890625,3.5,8,0,0,0,0,0,0,0,0,0,0,0,0,0,1,1,1,,,,
34626.14453125,46372.11328125,40499.12890625,3.0,5,0,0,0,0,0,0,0,0,0,0,0,0,0,1,1,1,,,,
34626.14453125,46372.11328125,40499.12890625,3.5,8,0,0,0,0,0,0,0,0,0,0,0,0,0,1,1,1,,,,
34626.14453125,46372.11328125,40499.12890625,3.0,5,0,0,0,0,0,0,0,0,0,0,0,0,0,1,1,1,,,,
34626.14453125,46372.11328125,40499.12890625,3.5,8,0,0,0,0,0,0,0,0,0,0,0,0,0,1,1,1,,,,
34626.14453125,46372.11328125,40499.12890625,3.3,7,0,0,0,0,0,0,0,0,0,0,0,0,0,1,1,1,,,,
34626.14453125,46372.11328125,40499.12890625,3.3,7,0,0,0,0,0,0,0,0,0,0,0,0,0,1,1,1,,,,
34626.14453125,46372.11328125,40499.12890625,3.5,8,0,0,0,0,0,0,0,0,0,0,0,0,0,1,1,1,,,,
34626.14453125,46372.11328125,40499.12890625,3.0,5,0,0,0,0,0,0,0,0,0,0,0,0,0,1,1,1,,,,
30638.0,50557.0,40597.5,3.0,2,0,0,1,0,0,0,1,0,0,0,0,0,0,1,1,0,0.0,0.0,0.0,0.0
34778.7109375,46524.6796875,40651.6953125,0.0,0,0,0,0,0,0,0,0,0,0,0,0,0,0,1,1,1,,,,
34778.7109375,46524.6796875,40651.6953125,0.0,0,0,0,0,0,0,0,0,0,0,0,0,0,0,1,1,1,,,,
34778.7109375,46524.6796875,40651.6953125,0.0,0,0,0,0,0,0,0,0,0,0,0,0,0,0,1,1,1,,,,
34778.7109375,46524.6796875,40651.6953125,0.0,0,0,0,0,0,0,0,0,0,0,0,0,0,0,1,1,1,,,,
34778.7109375,46524.6796875,40651.6953125,0.0,0,0,0,0,0,0,0,0,0,0,0,0,0,0,1,1,1,,,,
34778.7109375,46524.6796875,40651.6953125,0.0,0,0,0,0,0,0,0,0,0,0,0,0,0,0,1,1,1,,,,
34778.7109375,46524.6796875,40651.6953125,0.0,0,0,0,0,0,0,0,0,0,0,0,1,0,0,1,1,1,,,,
34778.7109375,46524.6796875,40651.6953125,0.0,0,0,0,0,0,0,0,0,0,0,0,1,0,0,1,1,1,,,,
34778.7109375,46524.6796875,40651.6953125,0.0,0,0,0,0,0,0,0,0,0,0,0,0,0,0,1,1,1,,,,
34778.7109375,46524.6796875,40651.6953125,0.0,0,0,0,0,0,0,0,0,0,0,0,0,0,0,1,1,1,,,,
34778.7109375,46524.6796875,40651.6953125,0.0,0,0,0,0,0,0,0,0,0,0,0,0,0,0,1,1,1,,,,
34778.7109375,46524.6796875,40651.6953125,0.0,0,0,0,0,0,0,0,0,0,0,0,0,0,0,1,1,1,,,,
34778.7109375,46524.6796875,40651.6953125,0.0,0,0,0,0,0,0,0,0,0,0,0,0,0,0,1,1,1,,,,
34778.7109375,46524.6796875,40651.6953125,0.0,0,0,0,0,0,0,0,0,0,0,0,0,0,0,1,1,1,,,,
34778.7109375,46524.6796875,40651.6953125,0.0,0,0,0,0,0,0,0,0,0,0,0,0,0,0,1,1,1,,,,
34778.7109375,46524.6796875,40651.6953125,0.0,0,0,0,0,0,0,0,0,0,0,0,0,0,0,1,1,1,,,,
34778.7109375,46524.6796875,40651.6953125,0.0,0,0,0,0,0,0,0,0,0,0,0,0,0,0,1,1,1,,,,
34778.7109375,46524.6796875,40651.6953125,0.0,0,0,0,0,0,0,0,0,0,0,0,0,0,0,1,1,1,,,,
34778.7109375,46524.6796875,40651.6953125,0.0,0,0,0,0,0,0,0,0,0,0,0,0,0,0,1,1,1,,,,
34778.7109375,46524.6796875,40651.6953125,0.0,0,0,0,0,0,0,0,0,0,0,0,0,0,0,1,1,1,,,,
34778.7109375,46524.6796875,40651.6953125,0.0,0,0,0,0,0,0,0,0,0,0,0,0,0,0,1,1,1,,,,
34778.7109375,46524.6796875,40651.6953125,0.0,0,0,0,0,0,0,0,0,0,0,0,0,0,0,1,1,1,,,,
34778.7109375,46524.6796875,40651.6953125,0.0,0,0,0,0,0,0,0,0,0,0,0,0,0,0,1,1,1,,,,
34778.7109375,46524.6796875,40651.6953125,0.0,0,0,0,0,0,0,0,0,0,0,0,0,0,0,1,1,1,,,,
34778.7109375,46524.6796875,40651.6953125,0.0,0,0,0,0,0,0,0,0,0,0,0,0,0,0,1,1,1,,,,
34778.7109375,46524.6796875,40651.6953125,0.0,0,0,0,0,0,0,0,0,0,0,0,0,0,0,1,1,1,,,,
34778.7109375,46524.6796875,40651.6953125,0.0,0,0,0,0,0,0,0,0,0,0,0,0,1,0,1,1,1,,,,
34778.7109375,46524.6796875,40651.6953125,0.0,0,0,0,0,0,0,0,0,0,0,0,0,0,0,1,1,1,,,,
34778.7109375,46524.6796875,40651.6953125,0.0,0,0,0,0,0,0,0,0,0,0,0,0,0,0,1,1,1,,,,
34778.7109375,46524.6796875,40651.6953125,0.0,0,0,0,0,0,0,0,0,0,0,0,0,0,0,1,1,1,,,,
34778.7109375,46524.6796875,40651.6953125,0.0,0,0,0,0,0,0,0,0,0,0,0,0,0,0,1,1,1,,,,
34778.7109375,46524.6796875,40651.6953125,0.0,0,0,0,0,0,0,0,0,0,0,0,0,0,0,1,1,1,,,,
34778.7109375,46524.6796875,40651.6953125,0.0,0,0,0,0,0,0,0,0,0,0,0,0,0,0,1,1,1,,,,
34778.7109375,46524.6796875,40651.6953125,0.0,0,0,0,0,0,0,0,0,0,0,0,0,0,0,1,1,1,,,,
34778.7109375,46524.6796875,40651.6953125,0.0,0,0,0,0,0,0,0,0,0,0,0,0,0,0,1,1,1,,,,
34778.7109375,46524.6796875,40651.6953125,0.0,0,0,0,0,0,0,0,0,0,0,0,0,0,0,1,1,1,,,,
34778.7109375,46524.6796875,40651.6953125,0.0,0,0,0,0,0,0,0,0,0,0,0,0,0,0,1,1,1,,,,
34778.7109375,46524.6796875,40651.6953125,0.0,0,0,0,0,0,0,0,0,0,0,0,0,0,0,1,1,1,,,,
34778.7109375,46524.6796875,40651.6953125,0.0,0,0,0,0,0,0,0,0,0,0,0,0,0,0,1,1,1,,,,
34778.7109375,46524.6796875,40651.6953125,0.0,0,0,0,0,0,0,0,0,0,0,0,0,0,0,1,1,1,,,,
34778.7109375,46524.6796875,40651.6953125,0.0,0,0,0,0,0,0,0,0,0,0,0,0,0,0,1,1,1,,,,
34778.7109375,46524.6796875,40651.6953125,0.0,0,0,0,0,0,0,0,0,0,0,0,0,0,0,1,1,1,,,,
34778.7109375,46524.6796875,40651.6953125,0.0,0,0,0,0,0,0,0,0,0,0,0,0,0,0,1,1,1,,,,
34778.7109375,46524.6796875,40651.6953125,0.0,0,0,0,0,0,0,0,0,0,0,0,0,0,0,1,1,1,,,,
34778.7109375,46524.6796875,40651.6953125,0.0,0,0,0,0,0,0,0,0,0,0,0,0,0,0,1,1,1,,,,
34778.7109375,46524.6796875,40651.6953125,0.0,0,0,0,0,0,0,0,0,0,0,0,0,0,0,1,1,1,,,,
34778.7109375,46524.6796875,40651.6953125,0.0,0,0,0,0,0,0,0,0,0,0,0,0,0,0,1,1,1,,,,
34778.7109375,46524.6796875,40651.6953125,0.0,0,0,0,0,0,0,0,0,0,0,0,0,0,0,1,1,1,,,,
34778.7109375,46524.6796875,40651.6953125,0.0,0,0,0,0,0,0,0,0,0,0,0,0,0,0,1,1,1,,,,
34778.7109375,46524.6796875,40651.6953125,0.0,0,0,0,0,0,0,0,0,0,0,0,0,0,0,1,1,1,,,,
34778.7109375,46524.6796875,40651.6953125,0.0,0,0,0,0,0,0,0,0,0,0,0,0,0,0,1,1,1,,,,
34778.7109375,46524.6796875,40651.6953125,0.0,0,0,0,0,0,0,0,0,0,0,0,1,0,0,1,1,1,,,,
34778.7109375,46524.6796875,40651.6953125,0.0,0,0,0,0,0,0,0,0,0,0,0,0,0,0,1,1,1,,,,
34778.7109375,46524.6796875,40651.6953125,0.0,0,0,0,0,0,0,0,0,0,0,0,0,0,0,1,1,1,,,,
34778.7109375,46524.6796875,40651.6953125,0.0,0,0,0,0,0,0,0,0,0,0,0,0,0,0,1,1,1,,,,
34778.7109375,46524.6796875,40651.6953125,0.0,0,0,0,0,0,0,0,0,0,0,0,0,0,0,1,1,1,,,,
34778.7109375,46524.6796875,40651.6953125,0.0,0,0,0,0,0,0,0,0,0,0,0,0,0,0,1,1,1,,,,
34778.7109375,46524.6796875,40651.6953125,0.0,0,0,0,0,0,0,0,0,0,0,0,0,0,0,1,1,1,,,,
34778.7109375,46524.6796875,40651.6953125,0.0,0,0,0,0,0,0,0,0,0,0,0,0,0,0,1,1,1,,,,
34778.7109375,46524.6796875,40651.6953125,0.0,0,0,0,0,0,0,0,0,0,0,0,0,0,0,1,1,1,,,,
34778.7109375,46524.6796875,40651.6953125,0.0,0,0,0,0,0,0,0,0,0,0,0,0,0,0,1,1,1,,,,
34778.7109375,46524.6796875,40651.6953125,0.0,0,0,0,0,0,0,0,0,0,0,0,0,0,0,1,1,1,,,,
34778.7109375,46524.6796875,40651.6953125,0.0,0,0,0,0,0,0,0,0,0,0,0,0,0,0,1,1,1,,,,
34778.7109375,46524.6796875,40651.6953125,0.0,0,0,0,0,0,0,0,0,0,0,0,0,0,0,1,1,1,,,,
34799.7421875,46545.7109375,40672.7265625,1.5,2,0,0,0,0,0,0,1,0,0,0,0,0,0,1,1,1,,,,
34799.7421875,46545.7109375,40672.7265625,2.8,15,0,0,0,0,0,0,1,0,0,0,0,0,0,1,1,1,,,,
34799.7421875,46545.7109375,40672.7265625,3.3,21,0,0,0,0,0,0,1,0,0,0,0,0,0,1,1,1,,,,
34799.7421875,46545.7109375,40672.7265625,2.8,15,0,0,0,0,0,0,1,0,0,0,0,0,0,1,1,1,,,,
34799.7421875,46545.7109375,40672.7265625,3.2,20,0,0,0,0,0,0,1,0,0,0,0,0,0,1,1,1,,,,
34799.7421875,46545.7109375,40672.7265625,2.8,15,0,0,0,0,0,0,1,0,0,0,0,0,0,1,1,1,,,,
34799.7421875,46545.7109375,40672.7265625,3.5,2,0,0,0,0,0,0,1,0,0,0,0,0,0,1,1,1,,,,
34799.7421875,46545.7109375,40672.7265625,2.8,15,0,0,0,0,0,0,1,0,0,0,0,0,0,1,1,1,,,,
34799.7421875,46545.7109375,40672.7265625,3.4,0,0,0,0,0,0,0,1,0,0,0,0,0,0,1,1,1,,,,
34799.7421875,46545.7109375,40672.7265625,3.3,21,0,0,0,0,0,0,1,0,0,0,0,0,0,1,1,1,,,,
34799.7421875,46545.7109375,40672.7265625,2.8,15,0,0,0,0,0,0,1,0,0,0,0,0,0,1,1,1,,,,
34799.7421875,46545.7109375,40672.7265625,3.2,20,0,0,0,0,0,0,1,0,0,0,0,0,0,1,1,1,,,,
34799.7421875,46545.7109375,40672.7265625,2.8,15,0,0,0,0,0,0,1,0,0,0,0,0,0,1,1,1,,,,
34799.7421875,46545.7109375,40672.7265625,2.8,15,0,0,0,0,0,0,1,0,0,0,0,0,0,1,1,1,,,,
34799.7421875,46545.7109375,40672.7265625,2.8,15,0,0,0,0,0,0,1,0,0,0,0,0,0,1,1,1,,,,
34799.7421875,46545.7109375,40672.7265625,2.6,15,0,0,0,0,0,0,1,0,0,0,0,0,0,1,1,1,,,,
34799.7421875,46545.7109375,40672.7265625,3.3,21,0,0,0,0,0,0,1,0,0,0,0,0,0,1,1,1,,,,
34799.7421875,46545.7109375,40672.7265625,3.0,2,0,0,0,0,0,0,1,0,0,0,0,0,0,1,1,1,,,,
34952.30859375,46698.27734375,40825.29296875,0.0,0,0,0,0,0,0,0,1,0,0,0,0,0,0,1,1,1,,,,
34952.30859375,46698.27734375,40825.29296875,0.0,0,0,0,0,0,0,0,1,0,0,0,0,0,0,1,1,1,,,,
34952.30859375,46698.27734375,40825.29296875,0.0,0,0,0,0,0,0,0,1,0,0,0,0,0,0,1,1,1,,,,
34952.30859375,46698.27734375,40825.29296875,0.0,0,0,0,0,0,0,0,1,0,0,0,0,0,0,1,1,1,,,,
34952.30859375,46698.27734375,40825.29296875,0.0,0,0,0,0,0,0,0,1,0,0,0,0,0,0,1,1,1,,,,
34952.30859375,46698.27734375,40825.29296875,0.0,0,0,0,0,0,0,0,1,0,0,0,0,0,0,1,1,1,,,,
34952.30859375,46698.27734375,40825.29296875,0.0,0,0,0,0,0,0,0,1,0,0,0,0,0,0,1,1,1,,,,
34952.30859375,46698.27734375,40825.29296875,0.0,0,0,0,0,0,0,0,1,0,0,0,0,0,0,1,1,1,,,,
34952.30859375,46698.27734375,40825.29296875,0.0,0,0,0,0,0,0,0,1,0,0,0,0,0,0,1,1,1,,,,
34952.30859375,46698.27734375,40825.29296875,0.0,0,0,0,0,0,0,0,1,0,0,0,0,0,0,1,1,1,,,,
34952.30859375,46698.27734375,40825.29296875,0.0,0,0,0,0,0,0,0,1,0,0,0,0,0,0,1,1,1,,,,
34952.30859375,46698.27734375,40825.29296875,0.0,0,0,0,0,0,0,0,1,0,0,0,0,0,0,1,1,1,,,,
34952.30859375,46698.27734375,40825.29296875,0.0,0,0,0,0,0,0,0,1,0,0,0,0,0,0,1,1,1,,,,
34952.30859375,46698.27734375,40825.29296875,0.0,0,0,0,0,0,0,0,1,0,0,0,0,0,0,1,1,1,,,,
34952.30859375,46698.27734375,40825.29296875,0.0,0,0,0,0,0,0,0,1,0,0,0,0,0,0,1,1,1,,,,
34952.30859375,46698.27734375,40825.29296875,0.0,0,0,0,0,0,0,0,1,0,0,0,0,0,0,1,1,1,,,,
34952.30859375,46698.27734375,40825.29296875,0.0,0,0,0,0,0,0,0,1,0,0,0,0,0,0,1,1,1,,,,
34952.30859375,46698.27734375,40825.29296875,0.0,0,0,0,0,0,0,0,1,0,0,0,0,0,0,1,1,1,,,,
34952.30859375,46698.27734375,40825.29296875,0.0,0,0,0,0,0,0,0,1,0,0,0,0,0,0,1,1,1,,,,
34952.30859375,46698.27734375,40825.29296875,0.0,0,0,0,0,0,0,0,1,0,0,0,0,0,0,1,1,1,,,,
34952.30859375,46698.27734375,40825.29296875,0.0,0,0,0,0,0,0,0,1,0,0,0,0,0,0,1,1,1,,,,
34952.30859375,46698.27734375,40825.29296875,0.0,0,0,0,0,0,0,0,1,0,0,0,0,0,0,1,1,1,,,,
34952.30859375,46698.27734375,40825.29296875,0.0,0,0,0,0,0,0,0,1,0,0,0,0,0,0,1,1,1,,,,
34952.30859375,46698.27734375,40825.29296875,0.0,0,0,0,0,0,0,0,1,0,0,0,0,0,0,1,1,1,,,,
34952.30859375,46698.27734375,40825.29296875,0.0,0,0,0,0,0,0,0,1,0,0,0,0,0,0,1,1,1,,,,
34952.30859375,46698.27734375,40825.29296875,0.0,0,0,0,0,0,0,0,1,0,0,0,0,0,0,1,1,1,,,,
34952.30859375,46698.27734375,40825.29296875,0.0,0,0,0,0,0,0,0,1,0,0,0,0,0,0,1,1,1,,,,
34952.30859375,46698.27734375,40825.29296875,0.0,0,0,0,0,0,0,0,1,0,0,0,0,0,0,1,1,1,,,,
34952.30859375,46698.27734375,40825.29296875,0.0,0,0,0,0,0,0,0,1,0,0,0,0,0,0,1,1,1,,,,
34952.30859375,46698.27734375,40825.29296875,0.0,0,0,0,0,0,0,0,1,0,0,0,0,0,0,1,1,1,,,,
34952.30859375,46698.27734375,40825.29296875,0.0,0,0,0,0,0,0,0,1,0,0,0,0,0,0,1,1,1,,,,
34952.30859375,46698.27734375,40825.29296875,0.0,0,0,0,0,0,0,0,1,0,0,0,0,0,0,1,1,1,,,,
34952.30859375,46698.27734375,40825.29296875,0.0,0,0,0,0,0,0,0,1,0,0,0,0,0,0,1,1,1,,,,
34952.30859375,46698.27734375,40825.29296875,0.0,0,0,0,0,0,0,0,1,0,0,0,0,0,0,1,1,1,,,,
34952.30859375,46698.27734375,40825.29296875,0.0,0,0,0,0,0,1,0,1,0,0,0,0,0,0,1,1,1,,,,
34952.30859375,46698.27734375,40825.29296875,0.0,0,0,0,0,0,0,0,1,0,0,0,0,0,0,1,1,1,,,,
34952.30859375,46698.27734375,40825.29296875,0.0,0,0,0,0,0,0,0,1,0,0,0,0,0,0,1,1,1,,,,
34952.30859375,46698.27734375,40825.29296875,0.0,0,0,0,0,0,0,0,1,0,0,0,0,0,0,1,1,1,,,,
34952.30859375,46698.27734375,40825.29296875,0.0,0,0,0,0,0,0,0,1,0,0,0,0,0,0,1,1,1,,,,
34952.30859375,46698.27734375,40825.29296875,0.0,0,0,0,0,0,0,0,1,0,0,0,0,0,0,1,1,1,,,,
34952.30859375,46698.27734375,40825.29296875,0.0,0,0,0,0,0,0,0,1,0,0,0,0,0,0,1,1,1,,,,
34952.30859375,46698.27734375,40825.29296875,0.0,0,0,0,0,0,0,0,1,0,0,0,0,0,0,1,1,1,,,,
34952.30859375,46698.27734375,40825.29296875,0.0,0,0,0,0,0,0,0,1,0,0,0,1,0,0,1,1,1,,,,
34952.30859375,46698.27734375,40825.29296875,0.0,0,0,0,0,0,0,0,1,0,0,0,0,0,0,1,1,1,,,,
34952.30859375,46698.27734375,40825.29296875,0.0,0,0,0,0,0,0,0,1,0,0,0,0,0,0,1,1,1,,,,
34952.30859375,46698.27734375,40825.29296875,0.0,0,0,0,0,0,0,0,1,0,0,0,0,0,0,1,1,1,,,,
34952.30859375,46698.27734375,40825.29296875,0.0,0,0,0,0,0,0,0,1,0,0,0,0,0,0,1,1,1,,,,
34952.30859375,46698.27734375,40825.29296875,0.0,0,0,0,0,0,0,0,1,0,0,0,0,0,0,1,1,1,,,,
34952.30859375,46698.27734375,40825.29296875,0.0,0,0,0,0,0,0,0,1,0,0,0,0,0,0,1,1,1,,,,
34952.30859375,46698.27734375,40825.29296875,0.0,0,0,0,0,0,0,0,1,0,0,0,0,0,0,1,1,1,,,,
34952.30859375,46698.27734375,40825.29296875,0.0,0,0,0,0,0,1,0,1,0,0,0,0,0,0,1,1,1,,,,
34952.30859375,46698.27734375,40825.29296875,0.0,0,0,0,0,0,0,0,1,0,0,0,0,0,0,1,1,1,,,,
34952.30859375,46698.27734375,40825.29296875,0.0,0,0,0,0,0,0,0,1,0,0,0,0,0,0,1,1,1,,,,
34952.30859375,46698.27734375,40825.29296875,0.0,0,0,0,0,0,0,0,1,0,0,0,0,0,0,1,1,1,,,,
34952.30859375,46698.27734375,40825.29296875,0.0,0,0,0,0,0,0,0,1,0,0,0,0,0,0,1,1,1,,,,
34952.30859375,46698.27734375,40825.29296875,0.0,0,0,0,0,0,0,0,1,0,0,0,0,0,0,1,1,1,,,,
34952.30859375,46698.27734375,40825.29296875,0.0,0,0,0,0,0,0,0,1,0,0,0,0,0,0,1,1,1,,,,
34952.30859375,46698.27734375,40825.29296875,0.0,0,0,0,0,0,0,0,1,0,0,0,0,0,0,1,1,1,,,,
34952.30859375,46698.27734375,40825.29296875,0.0,0,0,0,0,0,0,0,1,0,0,0,0,0,0,1,1,1,,,,
34952.30859375,46698.27734375,40825.29296875,0.0,0,0,0,0,0,0,0,1,0,0,0,0,0,0,1,1,1,,,,
34952.30859375,46698.27734375,40825.29296875,0.0,0,0,0,0,0,0,0,1,0,0,0,0,0,0,1,1,1,,,,
34952.30859375,46698.27734375,40825.29296875,0.0,0,0,0,0,0,0,0,1,0,0,0,0,0,0,1,1,1,,,,
34952.30859375,46698.27734375,40825.29296875,0.0,0,0,0,0,0,0,0,1,0,0,0,0,0,0,1,1,1,,,,
34952.30859375,46698.27734375,40825.29296875,0.0,0,0,0,0,0,0,0,1,0,0,0,0,0,0,1,1,1,,,,
34952.30859375,46698.27734375,40825.29296875,0.0,0,0,0,0,0,0,0,1,0,0,0,0,0,0,1,1,1,,,,
34952.30859375,46698.27734375,40825.29296875,0.0,0,0,0,0,0,0,0,1,0,0,0,0,0,0,1,1,1,,,,
34952.30859375,46698.27734375,40825.29296875,0.0,0,0,0,0,0,0,0,1,0,0,0,0,0,0,1,1,1,,,,
34952.30859375,46698.27734375,40825.29296875,0.0,0,0,0,0,0,0,0,1,0,0,0,0,0,0,1,1,1,,,,
34952.30859375,46698.27734375,40825.29296875,0.0,0,0,0,0,0,0,0,1,0,0,0,0,0,0,1,1,1,,,,
34952.30859375,46698.27734375,40825.29296875,0.0,0,0,0,0,0,0,0,1,0,0,0,0,0,0,1,1,1,,,,
34952.30859375,46698.27734375,40825.29296875,0.0,0,0,0,0,0,0,0,1,0,0,0,0,0,0,1,1,1,,,,
34952.30859375,46698.27734375,40825.29296875,0.0,0,0,0,0,0,0,0,1,0,0,0,0,0,0,1,1,1,,,,
34952.30859375,46698.27734375,40825.29296875,0.0,0,0,0,0,0,0,0,1,0,0,0,0,0,0,1,1,1,,,,
34952.30859375,46698.27734375,40825.29296875,0.0,0,0,0,0,0,0,0,1,0,0,0,0,0,0,1,1,1,,,,
34952.30859375,46698.27734375,40825.29296875,0.0,0,0,0,0,0,0,0,1,0,0,0,0,0,0,1,1,1,,,,
34952.30859375,46698.27734375,40825.29296875,0.0,0,0,0,0,0,0,0,1,0,0,0,0,0,0,1,1,1,,,,
34952.30859375,46698.27734375,40825.29296875,0.0,0,0,0,0,0,0,0,1,0,0,0,0,0,0,1,1,1,,,,
34952.30859375,46698.27734375,40825.29296875,0.0,0,0,0,0,0,0,0,1,0,0,0,0,0,0,1,1,1,,,,
34952.30859375,46698.27734375,40825.29296875,0.0,0,0,0,0,0,0,0,1,0,0,0,0,0,0,1,1,1,,,,
34952.30859375,46698.27734375,40825.29296875,0.0,0,0,0,0,0,0,0,1,0,0,0,0,0,0,1,1,1,,,,
34952.30859375,46698.27734375,40825.29296875,0.0,0,0,0,0,0,0,0,1,0,0,0,0,0,0,1,1,1,,,,
34952.30859375,46698.27734375,40825.29296875,0.0,0,0,0,0,0,0,0,1,0,0,0,0,0,0,1,1,1,,,,
34952.30859375,46698.27734375,40825.29296875,0.0,0,0,0,0,0,0,0,1,0,0,0,0,0,0,1,1,1,,,,
34952.30859375,46698.27734375,40825.29296875,0.0,0,0,0,0,0,0,0,1,0,0,0,0,0,0,1,1,1,,,,
34952.30859375,46698.27734375,40825.29296875,0.0,0,0,0,0,0,0,0,1,0,0,0,0,0,0,1,1,1,,,,
34952.30859375,46698.27734375,40825.29296875,0.0,0,0,0,0,0,0,0,1,0,0,0,0,0,0,1,1,1,,,,
34952.30859375,46698.27734375,40825.29296875,0.0,0,0,0,0,0,0,0,1,0,0,0,0,0,0,1,1,1,,,,
34952.30859375,46698.27734375,40825.29296875,0.0,0,0,0,0,0,0,0,1,0,0,0,0,0,0,1,1,1,,,,
34952.30859375,46698.27734375,40825.29296875,0.0,0,0,0,0,0,0,0,1,0,0,0,0,0,0,1,1,1,,,,
34952.30859375,46698.27734375,40825.29296875,0.0,0,0,0,0,0,0,0,1,0,0,0,0,0,0,1,1,1,,,,
34952.30859375,46698.27734375,40825.29296875,0.0,0,0,0,0,0,0,0,1,0,0,0,0,0,0,1,1,1,,,,
34952.30859375,46698.27734375,40825.29296875,0.0,0,0,0,0,0,0,0,1,0,0,0,0,0,0,1,1,1,,,,
34952.30859375,46698.27734375,40825.29296875,0.0,0,0,0,0,0,0,0,1,0,0,0,0,0,0,1,1,1,,,,
34952.30859375,46698.27734375,40825.29296875,0.0,0,0,0,0,0,0,0,1,0,0,0,0,0,0,1,1,1,,,,
34952.30859375,46698.27734375,40825.29296875,0.0,0,0,0,0,0,0,0,1,0,0,0,0,0,0,1,1,1,,,,
34952.30859375,46698.27734375,40825.29296875,0.0,0,0,0,0,0,0,0,1,0,0,0,0,0,0,1,1,1,,,,
34952.30859375,46698.27734375,40825.29296875,0.0,0,0,0,0,0,0,0,1,0,0,0,0,0,0,1,1,1,,,,
34952.30859375,46698.27734375,40825.29296875,0.0,0,0,0,0,0,1,0,1,0,0,0,0,0,0,1,1,1,,,,
34952.30859375,46698.27734375,40825.29296875,0.0,0,0,0,0,0,0,0,1,0,0,0,0,0,0,1,1,1,,,,
34952.30859375,46698.27734375,40825.29296875,0.0,0,0,0,0,0,0,0,1,0,0,0,0,0,0,1,1,1,,,,
34952.30859375,46698.27734375,40825.29296875,0.0,0,0,0,0,0,0,0,1,0,0,0,0,0,0,1,1,1,,,,
34952.30859375,46698.27734375,40825.29296875,0.0,0,0,0,0,0,0,0,1,0,0,0,0,0,0,1,1,1,,,,
34952.30859375,46698.27734375,40825.29296875,0.0,0,0,0,0,0,0,0,1,0,0,0,0,0,0,1,1,1,,,,
34952.30859375,46698.27734375,40825.29296875,0.0,0,0,0,0,0,0,0,1,0,0,0,1,0,0,1,1,1,,,,
34952.30859375,46698.27734375,40825.29296875,0.0,0,0,0,0,0,0,0,1,0,0,0,1,0,0,1,1,1,,,,
34952.30859375,46698.27734375,40825.29296875,0.0,0,0,0,0,0,0,0,1,0,0,0,0,0,0,1,1,1,,,,
34952.30859375,46698.27734375,40825.29296875,0.0,0,0,0,0,0,0,0,1,0,0,0,0,0,0,1,1,1,,,,
34952.30859375,46698.27734375,40825.29296875,0.0,0,0,0,0,0,0,0,1,0,0,0,0,0,0,1,1,1,,,,
34952.30859375,46698.27734375,40825.29296875,0.0,0,0,0,0,0,0,0,1,0,0,0,0,0,0,1,1,1,,,,
34952.30859375,46698.27734375,40825.29296875,0.0,0,0,0,0,0,0,0,1,0,0,0,0,0,0,1,1,1,,,,
34952.30859375,46698.27734375,40825.29296875,0.0,0,0,0,0,0,0,0,1,0,0,0,0,0,0,1,1,1,,,,
34952.30859375,46698.27734375,40825.29296875,0.0,0,0,0,0,0,0,0,1,0,0,0,0,0,0,1,1,1,,,,
34952.30859375,46698.27734375,40825.29296875,0.0,0,0,0,0,0,0,0,1,0,0,0,0,0,0,1,1,1,,,,
34952.30859375,46698.27734375,40825.29296875,0.0,0,0,0,0,0,0,0,1,0,0,0,0,0,0,1,1,1,,,,
34952.30859375,46698.27734375,40825.29296875,0.0,0,0,0,0,0,1,0,1,0,0,0,1,0,0,1,1,1,,,,
34952.30859375,46698.27734375,40825.29296875,0.0,0,0,0,0,0,0,0,1,0,0,0,0,0,0,1,1,1,,,,
34952.30859375,46698.27734375,40825.29296875,0.0,0,0,0,0,0,0,0,1,0,0,0,0,0,0,1,1,1,,,,
34952.30859375,46698.27734375,40825.29296875,0.0,0,0,0,0,0,0,0,1,0,0,0,0,0,0,1,1,1,,,,
34952.30859375,46698.27734375,40825.29296875,0.0,0,0,0,0,0,0,0,1,0,0,0,0,0,0,1,1,1,,,,
34952.30859375,46698.27734375,40825.29296875,0.0,0,0,0,0,0,0,0,1,0,0,0,0,0,0,1,1,1,,,,
34952.30859375,46698.27734375,40825.29296875,0.0,0,0,0,0,0,0,0,1,0,0,0,0,0,0,1,1,1,,,,
34952.30859375,46698.27734375,40825.29296875,0.0,0,0,0,0,0,0,0,1,0,0,0,0,0,0,1,1,1,,,,
34952.30859375,46698.27734375,40825.29296875,0.0,0,0,0,0,0,0,0,1,0,0,0,0,0,0,1,1,1,,,,
34952.30859375,46698.27734375,40825.29296875,0.0,0,0,0,0,0,0,0,1,0,0,0,0,0,0,1,1,1,,,,
34952.30859375,46698.27734375,40825.29296875,0.0,0,0,0,0,0,0,0,1,0,0,0,0,0,0,1,1,1,,,,
34952.30859375,46698.27734375,40825.29296875,0.0,0,0,0,0,0,0,0,1,0,0,0,0,0,0,1,1,1,,,,
34952.30859375,46698.27734375,40825.29296875,0.0,0,0,0,0,0,0,0,1,0,0,0,0,0,0,1,1,1,,,,
34952.30859375,46698.27734375,40825.29296875,0.0,0,0,0,0,0,1,0,1,0,0,0,1,0,0,1,1,1,,,,
34952.30859375,46698.27734375,40825.29296875,0.0,0,0,0,0,0,0,0,1,0,0,0,0,0,0,1,1,1,,,,
35075.39453125,46821.36328125,40948.37890625,3.7,3,0,0,1,0,0,0,1,0,0,0,0,0,0,1,1,1,,,,
32000.0,50000.0,41000.0,3.3,21,0,0,0,0,0,0,1,0,0,0,0,0,0,1,1,0,0.0,0.0,0.0,0.0
32000.0,50000.0,41000.0,3.3,21,0,0,0,0,0,0,1,0,0,0,0,0,0,1,1,0,0.0,0.0,0.0,0.0
32000.0,50000.0,41000.0,3.3,21,0,0,0,0,0,0,1,0,0,0,0,0,0,1,1,0,0.0,0.0,0.0,0.0
32000.0,50000.0,41000.0,3.3,21,0,0,0,0,0,0,1,0,0,0,0,1,0,0,1,0,0.0,0.0,0.0,0.0
35500.0,46836.0,41168.0,0.0,0,0,0,1,0,0,0,1,0,0,0,0,0,0,1,1,0,0.0,0.0,0.0,0.0
35442.5703125,47188.5390625,41315.5546875,3.7,16,0,0,0,0,0,0,0,0,0,0,0,0,0,1,1,1,,,,
35442.5703125,47188.5390625,41315.5546875,3.8,5,0,0,0,0,0,0,0,0,0,0,0,0,0,1,1,1,,,,
35442.5703125,47188.5390625,41315.5546875,3.7,16,0,0,0,0,0,0,0,0,0,0,0,0,0,1,1,1,,,,
35442.5703125,47188.5390625,41315.5546875,3.9,8,0,0,0,0,0,0,0,0,0,0,1,0,0,1,1,1,,,,
35442.5703125,47188.5390625,41315.5546875,3.7,16,0,0,0,0,0,0,0,0,0,0,0,0,0,1,1,1,,,,
31447.0,51210.0,41328.5,3.0,2,0,0,1,0,0,0,1,0,0,0,0,0,0,1,1,0,0.0,0.0,0.0,0.0
35488.3359375,47234.3046875,41361.3203125,3.6,19,0,0,0,0,0,0,1,0,0,0,0,1,1,1,1,1,,,,
35488.3359375,47234.3046875,41361.3203125,3.7,20,0,0,0,0,0,0,1,0,0,0,0,0,1,1,1,1,,,,
28090.0,54693.0,41391.5,3.0,2,0,0,1,0,0,0,1,0,0,0,1,1,1,0,1,0,0.0,0.0,0.0,0.0
35616.16796875,47362.13671875,41489.15234375,3.7,3,0,0,0,0,0,0,1,0,0,0,0,0,0,1,1,1,,,,
35616.16796875,47362.13671875,41489.15234375,3.7,3,0,0,0,0,0,0,1,0,0,0,0,0,0,1,1,1,,,,
35616.16796875,47362.13671875,41489.15234375,3.6,20,0,0,0,0,0,0,1,0,0,0,0,0,0,1,1,1,,,,
35616.16796875,47362.13671875,41489.15234375,3.6,19,0,0,0,0,0,0,1,0,0,0,0,0,0,1,1,1,,,,
35616.16796875,47362.13671875,41489.15234375,3.7,3,0,0,0,0,0,0,1,0,0,0,0,0,0,1,1,1,,,,
35616.16796875,47362.13671875,41489.15234375,3.7,3,0,0,0,0,0,0,1,0,0,0,0,0,0,1,1,1,,,,
35616.16796875,47362.13671875,41489.15234375,3.7,3,0,0,0,0,0,0,1,0,0,0,0,0,0,1,1,1,,,,
35827.07421875,47573.04296875,41700.05859375,4.6,41,0,0,0,0,0,0,0,0,0,0,0,0,0,1,1,1,,,,
36055.46875,47801.4375,41928.453125,4.1,2483,0,0,0,0,0,0,1,0,0,0,0,0,0,1,1,1,,,,
36055.46875,47801.4375,41928.453125,4.1,2483,0,0,0,0,0,0,1,0,0,0,0,0,0,1,1,1,,,,
36055.46875,47801.4375,41928.453125,4.1,2479,0,0,0,0,0,0,1,0,0,0,0,0,0,1,1,1,,,,
36055.46875,47801.4375,41928.453125,4.1,2479,0,0,0,0,0,0,1,0,0,0,0,0,0,1,1,1,,,,
36055.46875,47801.4375,41928.453125,4.1,2483,0,0,0,0,0,0,1,0,0,0,0,0,0,1,1,1,,,,
36055.46875,47801.4375,41928.453125,4.1,297,0,0,0,0,0,0,1,0,0,0,0,0,0,1,1,1,,,,
36055.46875,47801.4375,41928.453125,4.1,2483,0,0,0,0,0,0,1,0,0,0,0,0,1,1,1,1,,,,
36055.46875,47801.4375,41928.453125,4.1,2483,0,0,0,0,0,0,1,0,0,0,0,0,0,1,1,1,,,,
36000.0,48000.0,42000.0,3.8,17256,0,0,0,0,0,0,1,0,0,0,0,0,0,1,1,0,0.0,0.0,0.0,0.0
40000.0,45000.0,42500.0,0.0,0,0,0,0,0,0,0,0,0,0,0,0,0,0,1,1,0,0.0,0.0,0.0,0.0
40000.0,45000.0,42500.0,0.0,0,0,0,0,0,0,0,1,0,0,0,0,0,0,1,1,0,0.0,0.0,0.0,0.0
40000.0,45000.0,42500.0,3.8,17255,0,0,1,0,0,0,1,0,0,0,0,0,0,1,1,0,0.0,0.0,0.0,0.0
40000.0,45000.0,42500.0,3.9,29,0,0,0,0,0,0,1,0,0,0,0,0,0,1,1,0,0.0,0.0,0.0,0.0
40000.0,45000.0,42500.0,0.0,0,0,0,0,0,0,0,1,0,0,0,0,0,0,1,1,0,0.0,0.0,0.0,0.0
36696.95703125,48442.92578125,42569.94140625,2.6,237,0,0,0,0,0,0,0,0,0,0,0,0,1,0,1,1,,,,
36696.95703125,48442.92578125,42569.94140625,3.4,320,0,1,0,0,0,0,0,0,0,0,0,0,1,0,1,1,,,,
36696.95703125,48442.92578125,42569.94140625,3.4,83,0,0,0,0,0,0,1,0,0,0,0,0,1,0,1,1,,,,
36000.0,50000.0,43000.0,0.0,0,0,0,0,0,0,0,1,0,0,0,0,0,0,1,1,0,0.0,0.0,0.0,0.0
37742.859375,49488.828125,43615.84375,3.8,14074,0,1,0,0,0,0,0,0,0,0,0,0,1,0,1,1,,,,
37742.859375,49488.828125,43615.84375,3.6,96,0,0,0,0,0,0,1,0,0,0,0,0,1,0,1,1,,,,
37742.859375,49488.828125,43615.84375,3.6,96,0,0,0,0,0,0,1,0,0,0,0,0,1,0,1,1,,,,
37742.859375,49488.828125,43615.84375,3.6,96,0,0,0,0,0,0,1,0,0,0,0,0,1,0,1,1,,,,
37863.19140625,49609.16015625,43736.17578125,4.7,3,0,0,0,0,0,0,0,0,0,0,0,0,0,1,1,1,,,,
37863.19140625,49609.16015625,43736.17578125,5.0,3,0,0,0,0,0,0,0,0,0,0,0,0,0,1,1,1,,,,
37863.19140625,49609.16015625,43736.17578125,5.0,4,0,0,0,0,0,0,0,0,0,0,0,0,0,1,1,1,,,,
37863.19140625,49609.16015625,43736.17578125,5.0,2,0,0,0,0,0,0,0,0,0,0,0,0,0,1,1,1,,,,
37863.19140625,49609.16015625,43736.17578125,5.0,2,0,0,0,0,0,0,0,0,0,0,0,0,0,1,1,1,,,,
37863.19140625,49609.16015625,43736.17578125,4.7,3,0,0,0,0,0,0,0,0,0,0,0,0,0,1,1,1,,,,
37863.19140625,49609.16015625,43736.17578125,4.7,3,0,0,0,0,0,0,0,0,0,0,0,0,0,1,1,1,,,,
37863.19140625,49609.16015625,43736.17578125,4.8,4,0,0,0,0,0,0,0,0,0,0,0,0,0,1,1,1,,,,
37863.19140625,49609.16015625,43736.17578125,4.7,3,0,0,0,0,0,0,0,0,0,0,0,0,0,1,1,1,,,,
37863.19140625,49609.16015625,43736.17578125,4.8,4,0,0,0,0,0,0,0,0,0,0,0,0,0,1,1,1,,,,
37863.19140625,49609.16015625,43736.17578125,5.0,2,0,0,0,0,0,0,0,0,0,0,0,0,0,1,1,1,,,,
37863.19140625,49609.16015625,43736.17578125,4.7,3,0,0,0,0,0,0,0,0,0,0,0,0,0,1,1,1,,,,
37863.19140625,49609.16015625,43736.17578125,4.7,3,0,0,0,0,0,0,0,0,0,0,0,0,0,1,1,1,,,,
37863.19140625,49609.16015625,43736.17578125,4.8,4,0,0,0,0,0,0,0,0,0,0,0,0,0,1,1,1,,,,
37863.19140625,49609.16015625,43736.17578125,4.7,3,0,0,0,0,0,0,0,0,0,0,0,0,0,1,1,1,,,,
37863.19140625,49609.16015625,43736.17578125,5.0,2,0,0,0,0,0,0,0,0,0,0,0,0,0,1,1,1,,,,
37863.19140625,49609.16015625,43736.17578125,4.7,3,0,0,0,0,0,0,0,0,0,0,0,0,0,1,1,1,,,,
38036.7890625,49782.7578125,43909.7734375,5.0,4,0,0,0,0,0,0,1,0,0,0,0,0,0,1,1,1,,,,
38036.7890625,49782.7578125,43909.7734375,5.0,4,0,0,0,0,0,0,1,0,0,0,0,0,0,1,1,1,,,,
38036.7890625,49782.7578125,43909.7734375,5.0,4,0,0,0,0,0,0,1,0,0,0,0,0,0,1,1,1,,,,
38036.7890625,49782.7578125,43909.7734375,5.0,4,0,0,0,0,0,0,1,0,0,0,0,0,0,1,1,1,,,,
38036.7890625,49782.7578125,43909.7734375,5.0,4,0,0,0,0,0,0,1,0,0,0,0,0,0,1,1,1,,,,
38036.7890625,49782.7578125,43909.7734375,5.0,4,0,0,0,0,0,0,1,0,0,0,0,0,0,1,1,1,,,,
38036.7890625,49782.7578125,43909.7734375,4.8,4,0,0,0,0,0,0,1,0,0,0,0,0,0,1,1,1,,,,
38498.1484375,50244.1171875,44371.1328125,3.0,2,0,0,1,0,0,0,1,0,0,0,0,0,1,0,1,1,,,,
38613.859375,50359.828125,44486.84375,4.5,2,0,0,0,0,0,0,0,0,0,0,0,0,0,1,1,1,,,,
38613.859375,50359.828125,44486.84375,4.5,2,0,0,0,0,0,0,0,0,0,0,0,0,0,1,1,1,,,,
38613.859375,50359.828125,44486.84375,4.3,4,0,0,0,0,0,0,0,0,0,0,0,0,0,1,1,1,,,,
38613.859375,50359.828125,44486.84375,4.3,4,0,0,0,0,0,0,0,0,0,0,0,0,0,1,1,1,,,,
38663.796875,50409.765625,44536.78125,3.6,96,0,0,0,0,1,0,0,0,0,0,0,0,1,0,1,1,,,,
38666.37890625,50412.34765625,44539.36328125,4.2,14,0,0,1,0,1,0,0,0,0,0,1,0,0,1,1,1,,,,
38666.37890625,50412.34765625,44539.36328125,4.8,4,0,0,1,0,0,0,1,0,0,0,0,0,0,1,1,1,,,,
38666.37890625,50412.34765625,44539.36328125,4.8,4,0,0,1,0,0,0,1,0,0,0,0,0,0,1,1,1,,,,
38666.37890625,50412.34765625,44539.36328125,4.8,4,0,0,1,0,0,0,1,0,0,0,0,0,0,1,1,1,,,,
38666.37890625,50412.34765625,44539.36328125,4.4,5,0,0,1,0,0,0,1,0,0,0,0,0,0,1,1,1,,,,
38666.37890625,50412.34765625,44539.36328125,4.4,5,0,0,1,0,0,0,1,0,0,0,0,0,0,1,1,1,,,,
38666.37890625,50412.34765625,44539.36328125,4.4,5,0,0,1,0,0,0,1,0,0,0,0,0,0,1,1,1,,,,
38666.37890625,50412.34765625,44539.36328125,4.8,4,0,0,1,0,0,0,1,0,0,0,0,0,0,1,1,1,,,,
38688.93359375,50434.90234375,44561.91796875,3.5,40,0,0,0,0,0,0,0,0,0,0,1,0,0,0,1,1,,,,
38721.25,50467.21875,44594.234375,5.0,4,0,0,0,0,0,0,0,0,0,0,0,0,1,0,1,1,,,,
38787.45703125,50533.42578125,44660.44140625,4.4,5,0,0,0,0,0,0,1,0,0,0,0,0,0,1,1,1,,,,
38787.45703125,50533.42578125,44660.44140625,4.3,6,0,0,0,0,0,0,1,0,0,0,0,0,0,1,1,1,,,,
38787.45703125,50533.42578125,44660.44140625,4.4,5,0,0,0,0,0,0,1,0,0,0,0,0,0,1,1,1,,,,
38787.45703125,50533.42578125,44660.44140625,4.3,16,0,0,0,0,0,0,1,0,0,0,0,0,0,1,1,1,,,,
38894.7734375,50640.7421875,44767.7578125,4.1,312,0,0,1,0,0,0,1,0,0,0,0,0,0,1,1,1,,,,
38894.7734375,50640.7421875,44767.7578125,4.1,312,0,0,1,0,0,0,1,0,0,0,0,0,0,1,1,1,,,,
38894.7734375,50640.7421875,44767.7578125,4.1,312,0,0,1,0,0,0,1,0,0,0,0,0,0,1,1,1,,,,
35000.0,55000.0,45000.0,4.3,16,0,0,0,0,0,0,1,0,0,0,0,0,0,1,1,0,0.0,0.0,0.0,0.0
40000.0,50000.0,45000.0,4.4,5,0,0,1,0,0,0,1,0,0,0,0,0,0,1,1,0,0.0,0.0,0.0,0.0
40000.0,50000.0,45000.0,5.0,4,0,0,0,0,0,0,0,0,0,0,0,0,1,0,1,0,0.0,0.0,0.0,0.0
35000.0,55000.0,45000.0,0.0,0,0,0,0,0,0,0,1,0,0,0,0,0,0,1,1,0,0.0,0.0,0.0,0.0
40000.0,50000.0,45000.0,0.0,0,0,0,0,0,0,0,1,0,0,0,0,0,0,1,1,0,0.0,0.0,0.0,0.0
40000.0,50000.0,45000.0,0.0,0,0,0,1,0,0,0,1,0,0,0,0,0,0,1,1,0,0.0,0.0,0.0,0.0
40000.0,50000.0,45000.0,4.4,5,0,0,1,0,0,0,1,0,0,0,0,0,0,1,1,0,0.0,0.0,0.0,0.0
40000.0,50000.0,45000.0,4.4,5,0,0,1,0,0,0,1,0,0,0,0,0,0,1,1,0,0.0,0.0,0.0,0.0
39471.91796875,51217.88671875,45344.90234375,4.5,2,0,0,0,0,0,0,0,0,0,0,0,0,1,0,1,1,,,,
39638.390625,51384.359375,45511.375,3.4,83,0,0,1,0,0,0,1,0,0,0,0,0,1,0,1,1,,,,
39645.515625,51391.484375,45518.5,3.0,2,0,0,0,0,0,0,1,0,0,0,0,0,1,0,1,1,,,,
39734.8359375,51480.8046875,45607.8203125,3.6,96,0,0,0,0,0,0,1,0,0,0,1,0,0,0,1,1,,,,
39734.8359375,51480.8046875,45607.8203125,3.8,2327,0,0,0,0,0,0,0,0,0,0,1,0,0,0,1,1,,,,
39734.8359375,51480.8046875,45607.8203125,3.7,3157,0,0,0,0,0,0,0,0,0,0,1,0,1,0,1,1,,,,
39943.6953125,51689.6640625,45816.6796875,3.6,402,0,1,1,0,0,0,0,0,0,0,0,0,1,0,1,1,,,,
39943.6953125,51689.6640625,45816.6796875,3.4,5,0,1,1,0,0,0,0,0,0,0,0,0,1,0,1,1,,,,
38761.0,53561.0,46161.0,4.1,312,0,0,1,0,0,0,1,0,0,0,0,0,0,1,1,0,0.0,0.0,0.0,0.0
40713.2265625,52459.1953125,46586.2109375,4.7,3,0,0,0,0,0,0,0,0,0,0,1,0,1,0,1,1,,,,
41630.3671875,53376.3359375,47503.3515625,3.9,3505,0,0,1,0,0,0,1,0,0,0,1,0,0,0,1,1,,,,
41765.32421875,53511.29296875,47638.30859375,4.0,3,0,0,0,0,0,0,1,0,0,0,1,0,0,0,1,1,,,,
41765.32421875,53511.29296875,47638.30859375,2.8,15,0,0,0,0,0,0,1,0,0,0,1,0,0,0,1,1,,,,
30000.0,70000.0,50000.0,0.0,0,0,0,1,0,0,0,1,0,0,0,0,0,0,1,1,0,0.0,0.0,0.0,0.0
40000.0,60000.0,50000.0,4.5,2,0,0,0,0,0,0,0,0,0,0,0,0,0,1,1,0,0.0,0.0,0.0,0.0
40000.0,60000.0,50000.0,0.0,0,0,0,0,0,0,0,1,0,0,0,0,0,0,1,1,0,0.0,0.0,0.0,0.0
50000.0,50000.0,50000.0,0.0,0,0,0,1,0,0,0,1,0,0,0,1,0,0,0,1,0,0.0,0.0,0.0,0.0
45000.0,55000.0,50000.0,0.0,0,0,0,0,0,0,0,1,0,0,0,0,0,0,1,1,0,0.0,0.0,0.0,0.0
50000.0,55000.0,52500.0,0.0,0,0,0,1,0,0,0,1,0,0,0,0,0,0,1,1,0,0.0,0.0,0.0,0.0
47567.90625,59313.875,53440.890625,0.0,0,0,0,1,0,0,0,1,0,0,0,0,0,1,0,1,1,,,,
48541.67578125,60287.64453125,54414.66015625,0.0,0,0,0,0,0,0,0,0,0,0,0,0,0,1,0,1,1,,,,
48541.67578125,60287.64453125,54414.66015625,0.0,0,0,0,0,0,0,0,0,0,0,0,0,0,1,0,1,1,,,,
48541.67578125,60287.64453125,54414.66015625,0.0,0,0,0,0,0,0,0,0,0,0,0,0,0,1,0,1,1,,,,
48541.67578125,60287.64453125,54414.66015625,0.0,0,0,1,0,0,0,0,0,0,0,0,0,0,1,0,1,1,,,,
48541.67578125,60287.64453125,54414.66015625,0.0,0,0,0,0,0,1,0,0,0,0,0,0,0,1,0,1,1,,,,
48715.2734375,60461.2421875,54588.2578125,0.0,0,0,0,0,0,0,0,1,0,0,0,0,0,1,0,1,1,,,,
48715.2734375,60461.2421875,54588.2578125,0.0,0,0,0,0,0,0,0,1,0,0,0,0,0,1,0,1,1,,,,
48715.2734375,60461.2421875,54588.2578125,0.0,0,0,0,0,0,0,0,1,0,0,0,0,0,1,0,1,1,,,,
55000.0,55000.0,55000.0,0.0,0,0,0,0,0,0,0,0,0,0,0,1,0,0,1,1,0,0.0,0.0,0.0,0.0
55000.0,55000.0,55000.0,0.0,0,0,0,0,0,0,0,0,0,0,0,1,0,0,0,1,0,0.0,0.0,0.0,0.0
50000.0,60000.0,55000.0,0.0,0,0,0,0,0,0,0,0,0,0,0,0,0,1,0,1,0,0.0,0.0,0.0,0.0
50000.0,60000.0,55000.0,0.0,0,0,0,1,0,0,0,1,0,0,0,0,0,0,1,1,0,0.0,0.0,0.0,0.0
50327.1328125,62073.1015625,56200.1171875,0.0,0,0,0,1,0,0,0,1,0,0,0,1,0,1,0,1,1,,,,
50327.1328125,62073.1015625,56200.1171875,0.0,0,0,0,1,0,0,0,1,0,0,0,1,0,0,0,1,1,,,,
50327.1328125,62073.1015625,56200.1171875,0.0,0,0,0,1,0,0,0,1,0,0,0,1,0,0,0,1,1,,,,
50327.1328125,62073.1015625,56200.1171875,0.0,0,0,0,1,0,0,0,1,0,0,0,1,0,0,0,1,1,,,,
50327.1328125,62073.1015625,56200.1171875,0.0,0,0,0,1,0,0,0,1,0,0,0,1,0,0,0,1,1,,,,
50661.484375,62407.453125,56534.46875,0.0,0,0,0,0,0,0,0,0,0,0,0,1,0,0,0,1,1,,,,
50661.484375,62407.453125,56534.46875,0.0,0,0,0,0,0,0,0,0,0,0,0,1,0,0,0,1,1,,,,
50661.484375,62407.453125,56534.46875,0.0,0,0,0,0,0,0,0,0,0,0,0,1,0,0,0,1,1,,,,
50661.484375,62407.453125,56534.46875,0.0,0,0,0,0,0,0,0,0,0,0,0,1,0,0,0,1,1,,,,
50661.484375,62407.453125,56534.46875,0.0,0,0,0,0,0,0,0,0,0,0,0,1,0,0,0,1,1,,,,
50707.25,62453.21875,56580.234375,0.0,0,0,0,0,0,0,0,1,0,0,0,1,0,1,0,1,1,,,,
50707.25,62453.21875,56580.234375,0.0,0,0,0,0,0,0,0,1,0,0,0,1,0,1,0,1,1,,,,
50835.08203125,62581.05078125,56708.06640625,0.0,0,0,0,0,0,0,0,1,0,0,0,1,0,0,0,1,1,,,,
60000.0,60000.0,60000.0,0.0,0,0,0,0,0,0,0,0,0,0,0,1,0,0,0,1,0,0.0,0.0,0.0,0.0
60000.0,60000.0,60000.0,0.0,0,0,0,1,0,0,0,1,0,0,0,1,0,0,0,1,0,0.0,0.0,0.0,0.0
84000.0,84000.0,84000.0,4.3,3,0,0,1,1,0,0,0,0,0,0,0,0,0,1,0,0,0.0,1.0,0.0,0.0
88974.171875,100720.140625,94847.15625,3.1,15,0,0,1,1,0,0,0,0,0,0,0,0,0,1,1,1,,,,
88974.171875,100720.140625,94847.15625,4.3,3,0,0,1,1,0,0,0,0,0,0,0,0,0,1,1,1,,,,
88974.171875,100720.140625,94847.15625,5.0,3,0,0,1,1,0,0,0,0,0,0,0,0,0,1,1,1,,,,
96000.0,96000.0,96000.0,5.0,3,0,0,1,1,0,0,0,0,0,0,0,0,0,1,0,0,0.0,1.0,0.0,0.0
98666.8203125,110412.7890625,104539.8046875,0.0,0,0,0,1,1,0,0,0,0,0,0,0,0,0,1,1,1,,,,
98666.8203125,110412.7890625,104539.8046875,0.0,0,0,0,1,1,0,0,0,0,0,0,0,0,0,1,1,1,,,,
98666.8203125,110412.7890625,104539.8046875,0.0,0,0,0,1,1,0,0,0,0,0,0,0,0,0,1,1,1,,,,
98666.8203125,110412.7890625,104539.8046875,0.0,0,0,0,1,1,0,0,0,0,0,0,0,0,0,1,1,1,,,,
98666.8203125,110412.7890625,104539.8046875,0.0,0,0,0,1,1,0,0,0,0,0,0,0,0,0,1,1,1,,,,
98666.8203125,110412.7890625,104539.8046875,0.0,0,0,0,1,1,0,0,0,0,0,0,0,0,0,1,1,1,,,,
98666.8203125,110412.7890625,104539.8046875,0.0,0,0,0,1,1,0,0,0,0,0,0,0,0,0,1,1,1,,,,
98666.8203125,110412.7890625,104539.8046875,0.0,0,0,0,1,1,0,0,0,0,0,0,0,0,0,1,1,1,,,,
98666.8203125,110412.7890625,104539.8046875,0.0,0,0,0,1,1,0,0,0,0,0,0,0,0,0,1,1,1,,,,
98666.8203125,110412.7890625,104539.8046875,0.0,0,0,0,0,1,0,1,0,0,0,0,0,0,0,1,1,1,,,,
98666.8203125,110412.7890625,104539.8046875,0.0,0,0,0,1,1,0,0,0,0,0,0,0,0,0,1,1,1,,,,
98666.8203125,110412.7890625,104539.8046875,0.0,0,0,0,1,1,0,0,0,0,0,0,0,0,0,1,1,1,,,,
98666.8203125,110412.7890625,104539.8046875,0.0,0,0,0,1,1,0,0,0,0,0,0,0,0,0,1,1,1,,,,
108000.0,108000.0,108000.0,0.0,0,0,0,1,1,0,0,0,0,0,0,0,0,0,1,0,0,0.0,1.0,0.0,0.0
108000.0,108000.0,108000.0,0.0,0,0,0,1,1,0,0,0,0,0,0,0,0,0,1,0,0,0.0,1.0,0.0,0.0
