salary_min,salary_max,salary_mean,rating_mean,rating_count,contract_contrat pro,contract_intérim,contract_temps plein,contract_indépendant,contract_cdd,contract_temps partiel,contract_cdi,contract_stage,contract_commission,contract_apprentissage,query_data+scientist,query_business+intelligence,query_data+analyst,query_developpeur,mode_an,mode_heure,mode_jour,mode_mois,mode_semaine
7200.0,7200.0,7200.0,0.0,0,0,0,1,0,0,0,0,1,0,0,0,1,0,0,0,0.0,0.0,1.0,0.0
8400.0,8400.0,8400.0,5.0,6,0,0,0,0,0,0,0,1,0,0,0,0,0,1,0,0.0,0.0,1.0,0.0
10800.0,10800.0,10800.0,0.0,0,0,0,1,0,0,0,0,0,0,1,0,0,0,1,1,0.0,0.0,0.0,0.0
13800.0,13800.0,13800.0,4.1,67,0,0,1,0,0,0,0,1,0,0,0,0,1,0,0,0.0,0.0,1.0,0.0
9600.0,18600.0,14100.0,0.0,0,1,0,1,0,0,0,0,0,0,0,0,0,1,0,0,0.0,0.0,1.0,0.0
14400.0,14400.0,14400.0,0.0,0,0,0,0,0,0,0,0,1,0,0,0,0,0,1,0,0.0,0.0,1.0,0.0
16800.0,21600.0,19200.0,0.0,0,0,0,1,0,0,0,1,0,0,0,0,0,0,1,0,0.0,0.0,1.0,0.0
20400.0,20400.0,20400.0,0.0,0,0,0,0,0,0,0,1,0,0,0,0,0,0,1,1,0.0,0.0,0.0,0.0
18000.0,24000.0,21000.0,0.0,0,0,0,1,0,1,0,0,0,0,0,0,0,0,1,0,0.0,0.0,1.0,0.0
21600.0,21600.0,21600.0,0.0,0,0,0,1,0,0,0,1,0,0,0,0,1,1,0,0,0.0,0.0,1.0,0.0
19200.0,24000.0,21600.0,0.0,0,0,0,1,0,0,0,1,0,0,0,0,0,0,1,0,0.0,0.0,1.0,0.0
23000.0,23000.0,23000.0,0.0,0,0,0,0,0,0,0,1,0,0,0,0,0,0,1,1,0.0,0.0,0.0,0.0
25116.0,25116.0,25116.0,0.0,0,0,1,0,0,0,0,0,0,0,0,0,1,0,0,0,0.0,0.0,1.0,0.0
26000.0,26000.0,26000.0,0.0,0,0,0,0,0,0,0,0,0,0,0,0,0,0,1,1,0.0,0.0,0.0,0.0
23000.0,29000.0,26000.0,0.0,0,0,0,1,0,0,0,1,0,0,0,0,0,0,1,1,0.0,0.0,0.0,0.0
22800.0,30000.0,26400.0,0.0,0,0,0,0,0,0,0,0,0,0,0,0,0,0,1,0,0.0,0.0,1.0,0.0
24000.0,30000.0,27000.0,0.0,0,0,0,0,0,0,0,0,0,0,0,0,0,0,1,1,0.0,0.0,0.0,0.0
24000.0,30000.0,27000.0,0.0,0,0,0,1,0,0,0,1,0,0,0,0,0,0,1,0,0.0,0.0,1.0,0.0
25000.0,30000.0,27500.0,0.0,0,0,0,1,0,0,0,1,0,0,0,0,0,0,1,1,0.0,0.0,0.0,0.0
21590.654296875,34629.25390625,28109.953125,3.0,4,0,0,1,0,0,0,0,1,0,0,0,0,0,1,1,,,,
21590.654296875,34629.25390625,28109.953125,0.0,0,0,0,1,0,0,0,0,1,0,0,0,0,0,1,1,,,,
21590.654296875,34629.25390625,28109.953125,4.0,1845,0,0,1,0,0,0,0,1,0,0,0,0,0,1,1,,,,
21590.654296875,34629.25390625,28109.953125,0.0,0,0,0,1,0,0,0,0,1,0,0,0,0,0,1,1,,,,
21590.654296875,34629.25390625,28109.953125,5.0,5,0,0,1,0,0,0,0,1,0,0,0,0,0,1,1,,,,
21590.654296875,34629.25390625,28109.953125,0.0,0,0,0,1,0,0,1,0,1,0,0,0,0,0,1,1,,,,
21590.654296875,34629.25390625,28109.953125,0.0,0,0,0,1,0,0,0,0,1,0,0,0,0,0,1,1,,,,
21590.654296875,34629.25390625,28109.953125,0.0,0,0,0,1,0,0,0,0,1,0,0,0,0,0,1,1,,,,
21590.654296875,34629.25390625,28109.953125,3.9,1363,0,0,1,0,0,0,0,1,0,0,0,0,0,1,1,,,,
21590.654296875,34629.25390625,28109.953125,0.0,0,0,0,1,0,0,0,0,1,0,0,0,0,0,1,1,,,,
21802.05859375,34840.65625,28321.357421875,0.0,0,0,0,0,0,0,0,0,1,0,0,1,0,0,1,1,,,,
22312.9375,35351.53515625,28832.236328125,0.0,0,0,0,0,0,0,0,0,1,0,0,0,0,0,1,1,,,,
22312.9375,35351.53515625,28832.236328125,0.0,0,0,0,0,0,0,0,0,1,0,0,0,0,0,1,1,,,,
22312.9375,35351.53515625,28832.236328125,0.0,0,0,0,0,0,0,0,0,1,0,0,0,0,0,1,1,,,,
22312.9375,35351.53515625,28832.236328125,0.0,0,0,0,0,0,0,0,0,1,0,0,0,0,0,1,1,,,,
22312.9375,35351.53515625,28832.236328125,3.1,9,1,0,0,0,0,0,0,1,0,1,0,0,0,1,1,,,,
22312.9375,35351.53515625,28832.236328125,3.6,2837,1,0,0,0,0,0,0,1,0,1,0,0,0,1,1,,,,
22312.9375,35351.53515625,28832.236328125,4.1,13,0,0,0,0,0,0,0,1,0,0,0,0,0,1,1,,,,
22312.9375,35351.53515625,28832.236328125,5.0,6,0,0,0,0,0,0,0,1,0,0,0,0,0,1,1,,,,
22312.9375,35351.53515625,28832.236328125,0.0,0,0,0,0,0,0,0,0,1,0,0,0,0,0,1,1,,,,
22312.9375,35351.53515625,28832.236328125,0.0,0,0,0,0,0,0,0,0,1,0,0,0,0,0,1,1,,,,
22312.9375,35351.53515625,28832.236328125,0.0,0,0,0,0,0,0,0,0,1,0,0,0,0,0,1,1,,,,
22312.9375,35351.53515625,28832.236328125,5.0,5,0,0,0,0,0,0,0,1,0,0,0,0,0,1,1,,,,
22312.9375,35351.53515625,28832.236328125,0.0,0,0,0,0,0,0,0,0,1,0,0,0,0,0,1,1,,,,
22312.9375,35351.53515625,28832.236328125,0.0,0,0,0,0,0,0,0,0,1,0,0,0,0,0,1,1,,,,
22312.9375,35351.53515625,28832.236328125,0.0,0,0,0,0,0,0,0,0,1,0,0,0,0,0,1,1,,,,
22312.9375,35351.53515625,28832.236328125,0.0,0,0,0,0,0,0,0,0,1,0,1,0,0,0,1,1,,,,
22312.9375,35351.53515625,28832.236328125,3.5,11,0,0,0,0,0,0,0,1,0,0,0,0,0,1,1,,,,
22312.9375,35351.53515625,28832.236328125,0.0,0,0,0,0,0,0,0,0,1,0,0,0,0,0,1,1,,,,
22312.9375,35351.53515625,28832.236328125,0.0,0,0,0,0,0,0,0,0,1,0,0,0,0,0,1,1,,,,
22312.9375,35351.53515625,28832.236328125,3.1,9,1,0,0,0,0,0,0,1,0,1,0,0,0,1,1,,,,
22312.9375,35351.53515625,28832.236328125,3.6,2843,1,0,0,0,0,0,0,1,0,1,0,0,0,1,1,,,,
22312.9375,35351.53515625,28832.236328125,4.5,11,0,0,0,0,0,0,0,1,0,0,0,0,0,1,1,,,,
26000.0,32000.0,29000.0,0.0,0,0,0,0,0,0,0,1,0,0,0,0,0,0,1,1,0.0,0.0,0.0,0.0
21960.0,37440.0,29700.0,0.0,0,0,0,1,0,0,0,1,0,0,0,0,0,0,1,0,0.0,0.0,1.0,0.0
23437.775390625,36476.375,29957.07421875,3.9,614,1,1,1,0,1,0,0,0,0,1,1,0,1,1,1,,,,
25000.0,35000.0,30000.0,0.0,0,0,0,1,0,0,0,1,0,0,0,0,1,0,0,1,0.0,0.0,0.0,0.0
25000.0,35000.0,30000.0,3.6,854,0,0,1,0,0,0,1,0,0,0,0,0,0,1,1,0.0,0.0,0.0,0.0
25000.0,35000.0,30000.0,0.0,0,0,0,0,0,0,0,1,0,0,0,0,0,0,1,1,0.0,0.0,0.0,0.0
25000.0,35000.0,30000.0,0.0,0,0,0,0,0,0,0,1,0,0,0,0,0,0,1,1,0.0,0.0,0.0,0.0
25000.0,35000.0,30000.0,0.0,0,0,0,0,0,0,0,0,0,0,0,0,0,0,1,1,0.0,0.0,0.0,0.0
26000.0,34000.0,30000.0,0.0,0,0,0,0,0,0,0,1,0,0,0,0,0,0,1,1,0.0,0.0,0.0,0.0
30000.0,30000.0,30000.0,0.0,0,0,0,0,0,0,0,1,0,0,0,0,0,0,1,1,0.0,0.0,0.0,0.0
25000.0,35000.0,30000.0,0.0,0,0,0,1,0,0,0,1,0,0,0,0,0,0,1,1,0.0,0.0,0.0,0.0
25980.0,34800.0,30390.0,0.0,0,0,0,1,0,0,0,1,0,0,0,0,0,0,1,0,0.0,0.0,1.0,0.0
23922.46875,36961.06640625,30441.767578125,3.9,615,1,1,1,0,1,0,0,0,0,1,0,0,0,1,1,,,,
23945.75,36984.34765625,30465.048828125,3.6,11,0,0,1,0,1,0,0,0,0,0,0,0,0,1,1,,,,
23945.75,36984.34765625,30465.048828125,4.3,12,0,0,1,0,1,0,0,0,0,0,0,0,0,1,1,,,,
23945.75,36984.34765625,30465.048828125,0.0,0,0,0,1,0,1,0,0,0,0,0,0,0,0,1,1,,,,
24865.900390625,37904.5,31385.19921875,0.0,0,0,0,0,0,1,0,0,0,0,0,0,0,0,1,1,,,,
24865.900390625,37904.5,31385.19921875,2.1,10,0,0,0,0,1,0,0,0,0,0,0,0,0,1,1,,,,
24865.900390625,37904.5,31385.19921875,0.0,0,0,0,0,0,1,0,0,0,0,0,0,0,0,1,1,,,,
24865.900390625,37904.5,31385.19921875,1.8,20,0,0,0,0,1,0,0,0,0,0,0,0,0,1,1,,,,
24865.900390625,37904.5,31385.19921875,0.0,0,0,0,0,0,1,0,0,0,0,0,0,0,0,1,1,,,,
24865.900390625,37904.5,31385.19921875,3.7,3,0,0,0,0,1,0,0,0,0,0,0,0,0,1,1,,,,
28000.0,35000.0,31500.0,0.0,0,0,0,1,0,0,0,1,0,0,0,0,0,0,1,1,0.0,0.0,0.0,0.0
28000.0,35000.0,31500.0,0.0,0,0,0,1,0,0,0,1,0,0,0,0,0,0,1,1,0.0,0.0,0.0,0.0
29232.0,33852.0,31542.0,0.0,0,0,0,1,0,0,0,1,0,0,0,1,0,0,0,0,0.0,0.0,1.0,0.0
27600.0,36000.0,31800.0,0.0,0,0,0,0,0,0,0,1,0,0,0,0,0,0,1,0,0.0,0.0,1.0,0.0
30000.0,35000.0,32500.0,0.0,0,0,0,1,0,0,0,1,0,0,0,0,0,0,1,1,0.0,0.0,0.0,0.0
25000.0,40000.0,32500.0,0.0,0,0,0,0,0,0,0,0,0,0,0,0,0,0,1,1,0.0,0.0,0.0,0.0
30000.0,35000.0,32500.0,3.3,104,0,0,0,0,0,0,1,0,0,0,0,0,0,1,1,0.0,0.0,0.0,0.0
30000.0,35000.0,32500.0,4.1,13,0,0,0,0,0,0,1,0,0,0,0,0,0,1,1,0.0,0.0,0.0,0.0
30000.0,35000.0,32500.0,4.1,13,0,0,0,0,0,0,1,0,0,0,0,0,0,1,1,0.0,0.0,0.0,0.0
30000.0,35000.0,32500.0,3.7,3,0,0,0,0,0,0,1,0,0,0,0,0,0,1,1,0.0,0.0,0.0,0.0
26454.494140625,39493.09375,32973.79296875,3.7,2049,1,0,1,0,0,0,0,0,0,1,1,0,0,1,1,,,,
30000.0,36000.0,33000.0,3.9,7,0,0,1,0,0,0,1,0,0,0,0,0,0,1,1,0.0,0.0,0.0,0.0
30000.0,36000.0,33000.0,3.9,7,0,0,1,0,0,0,1,0,0,0,0,0,0,1,1,0.0,0.0,0.0,0.0
28000.0,38000.0,33000.0,4.2,30,0,0,0,0,0,0,1,0,0,0,0,1,0,0,1,0.0,0.0,0.0,0.0
30000.0,36000.0,33000.0,4.1,13,0,0,0,0,0,0,1,0,0,0,0,0,0,1,1,0.0,0.0,0.0,0.0
26871.646484375,39910.24609375,33390.9453125,4.0,119,0,0,0,0,0,0,1,0,0,0,1,0,0,1,1,,,,
26871.646484375,39910.24609375,33390.9453125,4.1,13,0,0,0,0,0,0,1,0,0,0,1,0,0,1,1,,,,
27027.943359375,40066.54296875,33547.2421875,4.0,24,1,0,0,0,0,0,1,0,0,1,0,0,0,1,1,,,,
27211.998046875,40250.59765625,33731.296875,0.0,0,0,0,1,0,0,0,1,0,0,0,0,0,1,0,1,,,,
27211.998046875,40250.59765625,33731.296875,3.0,2,0,0,1,0,0,0,1,0,0,0,0,0,1,0,1,,,,
27211.998046875,40250.59765625,33731.296875,4.1,67,0,0,1,0,0,0,1,0,0,0,0,0,1,0,1,,,,
27458.064453125,40496.6640625,33977.36328125,0.0,0,0,0,1,0,0,0,1,0,0,0,0,1,1,0,1,,,,
27458.064453125,40496.6640625,33977.36328125,3.4,9,0,0,1,0,0,0,1,0,0,0,0,1,1,0,1,,,,
32000.0,36000.0,34000.0,4.5,4,0,0,0,0,0,0,1,0,0,0,0,0,0,1,1,0.0,0.0,0.0,0.0
34000.0,34000.0,34000.0,0.0,0,0,0,0,0,0,0,1,0,0,0,0,0,1,0,1,0.0,0.0,0.0,0.0
28000.0,40000.0,34000.0,4.3,7,0,0,1,0,0,0,1,0,0,0,0,0,0,1,1,0.0,0.0,0.0,0.0
28000.0,40000.0,34000.0,4.3,7,0,0,1,0,0,0,1,0,0,0,0,0,0,1,1,0.0,0.0,0.0,0.0
27558.412109375,40597.01171875,34077.7109375,3.0,3,0,0,0,0,0,0,1,0,0,0,0,0,1,0,1,,,,
27558.412109375,40597.01171875,34077.7109375,3.1,39,0,0,0,0,0,0,1,0,0,0,0,0,1,0,1,,,,
27558.412109375,40597.01171875,34077.7109375,0.0,0,0,0,0,0,0,0,1,0,0,0,0,0,1,0,1,,,,
27558.412109375,40597.01171875,34077.7109375,4.1,2483,0,0,0,0,0,0,1,0,0,0,0,0,1,0,1,,,,
27558.412109375,40597.01171875,34077.7109375,4.3,15,0,0,0,0,0,0,1,0,0,0,0,0,1,0,1,,,,
27558.412109375,40597.01171875,34077.7109375,4.0,4,0,0,0,0,0,0,1,0,0,0,0,0,1,0,1,,,,
27558.412109375,40597.01171875,34077.7109375,3.4,32,0,0,0,0,0,0,1,0,0,0,0,0,1,0,1,,,,
27558.412109375,40597.01171875,34077.7109375,0.0,0,0,0,0,0,0,0,1,0,0,0,0,0,1,0,1,,,,
27558.412109375,40597.01171875,34077.7109375,0.0,0,0,0,0,0,0,0,1,0,0,0,0,0,1,0,1,,,,
27558.412109375,40597.01171875,34077.7109375,0.0,0,0,0,0,0,0,0,1,0,0,0,0,0,1,0,1,,,,
27558.412109375,40597.01171875,34077.7109375,0.0,0,0,0,0,0,0,0,1,0,0,0,0,0,1,0,1,,,,
27558.412109375,40597.01171875,34077.7109375,0.0,0,0,0,0,0,0,0,1,0,0,0,0,0,1,0,1,,,,
27558.412109375,40597.01171875,34077.7109375,0.0,0,0,0,0,0,0,0,1,0,0,0,0,0,1,0,1,,,,
27558.412109375,40597.01171875,34077.7109375,4.7,3,0,0,0,0,0,0,1,0,0,0,0,0,1,0,1,,,,
27558.412109375,40597.01171875,34077.7109375,0.0,0,0,0,0,0,0,0,1,0,0,0,0,0,1,0,1,,,,
27558.412109375,40597.01171875,34077.7109375,0.0,0,0,0,0,0,0,0,1,0,0,0,0,0,1,0,1,,,,
27558.412109375,40597.01171875,34077.7109375,0.0,0,0,0,0,0,0,0,1,0,0,0,0,0,1,0,1,,,,
27558.412109375,40597.01171875,34077.7109375,3.4,105,0,0,0,0,0,0,1,0,0,0,0,0,1,0,1,,,,
27558.412109375,40597.01171875,34077.7109375,3.4,103,0,0,0,0,0,0,1,0,0,0,0,0,1,0,1,,,,
27804.486328125,40843.0859375,34323.78515625,3.6,19,0,0,0,0,0,0,1,0,0,0,0,1,1,0,1,,,,
27804.486328125,40843.0859375,34323.78515625,0.0,0,0,0,0,0,0,0,1,0,0,0,0,1,1,0,1,,,,
27804.486328125,40843.0859375,34323.78515625,3.2,17,0,0,0,0,0,0,1,0,0,0,0,1,1,0,1,,,,
27804.486328125,40843.0859375,34323.78515625,3.1,62,0,0,0,0,0,0,1,0,0,0,0,1,1,0,1,,,,
27804.486328125,40843.0859375,34323.78515625,2.5,11,0,0,0,0,0,0,1,0,0,0,0,1,1,0,1,,,,
32000.0,37000.0,34500.0,4.5,2,0,0,0,0,0,0,1,0,0,0,0,0,0,1,1,0.0,0.0,0.0,0.0
32000.0,37000.0,34500.0,4.1,13,0,0,0,0,0,0,1,0,0,0,1,0,0,1,1,0.0,0.0,0.0,0.0
33000.0,36000.0,34500.0,3.9,7,0,0,0,0,0,0,0,0,0,0,0,0,0,1,1,0.0,0.0,0.0,0.0
27992.189453125,41030.7890625,34511.48828125,4.7,17,1,0,1,0,0,0,0,0,0,1,0,0,0,1,1,,,,
27992.189453125,41030.7890625,34511.48828125,0.0,0,1,0,1,0,0,0,0,0,0,0,0,0,0,1,1,,,,
27992.189453125,41030.7890625,34511.48828125,0.0,0,1,0,1,0,0,0,0,0,0,0,0,0,0,1,1,,,,
27992.189453125,41030.7890625,34511.48828125,4.7,17,1,0,1,0,0,0,0,0,0,1,0,0,0,1,1,,,,
27992.189453125,41030.7890625,34511.48828125,3.6,44,1,0,1,0,0,0,0,0,0,1,0,0,0,1,1,,,,
27992.189453125,41030.7890625,34511.48828125,0.0,0,1,0,1,0,0,0,0,0,0,0,0,0,0,1,1,,,,
27992.189453125,41030.7890625,34511.48828125,0.0,0,1,0,1,0,0,0,0,0,0,1,0,0,0,1,1,,,,
27992.189453125,41030.7890625,34511.48828125,3.9,944,1,0,1,0,0,0,0,0,0,1,0,0,0,1,1,,,,
28378.423828125,41417.0234375,34897.72265625,0.0,0,0,0,0,0,0,0,1,0,0,0,0,1,0,1,1,,,,
28378.423828125,41417.0234375,34897.72265625,0.0,0,0,0,0,0,0,0,1,0,0,0,0,1,0,1,1,,,,
28378.423828125,41417.0234375,34897.72265625,3.8,19,0,0,0,0,0,0,1,0,0,0,0,1,0,1,1,,,,
28378.423828125,41417.0234375,34897.72265625,3.6,19,0,0,0,0,0,0,1,0,0,0,0,1,0,1,1,,,,
28378.423828125,41417.0234375,34897.72265625,3.0,36,0,0,0,0,0,0,1,0,0,0,0,1,0,1,1,,,,
28378.423828125,41417.0234375,34897.72265625,3.8,19,0,0,0,0,0,0,1,0,0,0,0,1,0,1,1,,,,
28378.423828125,41417.0234375,34897.72265625,3.8,19,0,0,0,0,0,0,1,0,0,0,0,1,0,1,1,,,,
28378.423828125,41417.0234375,34897.72265625,0.0,0,0,0,0,0,0,0,1,0,0,0,0,1,0,1,1,,,,
28413.134765625,41451.734375,34932.43359375,3.3,104,0,0,0,0,0,0,1,0,0,0,0,0,0,1,1,,,,
28413.134765625,41451.734375,34932.43359375,3.7,7,0,0,0,0,0,0,1,0,0,0,0,0,0,1,1,,,,
28413.134765625,41451.734375,34932.43359375,0.0,0,0,0,0,0,0,0,1,0,0,0,0,0,0,1,1,,,,
28413.134765625,41451.734375,34932.43359375,3.0,3,0,0,0,0,0,0,1,0,0,0,0,0,0,1,1,,,,
28413.134765625,41451.734375,34932.43359375,0.0,0,0,0,0,0,0,0,1,0,0,0,0,0,0,1,1,,,,
28413.134765625,41451.734375,34932.43359375,0.0,0,0,0,0,0,0,0,1,0,0,0,0,0,0,1,1,,,,
28413.134765625,41451.734375,34932.43359375,3.1,8,0,0,0,0,0,0,1,0,0,0,0,0,0,1,1,,,,
28413.134765625,41451.734375,34932.43359375,3.9,38,0,0,0,0,0,0,1,0,0,0,0,0,0,1,1,,,,
28413.134765625,41451.734375,34932.43359375,3.0,3,0,0,0,0,0,0,1,0,0,0,0,0,0,1,1,,,,
28413.134765625,41451.734375,34932.43359375,4.8,19,0,0,0,0,0,0,1,0,0,0,0,0,0,1,1,,,,
28413.134765625,41451.734375,34932.43359375,3.0,36,0,0,0,0,0,0,1,0,0,0,0,0,0,1,1,,,,
28413.134765625,41451.734375,34932.43359375,0.0,0,0,0,0,0,0,0,1,0,0,0,0,0,0,1,1,,,,
28413.134765625,41451.734375,34932.43359375,0.0,0,0,0,0,0,0,0,1,0,0,0,0,0,0,1,1,,,,
28413.134765625,41451.734375,34932.43359375,0.0,0,0,0,0,0,0,0,1,0,0,0,0,0,0,1,1,,,,
28413.134765625,41451.734375,34932.43359375,0.0,0,0,0,0,0,0,0,1,0,0,0,0,0,0,1,1,,,,
28413.134765625,41451.734375,34932.43359375,4.7,3,0,0,0,0,0,0,1,0,0,0,0,0,0,1,1,,,,
28413.134765625,41451.734375,34932.43359375,0.0,0,0,0,0,0,0,0,1,0,0,0,0,0,0,1,1,,,,
28413.134765625,41451.734375,34932.43359375,0.0,0,0,0,0,0,0,0,1,0,0,0,0,0,0,1,1,,,,
28413.134765625,41451.734375,34932.43359375,0.0,0,0,0,0,0,0,0,1,0,0,0,0,0,0,1,1,,,,
28413.134765625,41451.734375,34932.43359375,0.0,0,0,0,0,0,0,0,1,0,0,0,0,0,0,1,1,,,,
28413.134765625,41451.734375,34932.43359375,0.0,0,0,0,0,0,0,0,1,0,0,0,0,0,0,1,1,,,,
28413.134765625,41451.734375,34932.43359375,3.5,8,0,0,0,0,0,0,1,0,0,0,0,0,0,1,1,,,,
28413.134765625,41451.734375,34932.43359375,3.5,29,0,0,0,0,0,0,1,0,0,0,0,0,0,1,1,,,,
28413.134765625,41451.734375,34932.43359375,0.0,0,0,0,0,0,0,0,1,0,0,0,0,0,0,1,1,,,,
28413.134765625,41451.734375,34932.43359375,0.0,0,0,0,0,0,0,0,1,0,0,0,0,0,0,1,1,,,,
28413.134765625,41451.734375,34932.43359375,0.0,0,0,0,0,0,0,0,1,0,0,0,0,0,0,1,1,,,,
28413.134765625,41451.734375,34932.43359375,0.0,0,0,0,0,0,0,0,1,0,0,0,0,0,0,1,1,,,,
28413.134765625,41451.734375,34932.43359375,3.1,142,0,0,0,0,0,0,1,0,0,0,0,0,0,1,1,,,,
28413.134765625,41451.734375,34932.43359375,0.0,0,0,0,0,0,0,0,1,0,0,0,0,0,0,1,1,,,,
28413.134765625,41451.734375,34932.43359375,0.0,0,0,0,0,0,0,0,1,0,0,0,0,0,0,1,1,,,,
28413.134765625,41451.734375,34932.43359375,3.5,11,0,0,0,0,0,0,1,0,0,0,0,0,0,1,1,,,,
28413.134765625,41451.734375,34932.43359375,3.8,2336,0,0,0,0,0,0,1,0,0,0,0,0,0,1,1,,,,
28413.134765625,41451.734375,34932.43359375,0.0,0,0,0,0,0,0,0,1,0,0,0,0,0,0,1,1,,,,
28413.134765625,41451.734375,34932.43359375,4.5,4,0,0,0,0,0,0,1,0,0,0,0,0,0,1,1,,,,
28413.134765625,41451.734375,34932.43359375,4.1,2483,0,0,0,0,0,0,1,0,0,0,0,0,0,1,1,,,,
28413.134765625,41451.734375,34932.43359375,4.0,508,0,0,0,0,0,0,1,0,0,0,0,0,0,1,1,,,,
28413.134765625,41451.734375,34932.43359375,4.4,5,0,0,0,0,0,0,1,0,0,0,0,0,0,1,1,,,,
28413.134765625,41451.734375,34932.43359375,3.8,24,0,0,0,0,0,0,1,0,0,0,0,0,0,1,1,,,,
28413.134765625,41451.734375,34932.43359375,0.0,0,0,0,0,0,0,0,1,0,0,0,0,0,0,1,1,,,,
28413.134765625,41451.734375,34932.43359375,3.0,6,0,0,0,0,0,0,1,0,0,0,0,0,0,1,1,,,,
28413.134765625,41451.734375,34932.43359375,3.0,3,0,0,0,0,0,0,1,0,0,0,0,0,0,1,1,,,,
28413.134765625,41451.734375,34932.43359375,0.0,0,0,0,0,0,0,0,1,0,0,0,0,0,0,1,1,,,,
28413.134765625,41451.734375,34932.43359375,0.0,0,0,0,0,0,0,0,1,0,0,0,0,0,0,1,1,,,,
28413.134765625,41451.734375,34932.43359375,4.0,119,0,0,0,0,0,0,1,0,0,0,0,0,0,1,1,,,,
28413.134765625,41451.734375,34932.43359375,3.8,13,0,0,0,0,0,0,1,0,0,0,0,0,0,1,1,,,,
28413.134765625,41451.734375,34932.43359375,0.0,0,0,0,0,0,0,0,1,0,0,0,0,0,0,1,1,,,,
28413.134765625,41451.734375,34932.43359375,0.0,0,0,0,0,0,0,0,1,0,0,0,0,0,0,1,1,,,,
28413.134765625,41451.734375,34932.43359375,0.0,0,0,0,0,0,0,0,1,0,0,0,0,0,0,1,1,,,,
28413.134765625,41451.734375,34932.43359375,0.0,0,0,0,0,0,0,0,1,0,0,0,0,0,0,1,1,,,,
28413.134765625,41451.734375,34932.43359375,3.4,32,0,0,0,0,0,0,1,0,0,0,0,0,0,1,1,,,,
28413.134765625,41451.734375,34932.43359375,3.1,9,0,0,0,0,0,0,1,0,0,0,0,0,0,1,1,,,,
28413.134765625,41451.734375,34932.43359375,0.0,0,0,0,0,0,0,0,1,0,0,0,0,0,0,1,1,,,,
28413.134765625,41451.734375,34932.43359375,0.0,0,0,0,0,0,0,0,1,0,0,0,0,0,0,1,1,,,,
28413.134765625,41451.734375,34932.43359375,0.0,0,0,0,0,0,0,0,1,0,0,0,0,0,0,1,1,,,,
28413.134765625,41451.734375,34932.43359375,0.0,0,0,0,0,0,0,0,1,0,0,0,0,0,0,1,1,,,,
28413.134765625,41451.734375,34932.43359375,0.0,0,0,0,0,0,0,0,1,0,0,0,0,0,0,1,1,,,,
28413.134765625,41451.734375,34932.43359375,3.0,36,0,0,0,0,0,0,1,0,0,0,0,0,0,1,1,,,,
28413.134765625,41451.734375,34932.43359375,0.0,0,0,0,0,0,0,0,1,0,0,0,0,0,0,1,1,,,,
28413.134765625,41451.734375,34932.43359375,0.0,0,0,0,0,0,0,0,1,0,0,0,0,0,0,1,1,,,,
28413.134765625,41451.734375,34932.43359375,2.5,11,0,0,0,0,0,0,1,0,0,0,0,0,0,1,1,,,,
28413.134765625,41451.734375,34932.43359375,5.0,4,0,0,0,0,0,0,1,0,0,0,0,0,0,1,1,,,,
28413.134765625,41451.734375,34932.43359375,0.0,0,0,0,0,0,0,0,1,0,0,0,0,0,0,1,1,,,,
28413.134765625,41451.734375,34932.43359375,3.3,10,0,0,0,0,0,0,1,0,0,0,0,0,0,1,1,,,,
28413.134765625,41451.734375,34932.43359375,0.0,0,0,0,0,0,0,0,1,0,0,0,0,0,0,1,1,,,,
28413.134765625,41451.734375,34932.43359375,3.8,21,0,0,0,0,0,0,1,0,0,0,0,0,0,1,1,,,,
28413.134765625,41451.734375,34932.43359375,3.8,24,0,0,0,0,0,0,1,0,0,0,0,0,0,1,1,,,,
28413.134765625,41451.734375,34932.43359375,0.0,0,0,0,0,0,0,0,1,0,0,0,0,0,0,1,1,,,,
28413.134765625,41451.734375,34932.43359375,0.0,0,0,0,0,0,0,0,1,0,0,0,0,0,0,1,1,,,,
28413.134765625,41451.734375,34932.43359375,5.0,4,0,0,0,0,0,0,1,0,0,0,0,0,0,1,1,,,,
28413.134765625,41451.734375,34932.43359375,3.5,67,0,0,0,0,0,0,1,0,0,0,0,0,0,1,1,,,,
28413.134765625,41451.734375,34932.43359375,0.0,0,0,0,0,0,0,0,1,0,0,0,0,0,0,1,1,,,,
28413.134765625,41451.734375,34932.43359375,4.5,30,0,0,0,0,0,0,1,0,0,0,0,0,0,1,1,,,,
28413.134765625,41451.734375,34932.43359375,2.4,14,0,0,0,0,0,0,1,0,0,0,0,0,0,1,1,,,,
28413.134765625,41451.734375,34932.43359375,0.0,0,0,0,0,0,0,0,1,0,0,0,0,0,0,1,1,,,,
28413.134765625,41451.734375,34932.43359375,3.8,24,0,0,0,0,0,0,1,0,0,0,0,0,0,1,1,,,,
28413.134765625,41451.734375,34932.43359375,3.4,32,0,0,0,0,0,0,1,0,0,0,0,0,0,1,1,,,,
28413.134765625,41451.734375,34932.43359375,3.8,24,0,0,0,0,0,0,1,0,0,0,0,0,0,1,1,,,,
28413.134765625,41451.734375,34932.43359375,0.0,0,0,0,0,0,0,0,1,0,0,0,0,0,0,1,1,,,,
28413.134765625,41451.734375,34932.43359375,0.0,0,0,0,0,0,0,0,1,0,0,0,0,0,0,1,1,,,,
28413.134765625,41451.734375,34932.43359375,0.0,0,0,0,0,0,0,0,1,0,0,0,0,0,0,1,1,,,,
28413.134765625,41451.734375,34932.43359375,4.1,13,0,0,0,0,0,0,1,0,0,0,0,0,0,1,1,,,,
28413.134765625,41451.734375,34932.43359375,0.0,0,0,0,0,0,0,0,1,0,0,0,0,0,0,1,1,,,,
28413.134765625,41451.734375,34932.43359375,3.9,75,0,0,0,0,0,0,1,0,0,0,0,0,0,1,1,,,,
28413.134765625,41451.734375,34932.43359375,3.0,36,0,0,0,0,0,0,1,0,0,0,0,0,0,1,1,,,,
28413.134765625,41451.734375,34932.43359375,3.1,142,0,0,0,0,0,0,1,0,0,0,0,0,0,1,1,,,,
28413.134765625,41451.734375,34932.43359375,3.0,3,0,0,0,0,0,0,1,0,0,0,0,0,0,1,1,,,,
28413.134765625,41451.734375,34932.43359375,2.8,6,0,0,0,0,0,0,1,0,0,0,0,0,0,1,1,,,,
28413.134765625,41451.734375,34932.43359375,0.0,0,0,0,0,0,0,0,1,0,0,0,0,0,0,1,1,,,,
28413.134765625,41451.734375,34932.43359375,3.6,686,0,0,0,0,0,0,1,0,0,0,0,0,0,1,1,,,,
28413.134765625,41451.734375,34932.43359375,4.5,2,0,0,0,0,0,0,1,0,0,0,0,0,0,1,1,,,,
28413.134765625,41451.734375,34932.43359375,2.9,15,0,0,0,0,0,0,1,0,0,0,0,0,0,1,1,,,,
28413.134765625,41451.734375,34932.43359375,0.0,0,0,0,0,0,0,0,1,0,0,0,0,0,0,1,1,,,,
28413.134765625,41451.734375,34932.43359375,0.0,0,0,0,0,0,0,0,1,0,0,0,0,0,0,1,1,,,,
28413.134765625,41451.734375,34932.43359375,0.0,0,0,0,0,0,0,0,1,0,0,0,0,0,0,1,1,,,,
28413.134765625,41451.734375,34932.43359375,0.0,0,0,0,0,0,0,0,1,0,0,0,0,0,0,1,1,,,,
28413.134765625,41451.734375,34932.43359375,2.4,14,0,0,0,0,0,0,1,0,0,0,0,0,0,1,1,,,,
28413.134765625,41451.734375,34932.43359375,2.4,14,0,0,0,0,0,0,1,0,0,0,0,0,0,1,1,,,,
28413.134765625,41451.734375,34932.43359375,4.5,30,0,0,0,0,0,0,1,0,0,0,0,0,0,1,1,,,,
28413.134765625,41451.734375,34932.43359375,0.0,0,0,0,0,0,0,0,1,0,0,0,0,0,0,1,1,,,,
28413.134765625,41451.734375,34932.43359375,0.0,0,0,0,0,0,0,0,1,0,0,0,0,0,0,1,1,,,,
28413.134765625,41451.734375,34932.43359375,0.0,0,0,0,0,0,0,0,1,0,0,0,0,0,0,1,1,,,,
28413.134765625,41451.734375,34932.43359375,3.7,7,0,0,0,0,0,0,1,0,0,0,0,0,0,1,1,,,,
28413.134765625,41451.734375,34932.43359375,2.4,14,0,0,0,0,0,0,1,0,0,0,0,0,0,1,1,,,,
28413.134765625,41451.734375,34932.43359375,4.1,13,0,0,0,0,0,0,1,0,0,0,0,0,0,1,1,,,,
28413.134765625,41451.734375,34932.43359375,4.8,19,0,0,0,0,0,0,1,0,0,0,0,0,0,1,1,,,,
28413.134765625,41451.734375,34932.43359375,0.0,0,0,0,0,0,0,0,1,0,0,0,0,0,0,1,1,,,,
28413.134765625,41451.734375,34932.43359375,0.0,0,0,0,0,0,0,0,1,0,0,0,0,0,0,1,1,,,,
28413.134765625,41451.734375,34932.43359375,0.0,0,0,0,0,0,0,0,1,0,0,0,0,0,0,1,1,,,,
28413.134765625,41451.734375,34932.43359375,3.1,9,0,0,0,0,0,0,1,0,0,0,0,0,0,1,1,,,,
28413.134765625,41451.734375,34932.43359375,2.4,14,0,0,0,0,0,0,1,0,0,0,0,0,0,1,1,,,,
28413.134765625,41451.734375,34932.43359375,4.1,13,0,0,0,0,0,0,1,0,0,0,0,0,0,1,1,,,,
28413.134765625,41451.734375,34932.43359375,0.0,0,0,0,0,0,0,0,1,0,0,0,0,0,0,1,1,,,,
28413.134765625,41451.734375,34932.43359375,0.0,0,0,0,0,0,0,0,1,0,0,0,0,0,0,1,1,,,,
28413.134765625,41451.734375,34932.43359375,3.7,7,0,0,0,0,0,0,1,0,0,0,0,0,0,1,1,,,,
28413.134765625,41451.734375,34932.43359375,0.0,0,0,0,0,0,0,0,1,0,0,0,0,0,0,1,1,,,,
28413.134765625,41451.734375,34932.43359375,0.0,0,0,0,0,0,0,0,1,0,0,0,0,0,0,1,1,,,,
28413.134765625,41451.734375,34932.43359375,0.0,0,0,0,0,0,0,0,1,0,0,0,0,0,0,1,1,,,,
28413.134765625,41451.734375,34932.43359375,0.0,0,0,0,0,0,0,0,1,0,0,0,0,0,0,1,1,,,,
28413.134765625,41451.734375,34932.43359375,0.0,0,0,0,0,0,0,0,1,0,0,0,0,0,0,1,1,,,,
28413.134765625,41451.734375,34932.43359375,0.0,0,0,0,0,0,0,0,1,0,0,0,0,0,0,1,1,,,,
28413.134765625,41451.734375,34932.43359375,3.5,4,0,0,0,0,0,0,1,0,0,0,0,0,0,1,1,,,,
28413.134765625,41451.734375,34932.43359375,3.3,3,0,0,0,0,0,0,1,0,0,0,0,0,0,1,1,,,,
28413.134765625,41451.734375,34932.43359375,0.0,0,0,0,0,0,0,0,1,0,0,0,0,0,0,1,1,,,,
28413.134765625,41451.734375,34932.43359375,0.0,0,0,0,0,0,0,0,1,0,0,0,0,0,0,1,1,,,,
28413.134765625,41451.734375,34932.43359375,0.0,0,0,0,0,0,0,0,1,0,0,0,0,0,0,1,1,,,,
28413.134765625,41451.734375,34932.43359375,0.0,0,0,0,0,0,0,0,1,0,0,0,0,0,0,1,1,,,,
28413.134765625,41451.734375,34932.43359375,0.0,0,0,0,0,0,0,0,1,0,0,0,0,0,0,1,1,,,,
28413.134765625,41451.734375,34932.43359375,3.5,29,0,0,0,0,0,0,1,0,0,0,0,0,0,1,1,,,,
28413.134765625,41451.734375,34932.43359375,0.0,0,0,0,0,0,0,0,1,0,0,0,0,0,0,1,1,,,,
28413.134765625,41451.734375,34932.43359375,0.0,0,0,0,0,0,0,0,1,0,0,0,0,0,0,1,1,,,,
28413.134765625,41451.734375,34932.43359375,4.1,2483,0,0,0,0,0,0,1,0,0,0,0,0,0,1,1,,,,
28413.134765625,41451.734375,34932.43359375,4.1,13,0,0,0,0,0,0,1,0,0,0,0,0,0,1,1,,,,
28413.134765625,41451.734375,34932.43359375,3.8,106,0,0,0,0,0,0,1,0,0,0,0,0,0,1,1,,,,
28413.134765625,41451.734375,34932.43359375,0.0,0,0,0,0,0,0,0,1,0,0,0,0,0,0,1,1,,,,
28413.134765625,41451.734375,34932.43359375,0.0,0,0,0,0,0,0,0,1,0,0,0,0,0,0,1,1,,,,
28413.134765625,41451.734375,34932.43359375,3.0,3,0,0,0,0,0,0,1,0,0,0,0,0,0,1,1,,,,
28413.134765625,41451.734375,34932.43359375,4.4,5,0,0,0,0,0,0,1,0,0,0,0,0,0,1,1,,,,
28413.134765625,41451.734375,34932.43359375,0.0,0,0,0,0,0,0,0,1,0,0,0,0,0,0,1,1,,,,
28413.134765625,41451.734375,34932.43359375,3.0,2,0,0,0,0,0,0,1,0,0,0,0,0,0,1,1,,,,
28413.134765625,41451.734375,34932.43359375,0.0,0,0,0,0,0,0,0,1,0,0,0,0,0,0,1,1,,,,
28413.134765625,41451.734375,34932.43359375,4.0,508,0,0,0,0,0,0,1,0,0,0,0,0,0,1,1,,,,
28413.134765625,41451.734375,34932.43359375,0.0,0,0,0,0,0,0,0,1,0,0,0,0,0,0,1,1,,,,
28413.134765625,41451.734375,34932.43359375,0.0,0,0,0,0,0,0,0,1,0,0,0,0,0,0,1,1,,,,
28413.134765625,41451.734375,34932.43359375,0.0,0,0,0,0,0,0,0,1,0,0,0,0,0,0,1,1,,,,
28413.134765625,41451.734375,34932.43359375,4.1,13,0,0,0,0,0,0,1,0,0,0,0,0,0,1,1,,,,
28413.134765625,41451.734375,34932.43359375,0.0,0,0,0,0,0,0,0,1,0,0,0,0,0,0,1,1,,,,
28413.134765625,41451.734375,34932.43359375,0.0,0,0,0,0,0,0,0,1,0,0,0,0,0,0,1,1,,,,
28413.134765625,41451.734375,34932.43359375,0.0,0,0,0,0,0,0,0,1,0,0,0,0,0,0,1,1,,,,
28413.134765625,41451.734375,34932.43359375,0.0,0,0,0,0,0,0,0,1,0,0,0,0,0,0,1,1,,,,
28413.134765625,41451.734375,34932.43359375,0.0,0,0,0,0,0,0,0,1,0,0,0,0,0,0,1,1,,,,
28413.134765625,41451.734375,34932.43359375,3.5,8,0,0,0,0,0,0,1,0,0,0,0,0,0,1,1,,,,
28413.134765625,41451.734375,34932.43359375,0.0,0,0,0,0,0,0,0,1,0,0,0,0,0,0,1,1,,,,
28413.134765625,41451.734375,34932.43359375,4.5,4,0,0,0,0,0,0,1,0,0,0,0,0,0,1,1,,,,
28413.134765625,41451.734375,34932.43359375,0.0,0,0,0,0,0,0,0,1,0,0,0,0,0,0,1,1,,,,
28413.134765625,41451.734375,34932.43359375,0.0,0,0,0,0,0,0,0,1,0,0,0,0,0,0,1,1,,,,
28413.134765625,41451.734375,34932.43359375,3.7,7,0,0,0,0,0,0,1,0,0,0,0,0,0,1,1,,,,
28413.134765625,41451.734375,34932.43359375,0.0,0,0,0,0,0,0,0,1,0,0,0,0,0,0,1,1,,,,
28413.134765625,41451.734375,34932.43359375,0.0,0,0,0,0,0,0,0,1,0,0,0,0,0,0,1,1,,,,
28413.134765625,41451.734375,34932.43359375,3.7,3,0,0,0,0,0,0,1,0,0,0,0,0,0,1,1,,,,
28413.134765625,41451.734375,34932.43359375,0.0,0,0,0,0,0,0,0,1,0,0,0,0,0,0,1,1,,,,
28413.134765625,41451.734375,34932.43359375,0.0,0,0,0,0,0,0,0,1,0,0,0,0,0,0,1,1,,,,
28413.134765625,41451.734375,34932.43359375,0.0,0,0,0,0,0,0,0,1,0,0,0,0,0,0,1,1,,,,
28413.134765625,41451.734375,34932.43359375,0.0,0,0,0,0,0,0,0,1,0,0,0,0,0,0,1,1,,,,
28413.134765625,41451.734375,34932.43359375,0.0,0,0,0,0,0,0,0,1,0,0,0,0,0,0,1,1,,,,
28413.134765625,41451.734375,34932.43359375,0.0,0,0,0,0,0,0,0,1,0,0,0,0,0,0,1,1,,,,
28413.134765625,41451.734375,34932.43359375,0.0,0,0,0,0,0,0,0,1,0,0,0,0,0,0,1,1,,,,
28413.134765625,41451.734375,34932.43359375,4.0,508,0,0,0,0,0,0,1,0,0,0,0,0,0,1,1,,,,
28413.134765625,41451.734375,34932.43359375,0.0,0,0,0,0,0,0,0,1,0,0,0,0,0,0,1,1,,,,
28413.134765625,41451.734375,34932.43359375,0.0,0,0,0,0,0,0,0,1,0,0,0,0,0,0,1,1,,,,
28413.134765625,41451.734375,34932.43359375,4.1,7,0,0,0,0,0,0,1,0,0,0,0,0,0,1,1,,,,
28413.134765625,41451.734375,34932.43359375,0.0,0,0,0,0,0,0,0,1,0,0,0,0,0,0,1,1,,,,
28413.134765625,41451.734375,34932.43359375,0.0,0,0,0,0,0,0,0,1,0,0,0,0,0,0,1,1,,,,
28413.134765625,41451.734375,34932.43359375,3.0,3,0,0,0,0,0,0,1,0,0,0,0,0,0,1,1,,,,
28413.134765625,41451.734375,34932.43359375,0.0,0,0,0,0,0,0,0,1,0,0,0,0,0,0,1,1,,,,
28413.134765625,41451.734375,34932.43359375,0.0,0,0,0,0,0,0,0,1,0,0,0,0,0,0,1,1,,,,
28413.134765625,41451.734375,34932.43359375,0.0,0,0,0,0,0,0,0,1,0,0,0,0,0,0,1,1,,,,
28413.134765625,41451.734375,34932.43359375,0.0,0,0,0,0,0,0,0,1,0,0,0,0,0,0,1,1,,,,
28413.134765625,41451.734375,34932.43359375,3.5,29,0,0,0,0,0,0,1,0,0,0,0,0,0,1,1,,,,
28413.134765625,41451.734375,34932.43359375,4.5,2,0,0,0,0,0,0,1,0,0,0,0,0,0,1,1,,,,
28413.134765625,41451.734375,34932.43359375,0.0,0,0,0,0,0,0,0,1,0,0,0,0,0,0,1,1,,,,
28413.134765625,41451.734375,34932.43359375,0.0,0,0,0,0,0,0,0,1,0,0,0,0,0,0,1,1,,,,
28413.134765625,41451.734375,34932.43359375,0.0,0,0,0,0,0,0,0,1,0,0,0,0,0,0,1,1,,,,
28413.134765625,41451.734375,34932.43359375,4.5,2,0,0,0,0,0,0,1,0,0,0,0,0,0,1,1,,,,
28413.134765625,41451.734375,34932.43359375,3.1,0,0,0,0,0,0,0,1,0,0,0,0,0,0,1,1,,,,
28413.134765625,41451.734375,34932.43359375,0.0,0,0,0,0,0,0,0,1,0,0,0,0,0,0,1,1,,,,
28413.134765625,41451.734375,34932.43359375,0.0,0,0,0,0,0,0,0,1,0,0,0,0,0,0,1,1,,,,
28413.134765625,41451.734375,34932.43359375,4.1,2483,0,0,0,0,0,0,1,0,0,0,0,0,0,1,1,,,,
28413.134765625,41451.734375,34932.43359375,3.2,33,0,0,0,0,0,0,1,0,0,0,0,0,0,1,1,,,,
28413.134765625,41451.734375,34932.43359375,0.0,0,0,0,0,0,0,0,1,0,0,0,0,0,0,1,1,,,,
28413.134765625,41451.734375,34932.43359375,3.3,8,0,0,0,0,0,0,1,0,0,0,0,0,0,1,1,,,,
28413.134765625,41451.734375,34932.43359375,0.0,0,0,0,0,0,0,0,1,0,0,0,0,0,0,1,1,,,,
28413.134765625,41451.734375,34932.43359375,0.0,0,0,0,0,0,0,0,1,0,0,0,0,0,0,1,1,,,,
28413.134765625,41451.734375,34932.43359375,3.5,40,0,0,0,0,0,0,1,0,0,0,0,0,0,1,1,,,,
28413.134765625,41451.734375,34932.43359375,3.9,9,0,0,0,0,0,0,1,0,0,0,0,0,0,1,1,,,,
28413.134765625,41451.734375,34932.43359375,5.0,4,0,0,0,0,0,0,1,0,0,0,0,0,0,1,1,,,,
28413.134765625,41451.734375,34932.43359375,4.5,2,0,0,0,0,0,0,1,0,0,0,0,0,0,1,1,,,,
28413.134765625,41451.734375,34932.43359375,0.0,0,0,0,0,0,0,0,1,0,0,0,0,0,0,1,1,,,,
28413.134765625,41451.734375,34932.43359375,0.0,0,0,0,0,0,0,0,1,0,0,0,0,0,0,1,1,,,,
28413.134765625,41451.734375,34932.43359375,4.0,4,0,0,0,0,0,0,1,0,0,0,0,0,0,1,1,,,,
28413.134765625,41451.734375,34932.43359375,3.3,8,0,0,0,0,0,0,1,0,0,0,0,0,0,1,1,,,,
28413.134765625,41451.734375,34932.43359375,5.0,4,0,0,0,0,0,0,1,0,0,0,0,0,0,1,1,,,,
28413.134765625,41451.734375,34932.43359375,3.1,166,0,0,0,0,0,0,1,0,0,0,0,0,0,1,1,,,,
28413.134765625,41451.734375,34932.43359375,0.0,0,0,0,0,0,0,0,1,0,0,0,0,0,0,1,1,,,,
28413.134765625,41451.734375,34932.43359375,0.0,0,0,0,0,0,0,0,1,0,0,0,0,0,0,1,1,,,,
28413.134765625,41451.734375,34932.43359375,3.2,17,0,0,0,0,0,0,1,0,0,0,0,0,0,1,1,,,,
28413.134765625,41451.734375,34932.43359375,4.1,33,0,0,0,0,0,0,1,0,0,0,0,0,0,1,1,,,,
28413.134765625,41451.734375,34932.43359375,0.0,0,0,0,0,0,0,0,1,0,0,0,0,0,0,1,1,,,,
28413.134765625,41451.734375,34932.43359375,4.5,6,0,0,0,0,0,0,1,0,0,0,0,0,0,1,1,,,,
28413.134765625,41451.734375,34932.43359375,0.0,0,0,0,0,0,0,0,1,0,0,0,0,0,0,1,1,,,,
28413.134765625,41451.734375,34932.43359375,3.1,9,0,0,0,0,0,0,1,0,0,0,0,0,0,1,1,,,,
28413.134765625,41451.734375,34932.43359375,4.1,296,0,0,0,0,0,0,1,0,0,0,0,0,0,1,1,,,,
28413.134765625,41451.734375,34932.43359375,3.0,2,0,0,0,0,0,0,1,0,0,0,0,0,0,1,1,,,,
28413.134765625,41451.734375,34932.43359375,3.2,17,0,0,0,0,0,0,1,0,0,0,0,0,0,1,1,,,,
28413.134765625,41451.734375,34932.43359375,0.0,0,0,0,0,0,0,0,1,0,0,0,0,0,0,1,1,,,,
28413.134765625,41451.734375,34932.43359375,0.0,0,0,0,0,0,0,0,1,0,0,0,0,0,0,1,1,,,,
28413.134765625,41451.734375,34932.43359375,3.3,21,0,0,0,0,0,0,1,0,0,0,0,0,0,1,1,,,,
28413.134765625,41451.734375,34932.43359375,0.0,0,0,0,0,0,0,0,1,0,0,0,0,0,0,1,1,,,,
28413.134765625,41451.734375,34932.43359375,0.0,0,0,0,0,0,0,0,1,0,0,0,0,0,0,1,1,,,,
28413.134765625,41451.734375,34932.43359375,3.7,20,0,0,0,0,0,0,1,0,0,0,0,0,0,1,1,,,,
28413.134765625,41451.734375,34932.43359375,4.8,19,0,0,0,0,0,0,1,0,0,0,0,0,0,1,1,,,,
28413.134765625,41451.734375,34932.43359375,0.0,0,0,0,0,0,0,0,1,0,0,0,0,0,0,1,1,,,,
28413.134765625,41451.734375,34932.43359375,0.0,0,0,0,0,0,0,0,1,0,0,0,0,0,0,1,1,,,,
28413.134765625,41451.734375,34932.43359375,3.6,224,0,0,0,0,0,0,1,0,0,0,0,0,0,1,1,,,,
28413.134765625,41451.734375,34932.43359375,5.0,4,0,0,0,0,0,0,1,0,0,0,0,0,0,1,1,,,,
28413.134765625,41451.734375,34932.43359375,0.0,0,0,0,0,0,0,0,1,0,0,0,0,0,0,1,1,,,,
28413.134765625,41451.734375,34932.43359375,0.0,0,0,0,0,0,0,0,1,0,0,0,0,0,0,1,1,,,,
28413.134765625,41451.734375,34932.43359375,0.0,0,0,0,0,0,0,0,1,0,0,0,0,0,0,1,1,,,,
28413.134765625,41451.734375,34932.43359375,0.0,0,0,0,0,0,0,0,1,0,0,0,0,0,0,1,1,,,,
28413.134765625,41451.734375,34932.43359375,0.0,0,0,0,0,0,0,0,1,0,0,0,0,0,0,1,1,,,,
28413.134765625,41451.734375,34932.43359375,3.8,24,0,0,0,0,0,0,1,0,0,0,0,0,0,1,1,,,,
28413.134765625,41451.734375,34932.43359375,3.8,13,0,0,0,0,0,0,1,0,0,0,0,0,0,1,1,,,,
28413.134765625,41451.734375,34932.43359375,4.5,2,0,0,0,0,0,0,1,0,0,0,0,0,0,1,1,,,,
28413.134765625,41451.734375,34932.43359375,0.0,0,0,0,0,0,0,0,1,0,0,0,0,0,0,1,1,,,,
28413.134765625,41451.734375,34932.43359375,0.0,0,0,0,0,0,0,0,1,0,0,0,0,0,0,1,1,,,,
28413.134765625,41451.734375,34932.43359375,0.0,0,0,0,0,0,0,0,1,0,0,0,0,0,0,1,1,,,,
28413.134765625,41451.734375,34932.43359375,3.3,8,0,0,0,0,0,0,1,0,0,0,0,0,0,1,1,,,,
28413.134765625,41451.734375,34932.43359375,3.8,6,0,0,0,0,0,0,1,0,0,0,0,0,0,1,1,,,,
28413.134765625,41451.734375,34932.43359375,0.0,0,0,0,0,0,0,0,1,0,0,0,0,0,0,1,1,,,,
28413.134765625,41451.734375,34932.43359375,0.0,0,0,0,0,0,0,0,1,0,0,0,0,0,0,1,1,,,,
28413.134765625,41451.734375,34932.43359375,0.0,0,0,0,0,0,0,0,1,0,0,0,0,0,0,1,1,,,,
28413.134765625,41451.734375,34932.43359375,0.0,0,0,0,0,0,0,0,1,0,0,0,0,0,0,1,1,,,,
28413.134765625,41451.734375,34932.43359375,3.9,9,0,0,0,0,0,0,1,0,0,0,0,0,0,1,1,,,,
28413.134765625,41451.734375,34932.43359375,5.0,2,0,0,0,0,0,0,1,0,0,0,0,0,0,1,1,,,,
28413.134765625,41451.734375,34932.43359375,0.0,0,0,0,0,0,0,0,1,0,0,0,0,0,0,1,1,,,,
28413.134765625,41451.734375,34932.43359375,0.0,0,0,0,0,0,0,0,1,0,0,0,0,0,0,1,1,,,,
28413.134765625,41451.734375,34932.43359375,0.0,0,0,0,0,0,0,0,1,0,0,0,0,0,0,1,1,,,,
28413.134765625,41451.734375,34932.43359375,0.0,0,0,0,0,0,0,0,1,0,0,0,0,0,0,1,1,,,,
28413.134765625,41451.734375,34932.43359375,4.1,2483,0,0,0,0,0,0,1,0,0,0,0,0,0,1,1,,,,
28413.134765625,41451.734375,34932.43359375,0.0,0,0,0,0,0,0,0,1,0,0,0,0,0,0,1,1,,,,
28413.134765625,41451.734375,34932.43359375,4.1,2483,0,0,0,0,0,0,1,0,0,0,0,0,0,1,1,,,,
28413.134765625,41451.734375,34932.43359375,0.0,0,0,0,0,0,0,0,1,0,0,0,0,0,0,1,1,,,,
28413.134765625,41451.734375,34932.43359375,0.0,0,0,0,0,0,0,0,1,0,0,0,0,0,0,1,1,,,,
28413.134765625,41451.734375,34932.43359375,0.0,0,0,0,0,0,0,0,1,0,0,0,0,0,0,1,1,,,,
28413.134765625,41451.734375,34932.43359375,0.0,0,0,0,0,0,0,0,1,0,0,0,0,0,0,1,1,,,,
28413.134765625,41451.734375,34932.43359375,0.0,0,0,0,0,0,0,0,1,0,0,0,0,0,0,1,1,,,,
28413.134765625,41451.734375,34932.43359375,0.0,0,0,0,0,0,0,0,1,0,0,0,0,0,0,1,1,,,,
28413.134765625,41451.734375,34932.43359375,3.9,9,0,0,0,0,0,0,1,0,0,0,0,0,0,1,1,,,,
28413.134765625,41451.734375,34932.43359375,3.5,646,0,0,0,0,0,0,1,0,0,0,0,0,0,1,1,,,,
28413.134765625,41451.734375,34932.43359375,3.8,24,0,0,0,0,0,0,1,0,0,0,0,0,0,1,1,,,,
28413.134765625,41451.734375,34932.43359375,3.2,13,0,0,0,0,0,0,1,0,0,0,0,0,0,1,1,,,,
28413.134765625,41451.734375,34932.43359375,0.0,0,0,0,0,0,0,0,1,0,0,0,0,0,0,1,1,,,,
28413.134765625,41451.734375,34932.43359375,3.1,132,0,0,0,0,0,0,1,0,0,0,0,0,0,1,1,,,,
30000.0,40000.0,35000.0,0.0,0,0,0,1,0,0,0,1,0,0,0,0,0,0,1,1,0.0,0.0,0.0,0.0
30000.0,40000.0,35000.0,0.0,0,0,0,1,0,0,0,1,0,0,0,0,0,0,1,1,0.0,0.0,0.0,0.0
30000.0,40000.0,35000.0,0.0,0,0,0,1,0,0,0,1,0,0,0,0,0,0,1,1,0.0,0.0,0.0,0.0
30000.0,40000.0,35000.0,0.0,0,0,0,1,0,0,0,1,0,0,0,0,0,0,1,1,0.0,0.0,0.0,0.0
30000.0,40000.0,35000.0,4.3,16,0,0,0,0,0,0,0,0,0,0,0,0,0,1,1,0.0,0.0,0.0,0.0
35000.0,35000.0,35000.0,0.0,0,0,0,0,0,0,0,0,0,0,0,0,1,0,0,1,0.0,0.0,0.0,0.0
25000.0,45000.0,35000.0,3.0,2,0,0,1,0,0,0,1,0,0,0,0,0,0,1,1,0.0,0.0,0.0,0.0
30000.0,40000.0,35000.0,3.7,477,0,0,0,0,0,0,0,0,0,0,0,0,0,1,1,0.0,0.0,0.0,0.0
30000.0,40000.0,35000.0,3.9,7,0,0,1,0,0,0,1,0,0,0,0,0,0,1,1,0.0,0.0,0.0,0.0
30000.0,40000.0,35000.0,0.0,0,0,0,0,0,0,0,0,0,0,0,0,0,0,1,1,0.0,0.0,0.0,0.0
32000.0,38000.0,35000.0,4.1,13,0,0,0,0,0,0,1,0,0,0,0,0,0,1,1,0.0,0.0,0.0,0.0
28489.548828125,41528.1484375,35008.84765625,3.7,341,0,0,0,0,0,0,0,0,0,0,1,0,0,1,1,,,,
28489.548828125,41528.1484375,35008.84765625,3.7,3,0,0,0,0,0,0,0,0,0,0,1,0,0,1,1,,,,
28489.548828125,41528.1484375,35008.84765625,4.7,10,0,0,0,0,0,0,0,0,0,0,1,0,1,1,1,,,,
28489.548828125,41528.1484375,35008.84765625,4.0,52,0,0,0,0,0,0,0,0,0,0,1,0,0,1,1,,,,
28912.318359375,41950.91796875,35431.6171875,4.1,754,1,0,0,0,0,0,0,0,0,1,0,0,0,1,1,,,,
28912.318359375,41950.91796875,35431.6171875,4.0,26,1,0,0,0,0,0,0,0,0,1,0,0,0,1,1,,,,
28912.318359375,41950.91796875,35431.6171875,3.6,452,1,0,0,0,0,0,0,0,0,1,0,0,0,1,1,,,,
28912.318359375,41950.91796875,35431.6171875,4.1,754,1,0,0,0,0,0,0,0,0,1,0,0,0,1,1,,,,
28912.318359375,41950.91796875,35431.6171875,4.0,80,1,0,0,0,0,0,0,0,0,1,0,0,0,1,1,,,,
28912.318359375,41950.91796875,35431.6171875,3.7,20,1,0,0,0,0,0,0,0,0,1,0,0,0,1,1,,,,
28912.318359375,41950.91796875,35431.6171875,3.7,20,1,0,0,0,0,0,0,0,0,1,0,0,0,1,1,,,,
28912.318359375,41950.91796875,35431.6171875,3.3,69,1,0,0,0,0,0,0,0,0,1,0,0,0,1,1,,,,
28912.318359375,41950.91796875,35431.6171875,3.5,2449,1,0,0,0,0,0,0,0,0,1,0,0,0,1,1,,,,
28912.318359375,41950.91796875,35431.6171875,2.8,6,1,0,0,0,0,0,0,0,0,1,0,0,0,1,1,,,,
28912.318359375,41950.91796875,35431.6171875,3.6,40,1,0,0,0,0,0,0,0,0,1,0,0,0,1,1,,,,
28912.318359375,41950.91796875,35431.6171875,4.3,9,1,0,0,0,0,0,0,0,0,1,0,0,0,1,1,,,,
28912.318359375,41950.91796875,35431.6171875,4.1,754,1,0,0,0,0,0,0,0,0,1,0,0,0,1,1,,,,
28912.318359375,41950.91796875,35431.6171875,3.2,33,1,0,0,0,0,0,0,0,0,1,0,0,0,1,1,,,,
28912.318359375,41950.91796875,35431.6171875,0.0,0,1,0,0,0,0,0,0,0,0,1,0,0,0,1,1,,,,
28912.318359375,41950.91796875,35431.6171875,3.7,13,1,0,0,0,0,0,0,0,0,1,0,0,0,1,1,,,,
28912.318359375,41950.91796875,35431.6171875,4.1,754,1,0,0,0,0,0,0,0,0,1,0,0,0,1,1,,,,
28912.318359375,41950.91796875,35431.6171875,3.6,686,1,0,0,0,0,0,0,0,0,1,0,0,0,1,1,,,,
28912.318359375,41950.91796875,35431.6171875,4.1,754,1,0,0,0,0,0,0,0,0,1,0,0,0,1,1,,,,
28912.318359375,41950.91796875,35431.6171875,4.0,80,1,0,0,0,0,0,0,0,0,1,0,0,0,1,1,,,,
28912.318359375,41950.91796875,35431.6171875,3.6,686,1,0,0,0,0,0,0,0,0,1,0,0,0,1,1,,,,
28912.318359375,41950.91796875,35431.6171875,0.0,0,1,0,0,0,0,0,0,0,0,1,0,0,0,1,1,,,,
28912.318359375,41950.91796875,35431.6171875,0.0,0,1,0,0,0,0,0,0,0,0,1,0,0,0,1,1,,,,
28912.318359375,41950.91796875,35431.6171875,4.1,574,1,0,0,0,0,0,0,0,0,1,0,0,0,1,1,,,,
28912.318359375,41950.91796875,35431.6171875,2.8,6,1,0,0,0,0,0,0,0,0,1,0,0,0,1,1,,,,
28912.318359375,41950.91796875,35431.6171875,3.4,702,1,0,0,0,0,0,0,0,0,1,0,0,0,1,1,,,,
28912.318359375,41950.91796875,35431.6171875,0.0,0,1,0,0,0,0,0,0,0,0,1,0,0,0,1,1,,,,
34000.0,37000.0,35500.0,0.0,0,0,0,0,0,0,0,0,0,0,0,0,1,0,1,1,0.0,0.0,0.0,0.0
29110.994140625,42149.59375,35630.29296875,0.0,0,0,0,1,0,0,0,1,0,0,0,0,1,0,0,1,,,,
29110.994140625,42149.59375,35630.29296875,0.0,0,0,0,1,0,0,0,1,0,0,0,0,1,0,0,1,,,,
29110.994140625,42149.59375,35630.29296875,0.0,0,0,0,1,0,0,0,1,0,0,0,0,1,0,0,1,,,,
29110.994140625,42149.59375,35630.29296875,0.0,0,0,0,1,0,0,0,1,0,0,0,0,1,0,0,1,,,,
29110.994140625,42149.59375,35630.29296875,0.0,0,0,0,1,0,0,0,1,0,0,0,0,1,0,0,1,,,,
29110.994140625,42149.59375,35630.29296875,0.0,0,0,0,1,0,0,0,1,0,0,0,0,1,0,0,1,,,,
29110.994140625,42149.59375,35630.29296875,0.0,0,0,0,1,0,0,0,1,0,0,0,0,1,0,0,1,,,,
29110.994140625,42149.59375,35630.29296875,0.0,0,0,0,1,0,0,0,1,0,0,0,0,1,0,0,1,,,,
29110.994140625,42149.59375,35630.29296875,3.6,854,0,0,1,0,0,0,1,0,0,0,0,1,0,0,1,,,,
29110.994140625,42149.59375,35630.29296875,4.7,3,0,0,1,0,0,0,1,0,0,0,0,1,0,0,1,,,,
29110.994140625,42149.59375,35630.29296875,0.0,0,0,0,1,0,0,0,1,0,0,0,0,1,0,0,1,,,,
29110.994140625,42149.59375,35630.29296875,0.0,0,0,0,1,0,0,0,1,0,0,0,0,1,0,0,1,,,,
29110.994140625,42149.59375,35630.29296875,0.0,0,0,0,1,0,0,0,1,0,0,0,0,1,0,0,1,,,,
29110.994140625,42149.59375,35630.29296875,0.0,0,0,0,1,0,0,0,1,0,0,0,0,1,0,0,1,,,,
29110.994140625,42149.59375,35630.29296875,0.0,0,0,0,1,0,0,1,1,0,0,0,0,1,0,0,1,,,,
29377.388671875,42415.98828125,35896.6875,0.0,0,0,0,1,0,0,0,0,0,0,1,0,0,0,1,1,,,,
29457.412109375,42496.01171875,35976.7109375,3.7,10,0,0,0,0,0,0,1,0,0,0,0,1,0,0,1,,,,
29457.412109375,42496.01171875,35976.7109375,5.0,2,0,0,0,0,0,0,1,0,0,0,0,1,0,0,1,,,,
29457.412109375,42496.01171875,35976.7109375,0.0,0,0,0,0,0,0,0,1,0,0,0,0,1,0,0,1,,,,
29457.412109375,42496.01171875,35976.7109375,3.6,19,0,0,0,0,0,0,1,0,0,0,0,1,0,0,1,,,,
29457.412109375,42496.01171875,35976.7109375,3.0,25,0,0,0,0,0,0,1,0,0,0,0,1,0,0,1,,,,
29457.412109375,42496.01171875,35976.7109375,3.8,19,0,0,0,0,0,0,1,0,0,0,0,1,0,0,1,,,,
29457.412109375,42496.01171875,35976.7109375,3.6,19,0,0,0,0,0,0,1,0,0,0,0,1,0,0,1,,,,
29457.412109375,42496.01171875,35976.7109375,3.6,19,0,0,0,0,0,0,1,0,0,0,0,1,0,0,1,,,,
29457.412109375,42496.01171875,35976.7109375,0.0,0,0,0,0,0,0,0,1,0,0,0,0,1,0,0,1,,,,
29457.412109375,42496.01171875,35976.7109375,0.0,0,0,0,0,0,0,0,1,0,0,0,0,1,0,0,1,,,,
29457.412109375,42496.01171875,35976.7109375,4.1,13,0,0,0,0,0,0,1,0,0,0,0,1,0,0,1,,,,
29457.412109375,42496.01171875,35976.7109375,3.5,644,0,0,0,0,0,0,1,0,0,0,0,1,0,0,1,,,,
29457.412109375,42496.01171875,35976.7109375,3.6,19,0,0,0,0,0,0,1,0,0,0,0,1,0,0,1,,,,
29457.412109375,42496.01171875,35976.7109375,0.0,0,0,0,0,0,0,0,1,0,0,0,0,1,0,0,1,,,,
29457.412109375,42496.01171875,35976.7109375,3.6,19,0,0,0,0,0,0,1,0,0,0,0,1,0,0,1,,,,
29457.412109375,42496.01171875,35976.7109375,3.6,19,0,0,0,0,0,0,1,0,0,0,0,1,0,0,1,,,,
29457.412109375,42496.01171875,35976.7109375,0.0,0,0,0,0,0,0,0,1,0,0,0,0,1,0,0,1,,,,
29457.412109375,42496.01171875,35976.7109375,3.8,19,0,0,0,0,0,0,1,0,0,0,0,1,0,0,1,,,,
29457.412109375,42496.01171875,35976.7109375,0.0,0,0,0,0,0,0,1,1,0,0,0,0,1,0,0,1,,,,
29457.412109375,42496.01171875,35976.7109375,3.6,19,0,0,0,0,0,0,1,0,0,0,0,1,0,0,1,,,,
29457.412109375,42496.01171875,35976.7109375,3.8,19,0,0,0,0,0,0,1,0,0,0,0,1,0,0,1,,,,
29457.412109375,42496.01171875,35976.7109375,3.5,646,0,0,0,0,0,0,1,0,0,0,0,1,0,0,1,,,,
29457.412109375,42496.01171875,35976.7109375,3.8,19,0,0,0,0,0,0,1,0,0,0,0,1,0,0,1,,,,
29457.412109375,42496.01171875,35976.7109375,3.2,11,0,0,0,0,0,0,1,0,0,0,0,1,0,0,1,,,,
29457.412109375,42496.01171875,35976.7109375,3.8,19,0,0,0,0,0,0,1,0,0,0,0,1,0,0,1,,,,
29457.412109375,42496.01171875,35976.7109375,0.0,0,0,0,0,0,0,0,1,0,0,0,0,1,0,0,1,,,,
29457.412109375,42496.01171875,35976.7109375,3.8,7878,0,0,0,0,0,0,1,0,0,0,0,1,0,0,1,,,,
29457.412109375,42496.01171875,35976.7109375,0.0,0,0,0,0,0,0,0,1,0,0,0,0,1,0,0,1,,,,
29457.412109375,42496.01171875,35976.7109375,0.0,0,0,0,0,0,0,0,1,0,0,0,0,1,0,0,1,,,,
29457.412109375,42496.01171875,35976.7109375,3.8,19,0,0,0,0,0,0,1,0,0,0,0,1,0,0,1,,,,
29457.412109375,42496.01171875,35976.7109375,3.1,62,0,0,0,0,0,0,1,0,0,0,0,1,0,0,1,,,,
29457.412109375,42496.01171875,35976.7109375,3.0,3,0,0,0,0,0,0,1,0,0,0,0,1,0,0,1,,,,
29457.412109375,42496.01171875,35976.7109375,0.0,0,0,0,0,0,0,0,1,0,0,0,0,1,0,0,1,,,,
29457.412109375,42496.01171875,35976.7109375,3.6,19,0,0,0,0,0,0,1,0,0,0,0,1,0,0,1,,,,
29457.412109375,42496.01171875,35976.7109375,0.0,0,0,0,0,0,0,0,1,0,0,0,0,1,0,0,1,,,,
29457.412109375,42496.01171875,35976.7109375,0.0,0,0,0,0,0,0,0,1,0,0,0,0,1,0,0,1,,,,
29457.412109375,42496.01171875,35976.7109375,3.8,19,0,0,0,0,0,0,1,0,0,0,0,1,0,0,1,,,,
29457.412109375,42496.01171875,35976.7109375,3.6,19,0,0,0,0,0,0,1,0,0,0,0,1,0,0,1,,,,
29457.412109375,42496.01171875,35976.7109375,3.3,3,0,0,0,0,0,0,1,0,0,0,0,1,0,0,1,,,,
29457.412109375,42496.01171875,35976.7109375,3.0,3,0,0,0,0,0,0,1,0,0,0,0,1,0,0,1,,,,
29457.412109375,42496.01171875,35976.7109375,3.9,10,0,0,0,0,0,0,1,0,0,0,0,1,0,0,1,,,,
29457.412109375,42496.01171875,35976.7109375,5.0,2,0,0,0,0,0,0,1,0,0,0,0,1,0,0,1,,,,
29457.412109375,42496.01171875,35976.7109375,3.8,19,0,0,0,0,0,0,1,0,0,0,0,1,0,0,1,,,,
29457.412109375,42496.01171875,35976.7109375,3.8,19,0,0,0,0,0,0,1,0,0,0,0,1,0,0,1,,,,
29457.412109375,42496.01171875,35976.7109375,0.0,0,0,0,0,0,0,0,1,0,0,0,0,1,0,0,1,,,,
29457.412109375,42496.01171875,35976.7109375,2.7,354,0,0,0,0,0,0,1,0,0,0,0,1,0,0,1,,,,
29457.412109375,42496.01171875,35976.7109375,0.0,0,0,0,0,0,0,0,1,0,0,0,0,1,0,0,1,,,,
29457.412109375,42496.01171875,35976.7109375,3.8,19,0,0,0,0,0,0,1,0,0,0,0,1,0,0,1,,,,
29457.412109375,42496.01171875,35976.7109375,0.0,0,0,0,0,0,0,0,1,0,0,0,0,1,0,0,1,,,,
29457.412109375,42496.01171875,35976.7109375,3.1,9,0,0,0,0,0,0,1,0,0,0,0,1,0,0,1,,,,
29457.412109375,42496.01171875,35976.7109375,3.8,19,0,0,0,0,0,0,1,0,0,0,0,1,0,0,1,,,,
29457.412109375,42496.01171875,35976.7109375,3.2,13,0,0,0,0,0,0,1,0,0,0,0,1,0,0,1,,,,
29457.412109375,42496.01171875,35976.7109375,3.8,19,0,0,0,0,0,0,1,0,0,0,0,1,0,0,1,,,,
29457.412109375,42496.01171875,35976.7109375,0.0,0,0,0,0,0,0,0,1,0,0,0,0,1,0,0,1,,,,
29457.412109375,42496.01171875,35976.7109375,0.0,0,0,0,0,0,0,0,1,0,0,0,0,1,0,0,1,,,,
29457.412109375,42496.01171875,35976.7109375,0.0,0,0,0,0,0,0,0,1,0,0,0,0,1,0,0,1,,,,
29457.412109375,42496.01171875,35976.7109375,0.0,0,0,0,0,0,0,0,1,0,0,0,0,1,0,0,1,,,,
29457.412109375,42496.01171875,35976.7109375,3.6,19,0,0,0,0,0,0,1,0,0,0,0,1,0,0,1,,,,
29457.412109375,42496.01171875,35976.7109375,3.6,19,0,0,0,0,0,0,1,0,0,0,0,1,0,0,1,,,,
29457.412109375,42496.01171875,35976.7109375,3.9,10,0,0,0,0,0,0,1,0,0,0,0,1,0,0,1,,,,
29457.412109375,42496.01171875,35976.7109375,4.2,30,0,0,0,0,0,0,1,0,0,0,0,1,0,0,1,,,,
29457.412109375,42496.01171875,35976.7109375,0.0,0,0,0,0,0,0,0,1,0,0,0,0,1,0,0,1,,,,
29457.412109375,42496.01171875,35976.7109375,4.2,30,0,0,0,0,0,0,1,0,0,0,0,1,0,0,1,,,,
29457.412109375,42496.01171875,35976.7109375,4.2,30,0,0,0,0,0,0,1,0,0,0,0,1,0,0,1,,,,
29457.412109375,42496.01171875,35976.7109375,2.0,3,0,0,0,0,0,0,1,0,0,0,0,1,0,0,1,,,,
29457.412109375,42496.01171875,35976.7109375,3.6,19,0,0,0,0,0,0,1,0,0,0,0,1,0,0,1,,,,
29457.412109375,42496.01171875,35976.7109375,3.6,19,0,0,0,0,0,0,1,0,0,0,0,1,0,0,1,,,,
29457.412109375,42496.01171875,35976.7109375,3.6,19,0,0,0,0,0,0,1,0,0,0,0,1,0,0,1,,,,
29457.412109375,42496.01171875,35976.7109375,4.2,30,0,0,0,0,0,0,1,0,0,0,0,1,0,0,1,,,,
29457.412109375,42496.01171875,35976.7109375,3.6,19,0,0,0,0,0,0,1,0,0,0,0,1,0,0,1,,,,
29457.412109375,42496.01171875,35976.7109375,0.0,0,0,0,0,0,0,0,1,0,0,0,0,1,0,0,1,,,,
29457.412109375,42496.01171875,35976.7109375,3.6,19,0,0,0,0,0,0,1,0,0,0,0,1,0,0,1,,,,
29457.412109375,42496.01171875,35976.7109375,3.2,509,0,0,0,0,0,0,1,0,0,0,0,1,0,0,1,,,,
29457.412109375,42496.01171875,35976.7109375,3.6,19,0,0,0,0,0,0,1,0,0,0,0,1,0,0,1,,,,
29457.412109375,42496.01171875,35976.7109375,0.0,0,0,0,0,0,0,0,1,0,0,0,0,1,0,0,1,,,,
29457.412109375,42496.01171875,35976.7109375,3.6,19,0,0,0,0,0,0,1,0,0,0,0,1,0,0,1,,,,
29457.412109375,42496.01171875,35976.7109375,3.1,15,0,0,0,0,0,0,1,0,0,0,0,1,0,0,1,,,,
29457.412109375,42496.01171875,35976.7109375,0.0,0,0,0,0,0,0,0,1,0,0,0,0,1,0,0,1,,,,
29457.412109375,42496.01171875,35976.7109375,0.0,0,0,0,0,0,0,0,1,0,0,0,0,1,0,0,1,,,,
29457.412109375,42496.01171875,35976.7109375,3.8,19,0,0,0,0,0,0,1,0,0,0,0,1,0,0,1,,,,
29457.412109375,42496.01171875,35976.7109375,3.8,24,0,0,0,0,0,0,1,0,0,0,0,1,0,0,1,,,,
29457.412109375,42496.01171875,35976.7109375,0.0,0,0,0,0,0,0,0,1,0,0,0,0,1,0,0,1,,,,
29457.412109375,42496.01171875,35976.7109375,3.9,10,0,0,0,0,0,0,1,0,0,0,0,1,0,0,1,,,,
29457.412109375,42496.01171875,35976.7109375,3.6,19,0,0,0,0,0,0,1,0,0,0,0,1,0,0,1,,,,
29457.412109375,42496.01171875,35976.7109375,3.9,10,0,0,0,0,0,0,1,0,0,0,0,1,0,0,1,,,,
29457.412109375,42496.01171875,35976.7109375,3.9,10,0,0,0,0,0,0,1,0,0,0,0,1,0,0,1,,,,
29457.412109375,42496.01171875,35976.7109375,0.0,0,0,0,0,0,0,0,1,0,0,0,0,1,0,0,1,,,,
29457.412109375,42496.01171875,35976.7109375,0.0,0,0,0,0,0,0,0,1,0,0,0,0,1,0,0,1,,,,
29457.412109375,42496.01171875,35976.7109375,3.6,19,0,0,0,0,0,0,1,0,0,0,0,1,0,0,1,,,,
29457.412109375,42496.01171875,35976.7109375,4.7,3,0,0,0,0,0,0,1,0,0,0,0,1,0,0,1,,,,
32000.0,40000.0,36000.0,0.0,0,0,0,1,0,0,0,1,0,0,0,0,0,0,1,1,0.0,0.0,0.0,0.0
32000.0,40000.0,36000.0,0.0,0,0,0,1,0,0,0,1,0,0,0,0,0,0,1,1,0.0,0.0,0.0,0.0
31200.0,40800.0,36000.0,0.0,0,0,0,1,0,0,0,1,0,0,0,0,0,0,1,0,0.0,0.0,1.0,0.0
35000.0,37000.0,36000.0,0.0,0,0,0,1,0,0,0,1,0,0,0,0,1,0,0,1,0.0,0.0,0.0,0.0
32000.0,40000.0,36000.0,4.2,30,0,0,0,0,0,0,1,0,0,0,0,1,0,0,1,0.0,0.0,0.0,0.0
32000.0,40000.0,36000.0,0.0,0,0,0,0,0,0,0,1,0,0,0,0,0,0,1,1,0.0,0.0,0.0,0.0
32000.0,40000.0,36000.0,0.0,0,0,0,0,0,0,0,1,0,0,0,0,0,0,1,1,0.0,0.0,0.0,0.0
32000.0,40000.0,36000.0,0.0,0,0,0,0,0,0,0,1,0,0,0,0,0,1,0,1,0.0,0.0,0.0,0.0
29563.130859375,42601.73046875,36082.4296875,0.0,0,0,0,1,0,0,0,1,0,0,0,0,1,0,1,1,,,,
29563.130859375,42601.73046875,36082.4296875,0.0,0,0,0,1,0,0,0,1,0,0,0,0,1,0,1,1,,,,
29563.130859375,42601.73046875,36082.4296875,3.0,2,0,0,1,0,0,0,1,0,0,0,0,1,0,1,1,,,,
29563.130859375,42601.73046875,36082.4296875,3.6,854,0,0,1,0,0,0,1,0,0,0,0,1,0,1,1,,,,
29597.830078125,42636.4296875,36117.12890625,0.0,0,0,0,1,0,0,0,1,0,0,0,0,0,0,1,1,,,,
29597.830078125,42636.4296875,36117.12890625,0.0,0,0,0,1,0,0,0,1,0,0,0,0,0,0,1,1,,,,
29597.830078125,42636.4296875,36117.12890625,0.0,0,0,0,1,0,0,0,1,0,0,0,0,0,0,1,1,,,,
29597.830078125,42636.4296875,36117.12890625,0.0,0,0,0,1,0,0,0,1,0,0,0,0,0,0,1,1,,,,
29597.830078125,42636.4296875,36117.12890625,0.0,0,0,0,1,0,0,0,1,0,0,0,0,0,0,1,1,,,,
29597.830078125,42636.4296875,36117.12890625,0.0,0,0,0,1,0,0,1,1,0,0,0,0,0,0,1,1,,,,
29597.830078125,42636.4296875,36117.12890625,3.0,2,0,0,1,0,0,0,1,0,0,0,0,0,0,1,1,,,,
29597.830078125,42636.4296875,36117.12890625,0.0,0,0,0,1,0,0,0,1,0,0,0,0,0,0,1,1,,,,
29597.830078125,42636.4296875,36117.12890625,0.0,0,0,0,1,0,0,0,1,0,0,0,0,0,0,1,1,,,,
29597.830078125,42636.4296875,36117.12890625,0.0,0,0,0,1,0,0,0,1,0,0,0,0,0,0,1,1,,,,
29597.830078125,42636.4296875,36117.12890625,3.3,28,0,0,1,0,0,0,1,0,0,0,0,0,0,1,1,,,,
29597.830078125,42636.4296875,36117.12890625,0.0,0,0,0,1,0,0,0,1,0,0,0,0,0,0,1,1,,,,
29597.830078125,42636.4296875,36117.12890625,0.0,0,0,0,1,0,0,0,1,0,0,0,0,0,0,1,1,,,,
29597.830078125,42636.4296875,36117.12890625,0.0,0,0,0,1,0,0,0,1,0,0,0,0,0,0,1,1,,,,
29597.830078125,42636.4296875,36117.12890625,0.0,0,0,0,1,0,0,0,1,0,0,0,0,0,0,1,1,,,,
29597.830078125,42636.4296875,36117.12890625,0.0,0,0,0,1,0,0,0,1,0,0,0,0,0,0,1,1,,,,
29597.830078125,42636.4296875,36117.12890625,0.0,0,0,0,1,0,0,0,1,0,0,0,0,0,0,1,1,,,,
29597.830078125,42636.4296875,36117.12890625,0.0,0,0,0,1,0,0,0,1,0,0,0,0,0,0,1,1,,,,
29597.830078125,42636.4296875,36117.12890625,0.0,0,0,0,1,0,0,0,1,0,0,0,0,0,0,1,1,,,,
29597.830078125,42636.4296875,36117.12890625,0.0,0,0,0,1,0,0,0,1,0,0,0,0,0,0,1,1,,,,
29597.830078125,42636.4296875,36117.12890625,0.0,0,0,0,1,0,0,0,1,0,0,0,0,0,0,1,1,,,,
29597.830078125,42636.4296875,36117.12890625,0.0,0,0,0,1,0,0,0,1,0,0,0,0,0,0,1,1,,,,
29597.830078125,42636.4296875,36117.12890625,0.0,0,0,0,1,0,0,0,1,0,0,0,0,0,0,1,1,,,,
29597.830078125,42636.4296875,36117.12890625,0.0,0,0,0,1,0,0,0,1,0,0,0,0,0,0,1,1,,,,
29597.830078125,42636.4296875,36117.12890625,0.0,0,0,0,1,0,0,0,1,0,0,0,0,0,0,1,1,,,,
29597.830078125,42636.4296875,36117.12890625,0.0,0,0,0,1,0,0,0,1,0,0,0,0,0,0,1,1,,,,
29597.830078125,42636.4296875,36117.12890625,3.0,2,0,0,1,0,0,0,1,0,0,0,0,0,0,1,1,,,,
29597.830078125,42636.4296875,36117.12890625,4.8,5,0,0,1,0,0,0,1,0,0,0,0,0,0,1,1,,,,
29597.830078125,42636.4296875,36117.12890625,0.0,0,0,0,1,0,0,0,1,0,0,0,0,0,0,1,1,,,,
29597.830078125,42636.4296875,36117.12890625,0.0,0,0,0,1,0,0,0,1,0,0,0,0,0,0,1,1,,,,
29597.830078125,42636.4296875,36117.12890625,1.7,9,0,0,1,0,0,0,1,0,0,0,0,0,0,1,1,,,,
29597.830078125,42636.4296875,36117.12890625,3.9,7,0,0,1,0,0,0,1,0,0,0,0,0,0,1,1,,,,
29597.830078125,42636.4296875,36117.12890625,0.0,0,0,0,1,0,0,0,1,0,0,0,0,0,0,1,1,,,,
29597.830078125,42636.4296875,36117.12890625,0.0,0,0,0,1,0,0,0,1,0,0,0,0,0,0,1,1,,,,
29597.830078125,42636.4296875,36117.12890625,0.0,0,0,0,1,0,0,0,1,0,0,0,0,0,0,1,1,,,,
29597.830078125,42636.4296875,36117.12890625,5.0,5,0,0,1,0,0,0,1,0,0,0,0,0,0,1,1,,,,
29597.830078125,42636.4296875,36117.12890625,0.0,0,0,0,1,0,0,0,1,0,0,0,0,0,0,1,1,,,,
29597.830078125,42636.4296875,36117.12890625,0.0,0,0,0,1,0,0,0,1,0,0,0,0,0,0,1,1,,,,
29597.830078125,42636.4296875,36117.12890625,0.0,0,0,0,1,0,0,0,1,0,0,0,0,0,0,1,1,,,,
29597.830078125,42636.4296875,36117.12890625,0.0,0,0,0,1,0,0,0,1,0,0,0,0,0,0,1,1,,,,
29597.830078125,42636.4296875,36117.12890625,0.0,0,0,0,1,0,0,0,1,0,0,0,0,0,0,1,1,,,,
29597.830078125,42636.4296875,36117.12890625,0.0,0,0,0,1,0,0,0,1,0,0,0,0,0,0,1,1,,,,
29597.830078125,42636.4296875,36117.12890625,0.0,0,0,0,1,0,0,0,1,0,0,0,0,0,0,1,1,,,,
29597.830078125,42636.4296875,36117.12890625,0.0,0,0,0,1,0,0,0,1,0,0,0,0,0,0,1,1,,,,
29597.830078125,42636.4296875,36117.12890625,0.0,0,0,0,1,0,0,0,1,0,0,0,0,0,0,1,1,,,,
29597.830078125,42636.4296875,36117.12890625,0.0,0,0,0,1,0,0,0,1,0,0,0,0,0,0,1,1,,,,
29597.830078125,42636.4296875,36117.12890625,0.0,0,0,0,1,0,0,0,1,0,0,0,0,0,0,1,1,,,,
29597.830078125,42636.4296875,36117.12890625,0.0,0,0,0,1,0,0,0,1,0,0,0,0,0,0,1,1,,,,
29597.830078125,42636.4296875,36117.12890625,0.0,0,0,0,1,0,0,0,1,0,0,0,0,0,0,1,1,,,,
29597.830078125,42636.4296875,36117.12890625,0.0,0,0,0,1,0,0,0,1,0,0,0,0,0,0,1,1,,,,
29597.830078125,42636.4296875,36117.12890625,0.0,0,0,0,1,0,0,0,1,0,0,0,0,0,0,1,1,,,,
29597.830078125,42636.4296875,36117.12890625,0.0,0,0,0,1,0,0,0,1,0,0,0,0,0,0,1,1,,,,
29597.830078125,42636.4296875,36117.12890625,0.0,0,0,0,1,0,0,0,1,0,0,0,0,0,0,1,1,,,,
29597.830078125,42636.4296875,36117.12890625,0.0,0,0,0,1,0,0,0,1,0,0,0,0,0,0,1,1,,,,
29597.830078125,42636.4296875,36117.12890625,3.6,854,0,0,1,0,0,0,1,0,0,0,0,0,0,1,1,,,,
29597.830078125,42636.4296875,36117.12890625,0.0,0,0,0,1,0,0,0,1,0,0,0,0,0,0,1,1,,,,
29597.830078125,42636.4296875,36117.12890625,0.0,0,0,0,1,0,0,0,1,0,0,0,0,0,0,1,1,,,,
29597.830078125,42636.4296875,36117.12890625,0.0,0,0,0,1,0,0,0,1,0,0,0,0,0,0,1,1,,,,
29597.830078125,42636.4296875,36117.12890625,0.0,0,0,0,1,0,0,0,1,0,0,0,0,0,0,1,1,,,,
29597.830078125,42636.4296875,36117.12890625,3.9,7,0,0,1,0,0,0,1,0,0,0,0,0,0,1,1,,,,
29597.830078125,42636.4296875,36117.12890625,0.0,0,0,0,1,0,0,0,1,0,0,0,0,0,0,1,1,,,,
29597.830078125,42636.4296875,36117.12890625,0.0,0,0,0,1,0,0,0,1,0,0,0,0,0,0,1,1,,,,
29597.830078125,42636.4296875,36117.12890625,0.0,0,0,0,1,0,0,0,1,0,0,0,0,0,0,1,1,,,,
29597.830078125,42636.4296875,36117.12890625,0.0,0,0,0,1,0,0,0,1,0,0,0,0,0,0,1,1,,,,
29597.830078125,42636.4296875,36117.12890625,0.0,0,0,0,1,0,0,0,1,0,0,0,0,0,0,1,1,,,,
29597.830078125,42636.4296875,36117.12890625,0.0,0,0,0,1,0,0,0,1,0,0,0,0,0,0,1,1,,,,
29597.830078125,42636.4296875,36117.12890625,0.0,0,0,0,1,0,0,0,1,0,0,0,0,0,0,1,1,,,,
29597.830078125,42636.4296875,36117.12890625,0.0,0,0,0,1,0,0,0,1,0,0,0,0,0,0,1,1,,,,
29597.830078125,42636.4296875,36117.12890625,0.0,0,0,0,1,0,0,0,1,0,0,0,0,0,0,1,1,,,,
29597.830078125,42636.4296875,36117.12890625,3.6,854,0,0,1,0,0,0,1,0,0,0,0,0,0,1,1,,,,
29597.830078125,42636.4296875,36117.12890625,0.0,0,0,0,1,0,0,0,1,0,0,0,0,0,0,1,1,,,,
29597.830078125,42636.4296875,36117.12890625,0.0,0,0,0,1,0,0,0,1,0,0,0,0,0,0,1,1,,,,
29597.830078125,42636.4296875,36117.12890625,0.0,0,0,0,1,0,0,0,1,0,0,0,0,0,0,1,1,,,,
29597.830078125,42636.4296875,36117.12890625,0.0,0,0,0,1,0,0,0,1,0,0,0,0,0,0,1,1,,,,
29597.830078125,42636.4296875,36117.12890625,5.0,5,0,0,1,0,0,0,1,0,0,0,0,0,0,1,1,,,,
29597.830078125,42636.4296875,36117.12890625,0.0,0,0,0,1,0,0,0,1,0,0,0,0,0,0,1,1,,,,
29597.830078125,42636.4296875,36117.12890625,0.0,0,0,0,1,0,0,0,1,0,0,0,0,0,0,1,1,,,,
29597.830078125,42636.4296875,36117.12890625,5.0,5,0,0,1,0,0,0,1,0,0,0,0,0,0,1,1,,,,
29597.830078125,42636.4296875,36117.12890625,4.0,5,0,0,1,0,0,0,1,0,0,0,0,0,0,1,1,,,,
29597.830078125,42636.4296875,36117.12890625,3.9,615,0,0,1,0,0,0,1,0,0,0,0,0,0,1,1,,,,
29597.830078125,42636.4296875,36117.12890625,0.0,0,0,0,1,0,0,0,1,0,0,0,0,0,0,1,1,,,,
29597.830078125,42636.4296875,36117.12890625,3.8,24,0,0,1,0,0,0,1,0,0,0,0,0,0,1,1,,,,
29597.830078125,42636.4296875,36117.12890625,0.0,0,0,0,1,0,0,0,1,0,0,0,0,0,0,1,1,,,,
29597.830078125,42636.4296875,36117.12890625,0.0,0,0,0,1,0,0,0,1,0,0,0,0,0,0,1,1,,,,
29597.830078125,42636.4296875,36117.12890625,0.0,0,0,0,1,0,0,0,1,0,0,0,0,0,0,1,1,,,,
29597.830078125,42636.4296875,36117.12890625,3.3,0,0,0,1,0,0,0,1,0,0,0,0,0,0,1,1,,,,
29597.830078125,42636.4296875,36117.12890625,0.0,0,0,0,1,0,0,0,1,0,0,0,0,0,0,1,1,,,,
29597.830078125,42636.4296875,36117.12890625,4.3,7,0,0,1,0,0,0,1,0,0,0,0,0,0,1,1,,,,
29597.830078125,42636.4296875,36117.12890625,0.0,0,0,0,1,0,0,0,1,0,0,0,0,0,0,1,1,,,,
29597.830078125,42636.4296875,36117.12890625,0.0,0,0,0,1,0,0,0,1,0,0,0,0,0,0,1,1,,,,
29597.830078125,42636.4296875,36117.12890625,0.0,0,0,0,1,0,0,0,1,0,0,0,0,0,0,1,1,,,,
29597.830078125,42636.4296875,36117.12890625,3.9,7,0,0,1,0,0,0,1,0,0,0,0,0,0,1,1,,,,
29597.830078125,42636.4296875,36117.12890625,0.0,0,0,0,1,0,0,0,1,0,0,0,0,0,0,1,1,,,,
29597.830078125,42636.4296875,36117.12890625,0.0,0,0,0,1,0,0,0,1,0,0,0,0,0,0,1,1,,,,
29597.830078125,42636.4296875,36117.12890625,0.0,0,0,0,1,0,0,0,1,0,0,0,0,0,0,1,1,,,,
29597.830078125,42636.4296875,36117.12890625,4.1,19,0,0,1,0,0,0,1,0,0,0,0,0,0,1,1,,,,
29597.830078125,42636.4296875,36117.12890625,0.0,0,0,0,1,0,0,0,1,0,0,0,0,0,0,1,1,,,,
29597.830078125,42636.4296875,36117.12890625,0.0,0,0,0,1,0,0,0,1,0,0,0,0,0,0,1,1,,,,
29597.830078125,42636.4296875,36117.12890625,0.0,0,0,0,1,0,0,0,1,0,0,0,0,0,0,1,1,,,,
29597.830078125,42636.4296875,36117.12890625,3.6,854,0,0,1,0,0,0,1,0,0,0,0,0,0,1,1,,,,
29597.830078125,42636.4296875,36117.12890625,3.8,24,0,0,1,0,0,0,1,0,0,0,0,0,0,1,1,,,,
29597.830078125,42636.4296875,36117.12890625,0.0,0,0,0,1,0,0,0,1,0,0,0,0,0,0,1,1,,,,
29597.830078125,42636.4296875,36117.12890625,2.9,9,0,0,1,0,0,0,1,0,0,0,0,0,0,1,1,,,,
29597.830078125,42636.4296875,36117.12890625,0.0,0,0,0,1,0,0,0,1,0,0,0,0,0,0,1,1,,,,
29597.830078125,42636.4296875,36117.12890625,0.0,0,0,0,1,0,0,0,1,0,0,0,0,0,0,1,1,,,,
29597.830078125,42636.4296875,36117.12890625,3.0,2,0,0,1,0,0,0,1,0,0,0,0,0,0,1,1,,,,
29597.830078125,42636.4296875,36117.12890625,0.0,0,0,0,1,0,0,0,1,0,0,0,0,0,0,1,1,,,,
29597.830078125,42636.4296875,36117.12890625,3.0,2,0,0,1,0,0,0,1,0,0,0,0,0,0,1,1,,,,
29597.830078125,42636.4296875,36117.12890625,4.3,7,0,0,1,0,0,0,1,0,0,0,0,0,0,1,1,,,,
29597.830078125,42636.4296875,36117.12890625,0.0,0,0,0,1,0,0,0,1,0,0,0,0,0,0,1,1,,,,
29597.830078125,42636.4296875,36117.12890625,3.0,2,0,0,1,0,0,0,1,0,0,0,0,0,0,1,1,,,,
29597.830078125,42636.4296875,36117.12890625,3.7,196,0,0,1,0,0,0,1,0,0,0,0,0,0,1,1,,,,
29597.830078125,42636.4296875,36117.12890625,0.0,0,0,0,1,0,0,0,1,0,0,0,0,0,0,1,1,,,,
29597.830078125,42636.4296875,36117.12890625,0.0,0,0,0,1,0,0,0,1,0,0,0,0,0,0,1,1,,,,
35000.0,38000.0,36500.0,3.6,854,0,0,1,0,0,0,1,0,0,0,0,0,0,1,1,0.0,0.0,0.0,0.0
28000.0,45000.0,36500.0,0.0,0,0,0,1,0,0,0,1,0,0,0,0,0,0,1,1,0.0,0.0,0.0,0.0
35000.0,38000.0,36500.0,0.0,0,0,0,0,0,0,0,1,0,0,0,0,0,0,1,1,0.0,0.0,0.0,0.0
33000.0,40000.0,36500.0,0.0,0,0,0,1,0,0,0,1,0,0,0,0,0,0,1,1,0.0,0.0,0.0,0.0
28000.0,45000.0,36500.0,0.0,0,0,0,0,0,0,0,1,0,0,0,0,0,0,1,1,0.0,0.0,0.0,0.0
35000.0,38000.0,36500.0,0.0,0,0,0,1,0,0,0,1,0,0,0,0,0,0,1,1,0.0,0.0,0.0,0.0
30297.521484375,43336.12109375,36816.8203125,0.0,0,0,0,0,0,0,0,0,0,0,0,0,0,0,1,1,,,,
30297.521484375,43336.12109375,36816.8203125,0.0,0,0,0,0,0,0,0,0,0,0,0,0,0,0,1,1,,,,
30297.521484375,43336.12109375,36816.8203125,0.0,0,0,0,0,0,0,0,0,0,0,0,0,0,0,1,1,,,,
30297.521484375,43336.12109375,36816.8203125,3.6,9,0,0,0,0,0,0,0,0,0,0,0,0,0,1,1,,,,
30297.521484375,43336.12109375,36816.8203125,4.0,86,0,0,0,0,0,0,0,0,0,0,0,0,0,1,1,,,,
30297.521484375,43336.12109375,36816.8203125,3.5,2,0,0,0,0,0,0,0,0,0,0,0,0,0,1,1,,,,
30297.521484375,43336.12109375,36816.8203125,3.5,8,0,0,0,0,0,0,0,0,0,0,0,0,0,1,1,,,,
30297.521484375,43336.12109375,36816.8203125,0.0,0,0,0,0,0,0,0,0,0,0,0,0,0,0,1,1,,,,
30297.521484375,43336.12109375,36816.8203125,3.8,36,0,0,0,0,0,0,0,0,0,0,0,0,0,1,1,,,,
30297.521484375,43336.12109375,36816.8203125,0.0,0,0,0,0,0,0,0,0,0,0,0,0,0,0,1,1,,,,
30297.521484375,43336.12109375,36816.8203125,4.1,1510,0,0,0,0,0,0,0,0,0,0,0,0,0,1,1,,,,
30297.521484375,43336.12109375,36816.8203125,0.0,0,0,0,0,0,0,0,0,0,0,0,0,0,0,1,1,,,,
30297.521484375,43336.12109375,36816.8203125,0.0,0,0,0,0,0,0,0,0,0,0,0,0,0,0,1,1,,,,
30297.521484375,43336.12109375,36816.8203125,3.3,3,0,0,0,0,0,0,0,0,0,0,0,0,0,1,1,,,,
30297.521484375,43336.12109375,36816.8203125,0.0,0,0,0,0,0,0,0,0,0,0,0,0,0,0,1,1,,,,
30297.521484375,43336.12109375,36816.8203125,3.8,4610,0,0,0,0,0,0,0,0,0,0,0,0,0,1,1,,,,
30297.521484375,43336.12109375,36816.8203125,0.0,0,0,0,0,0,0,0,0,0,0,0,0,0,0,1,1,,,,
30297.521484375,43336.12109375,36816.8203125,0.0,0,0,0,0,0,0,0,0,0,0,0,0,0,0,1,1,,,,
30297.521484375,43336.12109375,36816.8203125,0.0,0,0,0,0,0,0,0,0,0,0,0,0,0,0,1,1,,,,
30297.521484375,43336.12109375,36816.8203125,3.7,270,0,0,0,0,0,0,0,0,0,0,0,0,0,1,1,,,,
30297.521484375,43336.12109375,36816.8203125,4.3,16,0,0,0,0,0,0,0,0,0,0,0,0,0,1,1,,,,
30297.521484375,43336.12109375,36816.8203125,0.0,0,0,0,0,0,0,0,0,0,0,0,0,0,0,1,1,,,,
30297.521484375,43336.12109375,36816.8203125,0.0,0,0,0,0,0,0,0,0,0,0,0,0,0,0,1,1,,,,
30297.521484375,43336.12109375,36816.8203125,0.0,0,0,0,0,0,0,0,0,0,0,0,0,0,0,1,1,,,,
30297.521484375,43336.12109375,36816.8203125,3.5,25,0,0,0,0,0,0,0,0,0,0,0,0,0,1,1,,,,
30297.521484375,43336.12109375,36816.8203125,4.3,16,0,0,0,0,0,0,0,0,0,0,0,0,0,1,1,,,,
30297.521484375,43336.12109375,36816.8203125,0.0,0,0,0,0,0,0,0,0,0,0,0,0,0,0,1,1,,,,
30297.521484375,43336.12109375,36816.8203125,3.8,36,0,0,0,0,0,0,0,0,0,0,0,0,0,1,1,,,,
30297.521484375,43336.12109375,36816.8203125,0.0,0,0,0,0,0,0,0,0,0,0,0,0,0,0,1,1,,,,
30297.521484375,43336.12109375,36816.8203125,3.5,2449,0,0,0,0,0,0,0,0,0,0,0,0,0,1,1,,,,
30297.521484375,43336.12109375,36816.8203125,3.2,420,0,0,0,0,0,0,0,0,0,0,0,0,0,1,1,,,,
30297.521484375,43336.12109375,36816.8203125,5.0,2,0,0,0,0,0,0,0,0,0,0,0,0,0,1,1,,,,
30297.521484375,43336.12109375,36816.8203125,0.0,0,0,0,0,0,0,0,0,0,0,0,0,0,0,1,1,,,,
30297.521484375,43336.12109375,36816.8203125,0.0,0,0,0,0,0,0,0,0,0,0,0,0,0,0,1,1,,,,
30297.521484375,43336.12109375,36816.8203125,3.8,2427,0,0,0,0,0,0,0,0,0,0,0,0,0,1,1,,,,
30297.521484375,43336.12109375,36816.8203125,0.0,0,0,0,0,0,0,0,0,0,0,0,0,0,0,1,1,,,,
30297.521484375,43336.12109375,36816.8203125,0.0,0,0,0,0,0,0,0,0,0,0,0,0,0,0,1,1,,,,
30297.521484375,43336.12109375,36816.8203125,4.5,2,0,0,0,0,0,0,0,0,0,0,0,0,0,1,1,,,,
30297.521484375,43336.12109375,36816.8203125,4.7,10,0,1,0,0,0,0,0,0,0,0,0,0,0,1,1,,,,
30297.521484375,43336.12109375,36816.8203125,0.0,0,0,0,0,0,0,0,0,0,0,0,0,0,0,1,1,,,,
30297.521484375,43336.12109375,36816.8203125,5.0,2,0,0,0,0,0,0,0,0,0,0,0,0,0,1,1,,,,
30297.521484375,43336.12109375,36816.8203125,0.0,0,0,0,0,0,0,0,0,0,0,0,0,0,0,1,1,,,,
30297.521484375,43336.12109375,36816.8203125,3.6,61830,0,0,0,0,0,0,0,0,0,0,0,0,0,1,1,,,,
30297.521484375,43336.12109375,36816.8203125,3.7,477,0,0,0,0,0,0,0,0,0,0,0,0,0,1,1,,,,
30297.521484375,43336.12109375,36816.8203125,0.0,0,0,0,0,0,0,0,0,0,0,0,0,0,0,1,1,,,,
30297.521484375,43336.12109375,36816.8203125,0.0,0,0,0,0,0,0,0,0,0,0,0,0,0,0,1,1,,,,
30297.521484375,43336.12109375,36816.8203125,0.0,0,0,0,0,0,0,0,0,0,0,0,0,0,0,1,1,,,,
30297.521484375,43336.12109375,36816.8203125,0.0,0,0,0,0,0,0,0,0,0,0,0,0,0,0,1,1,,,,
30297.521484375,43336.12109375,36816.8203125,0.0,0,0,0,0,0,0,0,0,0,0,0,0,0,0,1,1,,,,
30297.521484375,43336.12109375,36816.8203125,0.0,0,0,0,0,0,0,0,0,0,0,0,0,0,0,1,1,,,,
30297.521484375,43336.12109375,36816.8203125,0.0,0,0,0,0,0,0,0,0,0,0,0,0,0,0,1,1,,,,
30297.521484375,43336.12109375,36816.8203125,0.0,0,0,0,0,0,0,0,0,0,0,0,0,0,0,1,1,,,,
30297.521484375,43336.12109375,36816.8203125,0.0,0,0,0,0,0,0,0,0,0,0,0,0,0,0,1,1,,,,
30297.521484375,43336.12109375,36816.8203125,0.0,0,0,0,0,0,0,0,0,0,0,0,0,0,0,1,1,,,,
30297.521484375,43336.12109375,36816.8203125,0.0,0,0,0,0,0,0,0,0,0,0,0,0,0,0,1,1,,,,
30297.521484375,43336.12109375,36816.8203125,5.0,2,0,0,0,0,0,0,0,0,0,0,0,0,0,1,1,,,,
30297.521484375,43336.12109375,36816.8203125,0.0,0,0,0,0,0,0,0,0,0,0,0,0,0,0,1,1,,,,
30297.521484375,43336.12109375,36816.8203125,0.0,0,0,0,0,0,0,0,0,0,0,0,0,0,0,1,1,,,,
30297.521484375,43336.12109375,36816.8203125,3.5,0,0,0,0,0,0,0,0,0,0,0,0,0,0,1,1,,,,
30297.521484375,43336.12109375,36816.8203125,3.9,944,0,0,0,0,0,0,0,0,0,0,0,0,0,1,1,,,,
30297.521484375,43336.12109375,36816.8203125,3.5,109,0,0,0,0,0,0,0,0,0,0,0,0,0,1,1,,,,
30297.521484375,43336.12109375,36816.8203125,0.0,0,0,0,0,0,0,0,0,0,0,0,0,0,0,1,1,,,,
30297.521484375,43336.12109375,36816.8203125,5.0,2,0,0,0,0,0,0,0,0,0,0,0,0,0,1,1,,,,
30297.521484375,43336.12109375,36816.8203125,4.7,3,0,0,0,0,0,0,0,0,0,0,0,0,0,1,1,,,,
30297.521484375,43336.12109375,36816.8203125,4.5,4,0,0,0,0,0,0,0,0,0,0,0,0,0,1,1,,,,
30297.521484375,43336.12109375,36816.8203125,0.0,0,0,0,0,0,0,0,0,0,0,0,0,0,0,1,1,,,,
30297.521484375,43336.12109375,36816.8203125,4.1,754,0,0,0,0,0,0,0,0,0,0,0,0,0,1,1,,,,
30297.521484375,43336.12109375,36816.8203125,0.0,0,0,0,0,0,0,0,0,0,0,0,0,0,0,1,1,,,,
30297.521484375,43336.12109375,36816.8203125,0.0,0,0,0,0,0,0,0,0,0,0,0,0,0,1,1,1,,,,
30297.521484375,43336.12109375,36816.8203125,5.0,2,0,0,0,0,0,0,0,0,0,0,0,0,0,1,1,,,,
30297.521484375,43336.12109375,36816.8203125,0.0,0,0,0,0,0,0,0,0,0,0,0,0,0,0,1,1,,,,
30297.521484375,43336.12109375,36816.8203125,0.0,0,0,0,0,0,0,0,0,0,0,0,0,0,0,1,1,,,,
30297.521484375,43336.12109375,36816.8203125,0.0,0,0,0,0,0,0,0,0,0,0,0,0,0,0,1,1,,,,
30297.521484375,43336.12109375,36816.8203125,0.0,0,0,0,0,0,0,0,0,0,0,0,0,0,0,1,1,,,,
30297.521484375,43336.12109375,36816.8203125,4.4,10,0,0,0,0,0,0,0,0,0,0,0,0,0,1,1,,,,
30297.521484375,43336.12109375,36816.8203125,0.0,0,0,0,0,0,0,0,0,0,0,0,0,0,0,1,1,,,,
30297.521484375,43336.12109375,36816.8203125,0.0,0,0,0,0,0,0,0,0,0,0,0,0,0,0,1,1,,,,
30297.521484375,43336.12109375,36816.8203125,0.0,0,0,0,0,0,0,0,0,0,0,0,0,0,0,1,1,,,,
30297.521484375,43336.12109375,36816.8203125,5.0,2,0,0,0,0,0,0,0,0,0,0,0,0,0,1,1,,,,
30297.521484375,43336.12109375,36816.8203125,0.0,0,0,0,0,0,0,0,0,0,0,0,0,0,0,1,1,,,,
30297.521484375,43336.12109375,36816.8203125,0.0,0,0,0,0,0,0,0,0,0,0,0,0,0,0,1,1,,,,
30297.521484375,43336.12109375,36816.8203125,0.0,0,0,0,0,0,0,0,0,0,0,0,0,0,0,1,1,,,,
30297.521484375,43336.12109375,36816.8203125,4.0,3,0,0,0,0,0,0,0,0,0,0,0,0,0,1,1,,,,
30297.521484375,43336.12109375,36816.8203125,3.5,109,0,0,0,0,0,0,0,0,0,0,0,0,0,1,1,,,,
30297.521484375,43336.12109375,36816.8203125,0.0,0,0,0,0,0,0,0,0,0,0,0,0,0,0,1,1,,,,
30297.521484375,43336.12109375,36816.8203125,3.1,62,0,0,0,0,0,0,0,0,0,0,0,0,0,1,1,,,,
30297.521484375,43336.12109375,36816.8203125,0.0,0,0,0,0,0,0,0,0,0,0,0,0,0,0,1,1,,,,
30297.521484375,43336.12109375,36816.8203125,0.0,0,0,0,0,0,0,0,0,0,0,0,0,0,0,1,1,,,,
30297.521484375,43336.12109375,36816.8203125,0.0,0,0,0,0,0,0,0,0,0,0,0,0,0,0,1,1,,,,
30297.521484375,43336.12109375,36816.8203125,0.0,0,0,0,0,0,0,0,0,0,0,0,0,0,0,1,1,,,,
30297.521484375,43336.12109375,36816.8203125,0.0,0,0,0,0,0,0,0,0,0,0,0,0,0,0,1,1,,,,
30297.521484375,43336.12109375,36816.8203125,4.0,4,0,0,0,0,0,0,0,0,0,0,0,0,0,1,1,,,,
30297.521484375,43336.12109375,36816.8203125,3.7,16,0,0,0,0,0,0,0,0,0,0,0,0,0,1,1,,,,
30297.521484375,43336.12109375,36816.8203125,0.0,0,0,0,0,0,0,0,0,0,0,0,0,0,0,1,1,,,,
30297.521484375,43336.12109375,36816.8203125,0.0,0,0,0,0,0,0,0,0,0,0,0,0,0,0,1,1,,,,
30297.521484375,43336.12109375,36816.8203125,0.0,0,0,0,0,0,0,0,0,0,0,0,0,0,0,1,1,,,,
30297.521484375,43336.12109375,36816.8203125,4.7,11,0,0,0,0,0,0,0,0,0,0,0,0,0,1,1,,,,
30297.521484375,43336.12109375,36816.8203125,3.5,2449,0,0,0,0,0,0,0,0,0,0,0,0,0,1,1,,,,
30297.521484375,43336.12109375,36816.8203125,3.7,477,0,0,0,0,0,0,0,0,0,0,0,0,0,1,1,,,,
30297.521484375,43336.12109375,36816.8203125,4.5,2,0,0,0,0,0,0,0,0,0,0,0,0,0,1,1,,,,
30297.521484375,43336.12109375,36816.8203125,0.0,0,0,0,0,0,0,0,0,0,0,0,0,0,0,1,1,,,,
30297.521484375,43336.12109375,36816.8203125,3.6,21,0,0,0,0,0,0,0,0,0,0,0,0,0,1,1,,,,
30297.521484375,43336.12109375,36816.8203125,3.5,8,0,0,0,0,0,0,0,0,0,0,0,0,0,1,1,,,,
30297.521484375,43336.12109375,36816.8203125,0.0,0,0,0,0,0,0,0,0,0,0,0,0,0,0,1,1,,,,
30297.521484375,43336.12109375,36816.8203125,3.2,6,0,0,0,0,0,0,0,0,0,0,0,0,0,1,1,,,,
30297.521484375,43336.12109375,36816.8203125,2.5,2,0,0,0,0,0,0,0,0,0,0,0,0,0,1,1,,,,
30297.521484375,43336.12109375,36816.8203125,0.0,0,0,0,0,0,0,0,0,0,0,0,0,0,0,1,1,,,,
30297.521484375,43336.12109375,36816.8203125,3.7,270,0,0,0,0,0,0,0,0,0,0,0,0,0,1,1,,,,
30297.521484375,43336.12109375,36816.8203125,0.0,0,0,0,0,0,0,0,0,0,0,0,0,0,0,1,1,,,,
30297.521484375,43336.12109375,36816.8203125,0.0,0,0,0,0,0,0,0,0,0,0,0,0,0,0,1,1,,,,
30297.521484375,43336.12109375,36816.8203125,0.0,0,0,0,0,0,0,0,0,0,0,0,0,0,0,1,1,,,,
30297.521484375,43336.12109375,36816.8203125,3.7,7,0,0,0,0,0,0,0,0,0,0,0,0,0,1,1,,,,
30297.521484375,43336.12109375,36816.8203125,0.0,0,0,0,0,0,0,0,0,0,0,0,0,0,0,1,1,,,,
30297.521484375,43336.12109375,36816.8203125,4.0,6545,0,0,0,0,0,0,0,0,0,0,0,0,0,1,1,,,,
30297.521484375,43336.12109375,36816.8203125,0.0,0,0,0,0,0,0,0,0,0,0,0,0,0,0,1,1,,,,
30297.521484375,43336.12109375,36816.8203125,4.3,11,0,0,0,0,0,0,0,0,0,0,0,0,0,1,1,,,,
30297.521484375,43336.12109375,36816.8203125,3.5,17,0,0,0,0,0,0,0,0,0,0,0,0,0,1,1,,,,
30297.521484375,43336.12109375,36816.8203125,0.0,0,0,0,0,0,0,0,0,0,0,0,0,0,0,1,1,,,,
30297.521484375,43336.12109375,36816.8203125,3.5,227,0,0,0,0,0,0,0,0,0,0,0,0,0,1,1,,,,
30297.521484375,43336.12109375,36816.8203125,3.7,16,0,0,0,0,0,0,0,0,0,0,0,0,0,1,1,,,,
30297.521484375,43336.12109375,36816.8203125,0.0,0,0,0,0,0,0,0,0,0,0,0,0,0,0,1,1,,,,
30297.521484375,43336.12109375,36816.8203125,0.0,0,0,0,0,0,0,0,0,0,0,0,0,0,0,1,1,,,,
30297.521484375,43336.12109375,36816.8203125,0.0,0,0,0,0,0,0,0,0,0,0,0,0,0,0,1,1,,,,
30297.521484375,43336.12109375,36816.8203125,3.3,3,0,0,0,0,0,0,0,0,0,0,0,0,0,1,1,,,,
30297.521484375,43336.12109375,36816.8203125,3.7,2055,0,0,0,0,0,0,0,0,0,0,0,0,0,1,1,,,,
30297.521484375,43336.12109375,36816.8203125,0.0,0,0,0,0,0,0,0,0,0,0,0,0,0,0,1,1,,,,
30297.521484375,43336.12109375,36816.8203125,0.0,0,0,0,0,0,0,0,0,0,0,0,0,0,0,1,1,,,,
30297.521484375,43336.12109375,36816.8203125,5.0,2,0,0,0,0,0,0,0,0,0,0,0,0,0,1,1,,,,
30297.521484375,43336.12109375,36816.8203125,4.1,754,0,0,0,0,0,0,0,0,0,0,0,0,0,1,1,,,,
30297.521484375,43336.12109375,36816.8203125,0.0,0,0,0,0,0,0,0,0,0,0,0,0,0,0,1,1,,,,
30297.521484375,43336.12109375,36816.8203125,3.3,3,0,0,0,0,0,0,0,0,0,0,0,0,0,1,1,,,,
30297.521484375,43336.12109375,36816.8203125,3.3,3,0,0,0,0,0,0,0,0,0,0,0,0,0,1,1,,,,
30297.521484375,43336.12109375,36816.8203125,0.0,0,0,0,0,0,0,0,0,0,0,0,0,0,0,1,1,,,,
30297.521484375,43336.12109375,36816.8203125,0.0,0,0,0,0,0,0,0,0,0,0,0,0,0,0,1,1,,,,
30297.521484375,43336.12109375,36816.8203125,0.0,0,0,0,0,0,0,0,0,0,0,0,0,0,0,1,1,,,,
30297.521484375,43336.12109375,36816.8203125,5.0,2,0,0,0,0,0,0,0,0,0,0,0,0,0,1,1,,,,
30297.521484375,43336.12109375,36816.8203125,0.0,0,0,0,0,0,0,0,0,0,0,0,0,0,0,1,1,,,,
30297.521484375,43336.12109375,36816.8203125,4.4,10,0,0,0,0,0,0,0,0,0,0,0,0,0,1,1,,,,
30297.521484375,43336.12109375,36816.8203125,0.0,0,0,0,0,0,0,0,0,0,0,0,0,0,0,1,1,,,,
30297.521484375,43336.12109375,36816.8203125,3.6,854,0,0,0,0,0,0,0,0,0,0,0,0,0,1,1,,,,
30297.521484375,43336.12109375,36816.8203125,0.0,0,0,0,0,0,0,0,0,0,0,0,0,0,0,1,1,,,,
30297.521484375,43336.12109375,36816.8203125,3.5,318,0,0,0,0,0,0,0,0,0,0,0,0,0,1,1,,,,
30297.521484375,43336.12109375,36816.8203125,0.0,0,0,0,0,0,0,0,0,0,0,0,0,0,0,1,1,,,,
30297.521484375,43336.12109375,36816.8203125,0.0,0,0,0,0,0,0,0,0,0,0,0,0,0,0,1,1,,,,
30297.521484375,43336.12109375,36816.8203125,0.0,0,0,0,0,0,0,0,0,0,0,0,0,0,0,1,1,,,,
30297.521484375,43336.12109375,36816.8203125,0.0,0,0,0,0,0,0,0,0,0,0,0,0,0,0,1,1,,,,
30297.521484375,43336.12109375,36816.8203125,3.7,16,0,0,0,0,0,0,0,0,0,0,0,0,0,1,1,,,,
30297.521484375,43336.12109375,36816.8203125,5.0,2,0,0,0,0,0,0,0,0,0,0,0,0,0,1,1,,,,
30297.521484375,43336.12109375,36816.8203125,0.0,0,0,0,0,0,0,0,0,0,0,0,0,0,0,1,1,,,,
30297.521484375,43336.12109375,36816.8203125,0.0,0,0,0,0,0,0,0,0,0,0,0,0,0,0,1,1,,,,
30297.521484375,43336.12109375,36816.8203125,3.5,2449,0,0,0,0,0,0,0,0,0,0,0,0,0,1,1,,,,
30297.521484375,43336.12109375,36816.8203125,4.3,16,0,0,0,0,0,0,0,0,0,0,0,0,0,1,1,,,,
30297.521484375,43336.12109375,36816.8203125,0.0,0,0,0,0,0,0,0,0,0,0,0,0,0,0,1,1,,,,
30297.521484375,43336.12109375,36816.8203125,0.0,0,0,0,0,0,0,0,0,0,0,0,0,0,0,1,1,,,,
30297.521484375,43336.12109375,36816.8203125,0.0,0,0,0,0,0,0,0,0,0,0,0,0,0,0,1,1,,,,
30297.521484375,43336.12109375,36816.8203125,4.0,86,0,0,0,0,0,0,0,0,0,0,0,0,0,1,1,,,,
30297.521484375,43336.12109375,36816.8203125,0.0,0,0,0,0,0,0,0,0,0,0,0,0,0,0,1,1,,,,
30297.521484375,43336.12109375,36816.8203125,5.0,2,0,0,0,0,0,0,0,0,0,0,0,0,0,1,1,,,,
30297.521484375,43336.12109375,36816.8203125,0.0,0,0,0,0,0,0,0,0,0,0,0,0,0,0,1,1,,,,
30297.521484375,43336.12109375,36816.8203125,0.0,0,0,0,0,0,0,0,0,0,0,0,0,0,0,1,1,,,,
30297.521484375,43336.12109375,36816.8203125,0.0,0,0,0,0,0,0,0,0,0,0,0,0,0,0,1,1,,,,
30297.521484375,43336.12109375,36816.8203125,4.3,16,0,0,0,0,0,0,0,0,0,0,0,0,0,1,1,,,,
30297.521484375,43336.12109375,36816.8203125,0.0,0,0,0,0,0,0,0,0,0,0,0,0,0,0,1,1,,,,
30297.521484375,43336.12109375,36816.8203125,3.9,7,0,0,0,0,0,0,0,0,0,0,0,0,0,1,1,,,,
30297.521484375,43336.12109375,36816.8203125,3.7,13,0,0,0,0,0,0,0,0,0,0,0,0,0,1,1,,,,
30297.521484375,43336.12109375,36816.8203125,0.0,0,0,0,0,0,0,0,0,0,0,0,0,0,0,1,1,,,,
30297.521484375,43336.12109375,36816.8203125,0.0,0,0,0,0,0,0,0,0,0,0,0,0,0,0,1,1,,,,
30297.521484375,43336.12109375,36816.8203125,0.0,0,0,0,0,0,0,0,0,0,0,0,0,0,0,1,1,,,,
30297.521484375,43336.12109375,36816.8203125,0.0,0,0,0,0,0,0,0,0,0,0,0,0,0,0,1,1,,,,
30297.521484375,43336.12109375,36816.8203125,0.0,0,0,0,0,0,0,0,0,0,0,0,0,0,0,1,1,,,,
30297.521484375,43336.12109375,36816.8203125,0.0,0,0,0,0,0,0,0,0,0,0,0,0,0,0,1,1,,,,
30297.521484375,43336.12109375,36816.8203125,3.8,106,0,0,0,0,0,0,0,0,0,0,0,0,0,1,1,,,,
30297.521484375,43336.12109375,36816.8203125,3.7,2055,0,0,0,0,0,0,0,0,0,0,0,0,0,1,1,,,,
30297.521484375,43336.12109375,36816.8203125,0.0,0,0,0,0,0,0,0,0,0,0,0,0,0,0,1,1,,,,
30297.521484375,43336.12109375,36816.8203125,0.0,0,0,0,0,0,0,0,0,0,0,0,0,0,0,1,1,,,,
30297.521484375,43336.12109375,36816.8203125,0.0,0,0,0,0,0,0,0,0,0,0,0,0,0,0,1,1,,,,
30297.521484375,43336.12109375,36816.8203125,4.3,16,0,0,0,0,0,0,0,0,0,0,0,0,0,1,1,,,,
30297.521484375,43336.12109375,36816.8203125,3.7,16,0,0,0,0,0,0,0,0,0,0,0,0,0,1,1,,,,
30297.521484375,43336.12109375,36816.8203125,4.4,5,0,0,0,0,0,0,0,0,0,0,0,0,0,1,1,,,,
30297.521484375,43336.12109375,36816.8203125,3.6,21,0,0,0,0,0,0,0,0,0,0,0,0,0,1,1,,,,
30297.521484375,43336.12109375,36816.8203125,0.0,0,0,0,0,0,0,0,0,0,0,0,0,0,0,1,1,,,,
30297.521484375,43336.12109375,36816.8203125,3.6,40,0,0,0,0,0,0,0,0,0,1,0,0,0,1,1,,,,
30297.521484375,43336.12109375,36816.8203125,4.0,86,0,0,0,0,0,0,0,0,0,0,0,0,0,1,1,,,,
30297.521484375,43336.12109375,36816.8203125,3.8,20,0,0,0,0,0,0,0,0,0,0,0,0,0,1,1,,,,
30297.521484375,43336.12109375,36816.8203125,4.0,2930,0,0,0,0,0,0,0,0,0,0,0,0,0,1,1,,,,
30297.521484375,43336.12109375,36816.8203125,0.0,0,0,0,0,0,0,0,0,0,0,0,0,0,0,1,1,,,,
30297.521484375,43336.12109375,36816.8203125,3.5,646,0,0,0,0,0,0,0,0,0,0,0,0,0,1,1,,,,
30297.521484375,43336.12109375,36816.8203125,0.0,0,0,0,0,0,0,0,0,0,0,0,0,0,0,1,1,,,,
30297.521484375,43336.12109375,36816.8203125,3.6,21,0,0,0,0,0,0,0,0,0,0,0,0,0,1,1,,,,
30297.521484375,43336.12109375,36816.8203125,0.0,0,0,0,0,0,0,0,0,0,0,0,0,0,0,1,1,,,,
30297.521484375,43336.12109375,36816.8203125,4.3,16,0,0,0,0,0,0,0,0,0,0,0,0,0,1,1,,,,
30297.521484375,43336.12109375,36816.8203125,0.0,0,0,0,0,0,0,0,0,0,0,0,0,0,0,1,1,,,,
30297.521484375,43336.12109375,36816.8203125,0.0,0,0,0,0,0,0,0,0,0,0,0,0,0,0,1,1,,,,
31744.0,42037.0,36890.5,3.8,24,0,0,1,0,0,0,1,0,0,0,0,0,0,1,1,0.0,0.0,0.0,0.0
32000.0,42000.0,37000.0,0.0,0,0,0,1,0,0,0,1,0,0,0,0,0,0,1,1,0.0,0.0,0.0,0.0
32000.0,42000.0,37000.0,4.2,30,0,0,0,0,0,0,1,0,0,0,0,1,0,0,1,0.0,0.0,0.0,0.0
35000.0,40000.0,37500.0,4.5,4,0,0,0,0,0,0,1,0,0,0,0,0,0,1,1,0.0,0.0,0.0,0.0
30000.0,45000.0,37500.0,0.0,0,0,0,1,0,0,0,1,0,0,0,0,0,0,1,1,0.0,0.0,0.0,0.0
30000.0,45000.0,37500.0,0.0,0,0,0,1,0,0,0,1,0,0,0,0,0,0,1,1,0.0,0.0,0.0,0.0
30000.0,45000.0,37500.0,0.0,0,0,0,0,0,0,0,1,0,0,0,0,0,0,1,1,0.0,0.0,0.0,0.0
35000.0,40000.0,37500.0,3.0,36,0,0,0,0,0,0,1,0,0,0,0,0,0,1,1,0.0,0.0,0.0,0.0
31036.619140625,44075.21875,37555.91796875,3.5,2444,0,0,0,0,0,0,0,1,0,0,1,0,0,0,1,,,,
31036.619140625,44075.21875,37555.91796875,0.0,0,0,0,0,0,0,0,0,1,0,0,1,0,0,0,1,,,,
31036.619140625,44075.21875,37555.91796875,4.1,5703,0,0,0,0,0,0,0,1,0,0,1,0,0,0,1,,,,
34000.0,42000.0,38000.0,0.0,0,0,0,1,0,0,0,1,0,0,0,0,0,0,1,1,0.0,0.0,0.0,0.0
38000.0,38000.0,38000.0,0.0,0,0,0,0,0,0,0,1,0,0,0,0,1,1,0,1,0.0,0.0,0.0,0.0
38000.0,38000.0,38000.0,0.0,0,0,0,1,0,0,0,1,0,0,0,0,0,0,1,1,0.0,0.0,0.0,0.0
28000.0,48000.0,38000.0,4.5,32,0,0,0,0,0,0,0,0,0,0,0,1,0,0,1,0.0,0.0,0.0,0.0
36000.0,40000.0,38000.0,0.0,0,0,0,1,0,0,0,1,0,0,0,0,0,0,1,1,0.0,0.0,0.0,0.0
31519.396484375,44557.99609375,38038.6953125,4.1,67,0,0,1,0,0,0,0,1,0,0,0,0,1,0,1,,,,
27911.0,48565.0,38238.0,0.0,0,0,0,1,0,0,0,1,0,0,0,0,0,0,1,1,0.0,0.0,0.0,0.0
31737.322265625,44775.921875,38256.62109375,4.4,5,0,0,0,0,0,0,1,0,0,0,1,0,1,0,1,,,,
31737.322265625,44775.921875,38256.62109375,4.4,5,0,0,0,0,0,0,1,0,0,0,1,0,1,0,1,,,,
31737.322265625,44775.921875,38256.62109375,0.0,0,0,0,0,0,0,0,1,0,0,0,1,0,1,0,1,,,,
31737.322265625,44775.921875,38256.62109375,3.0,3,0,0,0,0,0,0,1,0,0,0,1,0,1,0,1,,,,
30942.0,45690.0,38316.0,3.0,2,0,0,1,0,0,0,1,0,0,0,0,0,1,0,1,0.0,0.0,0.0,0.0
31824.150390625,44862.75,38343.44921875,0.0,0,0,0,1,0,0,0,1,0,0,0,1,0,1,0,1,,,,
31824.150390625,44862.75,38343.44921875,0.0,0,0,0,1,0,0,0,1,0,0,0,1,0,1,0,1,,,,
36000.0,40800.0,38400.0,0.0,0,0,0,1,0,0,0,1,0,0,0,0,0,0,1,0,0.0,0.0,1.0,0.0
35000.0,42000.0,38500.0,3.8,21,0,0,0,0,0,0,1,0,0,0,0,0,0,1,1,0.0,0.0,0.0,0.0
35000.0,42000.0,38500.0,0.0,0,0,0,1,0,0,0,1,0,0,0,0,0,0,1,1,0.0,0.0,0.0,0.0
32000.0,45000.0,38500.0,0.0,0,0,0,1,0,0,0,1,0,0,0,0,0,0,1,1,0.0,0.0,0.0,0.0
35000.0,42000.0,38500.0,0.0,0,0,0,0,0,0,0,0,0,0,0,0,0,0,1,1,0.0,0.0,0.0,0.0
35000.0,42000.0,38500.0,0.0,0,0,0,1,0,0,0,1,0,0,0,0,0,0,1,1,0.0,0.0,0.0,0.0
32118.099609375,45156.69921875,38637.3984375,0.0,0,0,0,0,0,0,0,0,1,0,0,0,0,1,0,1,,,,
36000.0,42000.0,39000.0,3.6,854,0,0,1,0,0,0,1,0,0,0,0,1,0,1,1,0.0,0.0,0.0,0.0
40000.0,40000.0,40000.0,0.0,0,0,0,1,0,0,0,1,0,0,0,0,0,0,1,1,0.0,0.0,0.0,0.0
35000.0,45000.0,40000.0,0.0,0,0,0,1,0,0,0,1,0,0,0,0,0,0,1,1,0.0,0.0,0.0,0.0
35000.0,45000.0,40000.0,0.0,0,0,0,0,0,0,0,1,0,0,0,0,1,0,0,1,0.0,0.0,0.0,0.0
35000.0,45000.0,40000.0,4.5,32,0,0,0,0,0,0,0,0,0,0,0,1,0,0,1,0.0,0.0,0.0,0.0
30000.0,50000.0,40000.0,0.0,0,0,0,1,0,0,1,1,0,0,0,0,0,0,1,1,0.0,0.0,0.0,0.0
35000.0,45000.0,40000.0,0.0,0,0,0,0,0,0,0,0,0,0,0,0,0,0,1,1,0.0,0.0,0.0,0.0
35000.0,45000.0,40000.0,0.0,0,0,0,0,0,0,0,1,0,0,0,0,1,0,0,1,0.0,0.0,0.0,0.0
35000.0,45000.0,40000.0,4.8,5,0,0,1,0,0,0,1,0,0,0,0,0,0,1,1,0.0,0.0,0.0,0.0
35000.0,45000.0,40000.0,0.0,0,0,0,1,0,0,0,1,0,0,0,0,0,0,1,1,0.0,0.0,0.0,0.0
35000.0,45000.0,40000.0,4.2,30,0,0,0,0,0,0,1,0,0,0,0,1,0,0,1,0.0,0.0,0.0,0.0
35000.0,45000.0,40000.0,0.0,0,0,0,1,0,0,0,1,0,0,0,0,0,0,1,1,0.0,0.0,0.0,0.0
35000.0,45000.0,40000.0,0.0,0,0,0,1,0,0,0,1,0,0,0,0,0,0,1,1,0.0,0.0,0.0,0.0
40000.0,40000.0,40000.0,0.0,0,0,0,0,0,0,0,0,0,0,0,0,0,0,1,1,0.0,0.0,0.0,0.0
40000.0,40000.0,40000.0,0.0,0,0,0,0,0,0,0,0,0,0,0,0,0,0,1,1,0.0,0.0,0.0,0.0
38000.0,42000.0,40000.0,0.0,0,0,0,0,0,0,0,0,0,0,0,0,0,0,1,1,0.0,0.0,0.0,0.0
35000.0,45000.0,40000.0,0.0,0,0,0,1,0,0,0,1,0,0,0,0,0,0,1,1,0.0,0.0,0.0,0.0
30858.0,49747.0,40302.5,0.0,0,0,0,1,0,0,0,1,0,0,0,0,0,0,1,1,0.0,0.0,0.0,0.0
38000.0,43000.0,40500.0,0.0,0,0,0,0,0,0,0,1,0,0,0,0,0,0,1,1,0.0,0.0,0.0,0.0
38000.0,43000.0,40500.0,0.0,0,0,0,0,0,0,0,0,0,0,0,0,0,0,1,1,0.0,0.0,0.0,0.0
36000.0,45000.0,40500.0,3.6,854,0,0,1,0,0,0,1,0,0,0,0,1,0,0,1,0.0,0.0,0.0,0.0
34463.53125,47502.1328125,40982.83203125,4.1,297,0,1,0,0,1,0,0,0,0,0,1,0,0,0,1,,,,
34473.34765625,47511.94921875,40992.6484375,0.0,0,0,0,0,0,0,0,0,1,0,0,0,1,0,1,1,,,,
34473.34765625,47511.94921875,40992.6484375,0.0,0,0,0,0,0,0,0,0,1,0,0,0,1,0,1,1,,,,
37000.0,45000.0,41000.0,4.1,13,0,0,0,0,0,0,1,0,0,0,0,0,0,1,1,0.0,0.0,0.0,0.0
40000.0,42000.0,41000.0,3.6,854,0,0,1,0,0,0,1,0,0,0,0,0,0,1,1,0.0,0.0,0.0,0.0
34808.3125,47846.9140625,41327.61328125,4.0,119,1,0,1,0,0,0,0,0,0,1,0,0,1,0,1,,,,
34808.3125,47846.9140625,41327.61328125,4.1,574,1,0,0,0,0,0,0,0,0,1,1,0,1,0,1,,,,
34808.3125,47846.9140625,41327.61328125,0.0,0,1,0,1,0,0,0,0,0,0,0,0,0,1,0,1,,,,
34808.3125,47846.9140625,41327.61328125,4.1,4065,1,0,1,0,0,0,0,0,0,1,0,0,1,0,1,,,,
34808.3125,47846.9140625,41327.61328125,4.1,574,1,0,0,0,0,0,0,0,0,1,0,0,1,0,1,,,,
38000.0,45000.0,41500.0,0.0,0,0,0,1,0,0,0,1,0,0,0,0,0,0,1,1,0.0,0.0,0.0,0.0
38000.0,45000.0,41500.0,0.0,0,0,0,1,0,0,0,1,0,0,0,0,0,0,1,1,0.0,0.0,0.0,0.0
35000.0,48000.0,41500.0,0.0,0,0,0,1,0,0,0,1,0,0,0,0,1,0,1,1,0.0,0.0,0.0,0.0
42000.0,42000.0,42000.0,0.0,0,0,0,0,0,0,0,0,0,0,0,0,0,0,1,1,0.0,0.0,0.0,0.0
35820.0703125,48858.671875,42339.37109375,3.6,19,0,0,0,0,0,0,1,0,0,0,1,1,0,0,1,,,,
35854.78125,48893.3828125,42374.08203125,3.1,9,0,0,0,0,0,0,1,0,0,0,1,0,0,0,1,,,,
35854.78125,48893.3828125,42374.08203125,3.4,143,0,0,0,0,0,0,1,0,0,0,1,0,0,0,1,,,,
35854.78125,48893.3828125,42374.08203125,3.6,19,0,0,0,0,0,0,1,0,0,0,1,0,0,0,1,,,,
35854.78125,48893.3828125,42374.08203125,4.1,2483,0,0,0,0,0,0,1,0,0,0,1,0,0,0,1,,,,
35854.78125,48893.3828125,42374.08203125,3.8,13,0,0,0,0,0,0,1,0,0,0,1,0,0,0,1,,,,
35854.78125,48893.3828125,42374.08203125,0.0,0,0,0,0,0,0,0,1,0,0,0,1,0,0,0,1,,,,
35854.78125,48893.3828125,42374.08203125,3.8,13,0,0,0,0,0,0,1,0,0,0,1,0,0,0,1,,,,
35854.78125,48893.3828125,42374.08203125,0.0,0,0,0,0,0,0,0,1,0,0,0,1,0,0,0,1,,,,
35854.78125,48893.3828125,42374.08203125,4.1,2483,0,0,0,0,0,0,1,0,0,0,1,0,0,0,1,,,,
35854.78125,48893.3828125,42374.08203125,4.1,2483,0,0,0,0,0,0,1,0,0,0,1,0,0,0,1,,,,
35854.78125,48893.3828125,42374.08203125,3.0,4,0,0,0,0,0,0,1,0,0,0,1,0,0,0,1,,,,
35854.78125,48893.3828125,42374.08203125,0.0,0,0,0,0,0,0,0,1,0,0,0,1,0,0,0,1,,,,
35854.78125,48893.3828125,42374.08203125,4.0,52,0,0,0,0,0,0,1,0,0,0,1,0,0,0,1,,,,
35854.78125,48893.3828125,42374.08203125,4.1,297,0,0,0,0,0,0,1,0,0,0,1,0,0,0,1,,,,
35854.78125,48893.3828125,42374.08203125,5.0,2,0,0,0,0,0,0,1,0,0,0,1,0,0,0,1,,,,
35941.60546875,48980.20703125,42460.90625,0.0,0,0,0,1,0,0,0,1,0,0,0,1,0,0,0,1,,,,
35941.60546875,48980.20703125,42460.90625,3.9,9,0,0,1,0,0,0,1,0,0,0,1,0,0,0,1,,,,
35941.60546875,48980.20703125,42460.90625,0.0,0,0,0,1,0,0,0,1,0,0,0,1,0,0,0,1,,,,
35941.60546875,48980.20703125,42460.90625,0.0,0,0,0,1,0,0,0,1,0,0,0,1,0,0,0,1,,,,
35941.60546875,48980.20703125,42460.90625,0.0,0,0,0,1,0,0,0,1,0,0,0,1,0,0,0,1,,,,
35941.60546875,48980.20703125,42460.90625,0.0,0,0,0,1,0,0,0,1,0,0,0,1,0,0,0,1,,,,
35941.60546875,48980.20703125,42460.90625,0.0,0,0,0,1,0,0,0,1,0,0,0,1,0,0,0,1,,,,
35000.0,50000.0,42500.0,0.0,0,0,0,1,0,0,0,1,0,0,0,0,0,0,1,1,0.0,0.0,0.0,0.0
32152.0,53502.0,42827.0,3.0,2,0,0,1,0,0,0,1,0,0,0,0,0,0,1,1,0.0,0.0,0.0,0.0
36965.1640625,50003.765625,43484.46484375,4.7,3,0,0,0,0,0,0,0,0,0,0,0,0,1,0,1,,,,
36965.1640625,50003.765625,43484.46484375,0.0,0,0,0,0,0,0,0,0,0,0,0,0,0,1,0,1,,,,
36965.1640625,50003.765625,43484.46484375,0.0,0,0,0,0,0,0,0,0,0,0,0,0,0,1,0,1,,,,
36965.1640625,50003.765625,43484.46484375,0.0,0,0,0,0,0,0,0,0,0,0,0,0,0,1,0,1,,,,
36965.1640625,50003.765625,43484.46484375,3.8,440,0,0,0,0,0,0,0,0,0,0,1,0,1,0,1,,,,
36965.1640625,50003.765625,43484.46484375,3.0,5,0,0,0,0,0,0,0,0,0,0,1,0,1,0,1,,,,
36965.1640625,50003.765625,43484.46484375,4.1,754,0,0,0,0,0,0,0,0,0,0,0,0,1,0,1,,,,
36965.1640625,50003.765625,43484.46484375,3.9,13453,0,0,0,0,0,0,0,0,0,0,0,0,1,0,1,,,,
36965.1640625,50003.765625,43484.46484375,0.0,0,0,0,0,0,0,0,0,0,0,0,0,0,1,0,1,,,,
36965.1640625,50003.765625,43484.46484375,0.0,0,0,0,0,0,0,0,0,0,0,0,1,0,1,0,1,,,,
36965.1640625,50003.765625,43484.46484375,4.0,1884,0,0,0,0,0,0,0,0,0,0,0,0,1,0,1,,,,
38000.0,50000.0,44000.0,4.7,3,0,0,1,0,0,0,1,0,0,0,0,1,0,0,1,0.0,0.0,0.0,0.0
38000.0,50000.0,44000.0,0.0,0,0,0,1,0,0,0,1,0,0,0,0,0,0,1,1,0.0,0.0,0.0,0.0
40000.0,50000.0,45000.0,0.0,0,0,0,0,0,0,0,1,0,0,0,0,1,0,0,1,0.0,0.0,0.0,0.0
35000.0,55000.0,45000.0,3.8,24,0,0,1,0,0,0,1,0,0,0,0,0,0,1,1,0.0,0.0,0.0,0.0
40000.0,50000.0,45000.0,0.0,0,0,0,1,0,0,0,1,0,0,0,0,0,0,1,1,0.0,0.0,0.0,0.0
40000.0,50000.0,45000.0,0.0,0,0,0,0,0,0,0,0,0,0,0,0,0,0,1,1,0.0,0.0,0.0,0.0
45000.0,45000.0,45000.0,3.5,2,0,0,0,0,0,0,0,0,0,0,0,0,0,1,1,0.0,0.0,0.0,0.0
45000.0,45000.0,45000.0,0.0,0,0,0,0,0,0,0,1,0,0,0,0,0,0,1,1,0.0,0.0,0.0,0.0
40000.0,50000.0,45000.0,3.0,36,0,0,0,0,0,0,1,0,0,0,0,0,0,1,1,0.0,0.0,0.0,0.0
40000.0,50000.0,45000.0,0.0,0,0,0,1,0,0,0,1,0,0,0,0,0,0,1,1,0.0,0.0,0.0,0.0
40000.0,50000.0,45000.0,0.0,0,0,0,0,0,0,0,1,0,0,0,0,0,0,1,1,0.0,0.0,0.0,0.0
42000.0,50000.0,46000.0,0.0,0,0,0,0,0,0,0,0,0,0,0,0,0,0,1,1,0.0,0.0,0.0,0.0
45000.0,50000.0,47500.0,4.5,2,0,0,0,0,0,0,0,0,0,0,0,0,0,1,1,0.0,0.0,0.0,0.0
40000.0,55000.0,47500.0,0.0,0,0,0,1,0,0,0,1,0,0,0,0,0,0,1,1,0.0,0.0,0.0,0.0
40000.0,55000.0,47500.0,3.0,36,0,0,0,0,0,0,1,0,0,0,0,0,0,1,1,0.0,0.0,0.0,0.0
40000.0,55000.0,47500.0,3.8,36,0,0,0,0,0,0,0,0,0,0,0,0,0,1,1,0.0,0.0,0.0,0.0
45000.0,52000.0,48500.0,0.0,0,0,0,0,0,0,0,0,0,0,0,0,0,0,1,1,0.0,0.0,0.0,0.0
42147.6953125,55186.296875,48666.99609375,3.5,152,1,0,1,0,0,0,0,0,0,1,0,1,0,1,1,,,,
42297.41796875,55336.01953125,48816.71875,3.9,3563,1,0,1,0,0,0,0,0,0,1,1,0,0,0,1,,,,
42297.41796875,55336.01953125,48816.71875,0.0,0,1,0,1,0,0,0,0,0,0,1,1,0,0,0,1,,,,
42598.28515625,55636.88671875,49117.5859375,0.0,0,0,0,1,0,0,0,0,1,0,0,0,1,0,0,1,,,,
43067.828125,56106.4296875,49587.12890625,4.0,1249,1,0,0,0,0,0,0,0,0,1,0,1,0,1,1,,,,
43067.828125,56106.4296875,49587.12890625,4.1,754,1,0,0,0,0,0,0,0,0,1,0,1,0,1,1,,,,
43067.828125,56106.4296875,49587.12890625,4.1,754,1,0,0,0,0,0,0,0,0,1,0,1,0,1,1,,,,
43067.828125,56106.4296875,49587.12890625,4.1,754,1,0,0,0,0,0,0,0,0,1,0,1,0,1,1,,,,
43196.99609375,56235.59765625,49716.296875,4.1,754,0,0,0,0,0,0,0,1,0,0,0,1,0,0,1,,,,
43196.99609375,56235.59765625,49716.296875,4.1,2615,0,0,0,0,0,0,0,1,0,0,0,1,0,0,1,,,,
43196.99609375,56235.59765625,49716.296875,4.1,754,0,0,0,0,0,0,0,1,0,0,0,1,0,0,1,,,,
43196.99609375,56235.59765625,49716.296875,4.1,754,0,0,0,0,0,0,0,1,0,0,0,1,0,0,1,,,,
43196.99609375,56235.59765625,49716.296875,4.0,6530,0,0,0,0,0,0,0,1,0,0,0,1,0,0,1,,,,
43196.99609375,56235.59765625,49716.296875,3.9,73,0,0,0,0,0,0,0,1,0,0,0,1,0,0,1,,,,
43196.99609375,56235.59765625,49716.296875,4.1,754,0,0,0,0,0,0,0,1,0,0,0,1,0,0,1,,,,
43196.99609375,56235.59765625,49716.296875,5.0,2,0,0,0,0,0,0,0,1,0,0,0,1,0,0,1,,,,
43196.99609375,56235.59765625,49716.296875,0.0,0,0,0,0,0,0,0,0,1,0,0,0,1,0,0,1,,,,
43196.99609375,56235.59765625,49716.296875,3.8,1511,0,0,0,0,0,0,0,1,0,0,0,1,0,0,1,,,,
45000.0,55000.0,50000.0,0.0,0,0,0,1,0,0,0,1,0,0,0,1,0,0,0,1,0.0,0.0,0.0,0.0
50000.0,50000.0,50000.0,0.0,0,0,0,0,0,0,0,0,0,0,0,0,0,0,1,1,0.0,0.0,0.0,0.0
45000.0,55000.0,50000.0,0.0,0,0,0,0,0,0,0,0,0,0,0,0,0,1,0,1,0.0,0.0,0.0,0.0
43590.7109375,56629.3125,50110.01171875,0.0,0,0,0,0,0,0,0,0,0,0,0,0,1,0,1,1,,,,
43590.7109375,56629.3125,50110.01171875,0.0,0,0,0,0,0,0,0,0,0,0,0,0,1,0,1,1,,,,
43590.7109375,56629.3125,50110.01171875,0.0,0,0,0,0,0,0,0,0,0,0,0,0,1,0,1,1,,,,
43590.7109375,56629.3125,50110.01171875,0.0,0,0,0,0,0,0,0,0,0,0,0,0,1,0,1,1,,,,
43590.7109375,56629.3125,50110.01171875,0.0,0,0,0,0,0,0,0,0,0,0,0,0,1,0,1,1,,,,
43590.7109375,56629.3125,50110.01171875,0.0,0,0,0,0,0,0,0,0,0,0,0,0,1,0,1,1,,,,
43590.7109375,56629.3125,50110.01171875,4.2,5249,0,0,0,0,0,0,0,0,0,0,0,1,1,1,1,,,,
43590.7109375,56629.3125,50110.01171875,0.0,0,0,0,0,0,0,0,0,0,0,0,0,1,0,1,1,,,,
45000.0,56000.0,50500.0,0.0,0,0,0,1,0,0,0,1,0,0,0,1,0,0,0,1,0.0,0.0,0.0,0.0
44352.69921875,57391.30078125,50872.0,3.9,941,0,0,0,0,0,0,0,0,0,0,1,0,0,0,1,,,,
44352.69921875,57391.30078125,50872.0,5.0,5,0,0,0,0,0,0,0,0,0,0,1,0,0,0,1,,,,
44352.69921875,57391.30078125,50872.0,0.0,0,0,0,0,0,0,0,0,0,0,0,1,0,0,0,1,,,,
44352.69921875,57391.30078125,50872.0,4.0,2927,0,0,0,0,0,0,0,0,0,0,1,0,0,0,1,,,,
44352.69921875,57391.30078125,50872.0,0.0,0,0,0,0,0,0,0,0,0,0,0,1,0,0,0,1,,,,
44352.69921875,57391.30078125,50872.0,0.0,0,0,0,0,0,0,0,0,0,0,0,1,0,0,0,1,,,,
44352.69921875,57391.30078125,50872.0,0.0,0,0,0,0,0,0,0,0,0,0,0,1,0,0,0,1,,,,
44352.69921875,57391.30078125,50872.0,3.2,509,0,0,0,0,0,0,0,0,0,0,1,0,0,0,1,,,,
44352.69921875,57391.30078125,50872.0,0.0,0,0,0,0,0,0,0,0,0,0,0,1,0,0,0,1,,,,
44352.69921875,57391.30078125,50872.0,0.0,0,0,0,0,0,0,0,0,0,0,0,1,0,0,0,1,,,,
44352.69921875,57391.30078125,50872.0,0.0,0,0,0,0,0,0,0,0,0,0,0,1,0,0,0,1,,,,
44352.69921875,57391.30078125,50872.0,3.3,49,0,0,0,0,0,0,0,0,0,0,1,0,0,0,1,,,,
44352.69921875,57391.30078125,50872.0,3.9,17,0,0,0,0,0,0,0,0,0,0,1,0,0,0,1,,,,
44352.69921875,57391.30078125,50872.0,0.0,0,0,0,0,0,0,0,0,0,0,0,1,0,0,0,1,,,,
44352.69921875,57391.30078125,50872.0,5.0,2,0,0,0,0,0,0,0,0,0,0,1,0,0,0,1,,,,
44352.69921875,57391.30078125,50872.0,0.0,0,0,0,0,0,0,0,0,0,0,0,1,0,0,0,1,,,,
44352.69921875,57391.30078125,50872.0,0.0,0,0,0,0,0,0,0,0,0,0,0,1,0,0,0,1,,,,
44352.69921875,57391.30078125,50872.0,5.0,2,0,0,0,0,0,0,0,0,0,0,1,0,0,0,1,,,,
44352.69921875,57391.30078125,50872.0,0.0,0,0,0,0,0,0,0,0,0,0,0,1,0,0,0,1,,,,
44352.69921875,57391.30078125,50872.0,0.0,0,0,0,0,0,0,0,0,0,0,0,1,0,0,0,1,,,,
44352.69921875,57391.30078125,50872.0,4.1,10,0,0,0,0,0,0,0,0,0,0,1,0,0,0,1,,,,
44352.69921875,57391.30078125,50872.0,4.0,10147,0,0,0,0,0,0,0,0,0,0,1,0,0,0,1,,,,
44352.69921875,57391.30078125,50872.0,4.0,2930,0,0,0,0,0,0,0,0,0,0,1,0,0,0,1,,,,
44422.140625,57460.7421875,50941.44140625,0.0,0,0,0,0,0,0,0,0,1,0,0,0,1,1,0,1,,,,
46772.578125,59811.1796875,53291.87890625,0.0,0,0,1,0,0,0,0,0,0,0,0,0,1,0,0,1,,,,
50000.0,60000.0,55000.0,0.0,0,0,0,1,0,0,0,1,0,0,0,0,0,0,1,1,0.0,0.0,0.0,0.0
50402.0546875,63440.65625,56921.35546875,3.2,6305,0,0,0,0,0,0,0,0,0,0,0,1,1,0,1,,,,
50402.0546875,63440.65625,56921.35546875,2.8,9,0,0,0,0,0,0,0,0,0,0,0,1,1,0,1,,,,
50000.0,70000.0,60000.0,0.0,0,0,0,1,0,0,0,1,0,0,0,0,0,0,1,1,0.0,0.0,0.0,0.0
56452.94140625,69491.5390625,62972.2421875,4.0,6530,1,0,0,0,0,0,0,0,0,1,0,1,0,0,1,,,,
56452.94140625,69491.5390625,62972.2421875,3.9,3563,1,0,1,0,0,0,0,0,0,1,0,1,0,0,1,,,,
56452.94140625,69491.5390625,62972.2421875,4.1,2615,1,0,0,0,0,0,0,0,0,1,0,1,0,0,1,,,,
56452.94140625,69491.5390625,62972.2421875,3.4,702,1,0,0,0,0,0,0,0,0,1,0,1,0,0,1,,,,
56452.94140625,69491.5390625,62972.2421875,3.9,74,1,0,0,0,0,0,0,0,0,1,0,1,0,0,1,,,,
57645.91015625,70684.5078125,64165.2109375,3.8,440,0,0,0,0,0,0,0,0,0,0,0,1,0,0,1,,,,
57645.91015625,70684.5078125,64165.2109375,3.7,15389,0,0,0,0,0,0,0,0,0,0,0,1,0,0,1,,,,
57645.91015625,70684.5078125,64165.2109375,4.5,11,0,0,0,0,0,0,0,0,0,0,0,1,0,0,1,,,,
57645.91015625,70684.5078125,64165.2109375,0.0,0,0,0,0,0,0,0,0,0,0,0,0,1,0,0,1,,,,
57645.91015625,70684.5078125,64165.2109375,0.0,0,0,0,0,0,0,0,0,0,0,0,0,1,0,0,1,,,,
57645.91015625,70684.5078125,64165.2109375,3.6,40,0,0,0,0,1,0,0,0,0,0,0,1,0,0,1,,,,
57645.91015625,70684.5078125,64165.2109375,5.0,5,0,0,0,0,0,0,0,0,0,0,0,1,0,0,1,,,,
57645.91015625,70684.5078125,64165.2109375,5.0,2,0,0,0,0,0,0,0,0,0,0,0,1,0,0,1,,,,
57645.91015625,70684.5078125,64165.2109375,3.1,54,0,0,0,0,0,0,0,0,0,0,0,1,0,0,1,,,,
57645.91015625,70684.5078125,64165.2109375,3.1,14,0,0,0,0,0,0,0,0,0,0,0,1,0,0,1,,,,
57645.91015625,70684.5078125,64165.2109375,3.9,941,0,0,0,0,0,0,0,0,0,0,1,1,0,0,1,,,,
57645.91015625,70684.5078125,64165.2109375,0.0,0,0,0,0,0,0,0,0,0,0,0,0,1,0,0,1,,,,
57645.91015625,70684.5078125,64165.2109375,0.0,0,0,0,0,0,0,0,0,0,0,0,0,1,0,0,1,,,,
57645.91015625,70684.5078125,64165.2109375,3.5,318,0,0,0,0,0,0,0,0,0,0,0,1,0,0,1,,,,
57645.91015625,70684.5078125,64165.2109375,4.2,2152,0,0,0,0,0,0,0,0,0,0,0,1,0,0,1,,,,
57645.91015625,70684.5078125,64165.2109375,0.0,0,0,0,0,0,0,0,0,0,0,0,0,1,0,0,1,,,,
57645.91015625,70684.5078125,64165.2109375,4.5,32,0,0,0,0,0,0,0,0,0,0,0,1,0,0,1,,,,
57645.91015625,70684.5078125,64165.2109375,4.0,5,0,0,0,0,0,0,0,0,0,0,0,1,0,0,1,,,,
57645.91015625,70684.5078125,64165.2109375,0.0,0,0,0,0,0,0,0,0,0,0,0,1,1,0,0,1,,,,
57645.91015625,70684.5078125,64165.2109375,4.5,32,0,0,0,0,0,0,0,0,0,0,0,1,0,0,1,,,,
57645.91015625,70684.5078125,64165.2109375,3.9,24,0,0,1,0,1,0,0,0,0,0,0,1,0,0,1,,,,
57645.91015625,70684.5078125,64165.2109375,3.7,16,0,0,0,0,0,0,0,0,0,0,0,1,0,0,1,,,,
57645.91015625,70684.5078125,64165.2109375,0.0,0,0,0,0,0,0,0,0,0,0,0,0,1,0,0,1,,,,
57645.91015625,70684.5078125,64165.2109375,3.2,509,0,0,0,0,0,0,0,0,0,0,0,1,0,0,1,,,,
57645.91015625,70684.5078125,64165.2109375,4.5,32,0,0,0,0,0,0,0,0,0,0,0,1,0,0,1,,,,
57645.91015625,70684.5078125,64165.2109375,2.8,166,0,0,0,0,0,0,0,0,0,0,0,1,0,0,1,,,,
57645.91015625,70684.5078125,64165.2109375,2.8,5327,0,0,0,0,0,0,0,0,0,0,0,1,0,0,1,,,,
57645.91015625,70684.5078125,64165.2109375,4.1,754,0,0,0,0,0,0,0,0,0,0,0,1,0,0,1,,,,
57645.91015625,70684.5078125,64165.2109375,0.0,0,0,0,0,0,0,0,0,0,0,0,0,1,0,0,1,,,,
57645.91015625,70684.5078125,64165.2109375,4.0,5,0,0,0,0,0,0,0,0,0,0,0,1,0,0,1,,,,
57645.91015625,70684.5078125,64165.2109375,0.0,0,0,0,0,0,0,0,0,0,0,0,0,1,0,0,1,,,,
57645.91015625,70684.5078125,64165.2109375,4.1,754,0,0,0,0,0,0,0,0,0,0,0,1,0,0,1,,,,
57645.91015625,70684.5078125,64165.2109375,4.1,14,0,0,0,0,0,0,0,0,0,0,0,1,0,0,1,,,,
57645.91015625,70684.5078125,64165.2109375,0.0,0,0,0,0,0,0,0,0,0,0,0,0,1,0,0,1,,,,
57645.91015625,70684.5078125,64165.2109375,4.1,2483,0,0,0,0,0,0,0,0,0,0,0,1,0,0,1,,,,
57645.91015625,70684.5078125,64165.2109375,4.1,754,0,0,0,0,0,0,0,0,0,0,0,1,0,0,1,,,,
57645.91015625,70684.5078125,64165.2109375,4.0,80,0,0,0,0,0,0,0,0,0,0,0,1,0,0,1,,,,
57645.91015625,70684.5078125,64165.2109375,4.5,32,0,0,0,0,0,0,0,0,0,0,0,1,0,0,1,,,,
57645.91015625,70684.5078125,64165.2109375,4.1,754,0,0,0,0,0,0,0,0,0,0,1,1,0,0,1,,,,
57645.91015625,70684.5078125,64165.2109375,3.2,509,0,0,0,0,0,0,0,0,0,0,0,1,0,0,1,,,,
57645.91015625,70684.5078125,64165.2109375,3.5,109,0,0,0,0,0,0,0,0,0,0,0,1,0,0,1,,,,
48000.0,96000.0,72000.0,0.0,0,0,0,1,1,0,1,0,0,0,0,0,0,0,1,0,0.0,1.0,0.0,0.0
74034.84375,87073.4375,80554.140625,0.0,0,0,0,1,1,0,0,0,0,0,0,0,0,0,1,1,,,,
74034.84375,87073.4375,80554.140625,0.0,0,0,0,1,1,0,0,0,0,0,0,0,0,0,1,1,,,,
74034.84375,87073.4375,80554.140625,4.3,3,0,0,1,1,0,0,0,0,0,0,0,0,0,1,1,,,,
74034.84375,87073.4375,80554.140625,0.0,0,0,0,1,1,0,0,0,0,0,0,0,0,0,1,1,,,,
74034.84375,87073.4375,80554.140625,0.0,0,0,0,1,1,0,1,0,0,0,0,0,0,0,1,1,,,,
74034.84375,87073.4375,80554.140625,4.3,3,0,0,1,1,0,0,0,0,0,0,0,0,0,1,1,,,,
74034.84375,87073.4375,80554.140625,5.0,2,0,0,1,1,0,0,0,0,0,0,0,0,0,1,1,,,,
74034.84375,87073.4375,80554.140625,4.7,10,0,0,0,1,0,0,0,0,0,0,0,0,0,1,1,,,,
74034.84375,87073.4375,80554.140625,0.0,0,0,0,1,1,0,0,0,0,0,0,0,0,0,1,1,,,,
74034.84375,87073.4375,80554.140625,0.0,0,0,0,1,1,0,0,0,0,0,0,0,0,0,1,1,,,,
74034.84375,87073.4375,80554.140625,0.0,0,0,0,1,1,0,0,0,0,0,0,0,0,0,1,1,,,,
74034.84375,87073.4375,80554.140625,4.1,13,0,0,1,1,0,0,0,0,0,0,0,0,0,1,1,,,,
74034.84375,87073.4375,80554.140625,0.0,0,0,0,1,1,0,0,0,0,0,0,0,0,0,1,1,,,,
74034.84375,87073.4375,80554.140625,0.0,0,0,0,1,1,0,1,0,0,0,0,0,0,0,1,1,,,,
74034.84375,87073.4375,80554.140625,0.0,0,0,0,1,1,0,0,0,0,0,0,0,0,0,1,1,,,,
74034.84375,87073.4375,80554.140625,0.0,0,0,0,1,1,0,1,0,0,0,0,0,0,0,1,1,,,,
74034.84375,87073.4375,80554.140625,0.0,0,0,0,1,1,0,0,0,0,0,0,0,0,0,1,1,,,,
74034.84375,87073.4375,80554.140625,4.0,3,0,0,1,1,0,0,0,0,0,0,0,0,0,1,1,,,,
74034.84375,87073.4375,80554.140625,0.0,0,0,0,1,1,0,0,0,0,0,0,0,0,0,1,1,,,,
74034.84375,87073.4375,80554.140625,0.0,0,0,0,1,1,0,0,0,0,0,0,0,0,0,1,1,,,,
84000.0,84000.0,84000.0,0.0,0,0,0,1,1,0,0,0,0,0,0,0,0,0,1,0,0.0,1.0,0.0,0.0
60000.0,120000.0,90000.0,0.0,0,0,0,1,1,0,1,0,0,0,0,0,0,0,1,0,0.0,1.0,0.0,0.0
96000.0,96000.0,96000.0,4.1,13,0,0,1,1,0,0,0,0,0,0,0,0,0,1,0,0.0,1.0,0.0,0.0
103200.0,103200.0,103200.0,4.3,3,0,0,1,1,0,0,0,0,0,0,0,0,0,1,0,0.0,1.0,0.0,0.0
103200.0,103200.0,103200.0,4.3,3,0,0,1,1,0,0,0,0,0,0,0,0,0,1,0,0.0,1.0,0.0,0.0
100000.0,110000.0,105000.0,4.5,32,0,0,0,0,0,0,0,0,0,0,0,1,0,0,1,0.0,0.0,0.0,0.0
100000.0,110000.0,105000.0,4.5,32,0,0,0,0,0,0,0,0,0,0,0,1,0,0,1,0.0,0.0,0.0,0.0
96000.0,120000.0,108000.0,0.0,0,0,0,1,1,0,1,0,0,0,0,0,0,0,1,0,0.0,1.0,0.0,0.0
