salary_min,salary_max,salary_mean,rating_mean,rating_count,contract_contrat pro,contract_intérim,contract_temps plein,contract_indépendant,contract_cdd,contract_temps partiel,contract_cdi,contract_stage,contract_commission,contract_apprentissage,query_data+scientist,query_business+intelligence,query_data+analyst,query_developpeur,mode_an
,,,3.3,469,1,0,1,0,0,0,0,0,0,1,1,0,1,0,1
,,,3.9,9,0,0,0,0,0,0,1,0,0,0,1,0,0,0,1
,,,4.0,505,0,0,0,0,0,0,1,0,0,0,1,0,0,0,1
,,,3.3,469,1,0,1,0,0,0,0,0,0,1,1,0,1,0,1
,,,0.0,0,0,0,0,0,0,0,0,0,0,0,1,1,1,0,1
,,,4.0,20,0,0,0,0,0,0,0,0,0,0,1,0,1,0,1
,,,0.0,0,1,0,0,0,0,0,0,0,0,1,0,0,1,0,1
,,,3.4,28,0,0,0,0,0,0,0,0,0,0,0,1,1,0,1
,,,0.0,0,0,0,0,1,0,0,0,0,0,0,0,0,1,0,1
,,,0.0,0,0,0,0,0,0,0,1,0,0,0,0,0,1,0,1
,,,0.0,0,0,0,0,0,0,0,1,0,0,0,0,0,1,0,1
,,,3.7,99,0,0,0,0,0,0,1,0,0,0,0,0,1,0,1
,,,0.0,0,0,0,0,0,0,0,1,0,0,0,0,0,1,0,1
,,,4.5,2,0,0,0,0,0,0,0,1,0,0,0,1,1,0,1
,,,0.0,0,0,0,0,0,0,0,1,0,0,0,0,0,1,0,1
,,,0.0,0,0,0,0,0,0,0,1,0,0,0,0,0,1,0,1
,,,4.0,20,0,0,0,0,1,0,0,0,0,0,0,0,1,0,1
,,,3.1,142,0,0,0,0,0,0,1,0,0,0,0,0,1,0,1
,,,0.0,0,0,0,0,0,0,0,1,0,0,0,1,1,0,1,1
,,,4.1,193,0,0,0,0,0,0,0,1,0,0,0,1,0,0,1
,,,4.0,19638,0,0,0,0,0,0,0,0,0,0,0,1,0,0,1
,,,0.0,0,0,0,0,0,0,0,1,0,0,0,0,1,0,0,1
,,,4.0,80,1,0,0,0,0,0,0,0,0,1,0,1,0,0,1
,,,4.0,80,0,0,0,0,0,0,0,0,0,0,0,1,0,0,1
,,,0.0,0,0,0,0,0,0,0,1,0,0,0,0,1,0,0,1
,,,4.0,6530,0,0,0,0,0,0,0,1,0,0,0,1,0,0,1
,,,0.0,0,0,0,1,0,0,0,1,0,0,0,0,0,0,1,1
,,,0.0,0,0,0,0,0,0,0,0,0,0,0,0,0,0,1,1
,,,0.0,0,0,0,0,0,1,0,0,0,0,0,0,0,0,1,1
45000.0,60000.0,52500.0,0.0,0,0,0,0,0,0,0,1,0,0,0,0,0,0,1,1
,,,0.0,0,0,0,1,0,1,0,0,0,0,0,0,0,0,1,1
,,,0.0,0,0,0,0,0,0,0,1,0,0,0,0,0,0,1,1
,,,0.0,0,0,0,0,0,0,0,1,0,0,0,1,0,0,0,1
,,,3.6,44,0,0,0,0,0,0,0,0,0,0,1,0,0,0,1
,,,0.0,0,0,0,0,0,0,0,0,0,0,0,1,0,0,0,1
,,,4.0,508,1,0,0,0,0,0,0,0,0,1,1,0,0,0,1
,,,3.9,9,1,0,0,0,0,0,0,0,0,1,1,0,0,0,1
,,,3.5,8,0,0,0,0,0,0,0,0,0,0,1,0,0,0,1
,,,5.0,4,0,0,0,0,0,0,1,0,0,0,1,0,0,0,1
,,,3.1,9,0,0,0,0,0,0,1,0,0,0,1,0,0,0,1
,,,0.0,0,0,0,0,0,0,0,0,0,0,0,1,0,0,1,1
,,,0.0,0,0,0,0,0,0,0,0,0,0,0,1,0,0,0,1
,,,0.0,0,0,0,1,0,0,0,1,0,0,0,1,0,0,0,1
,,,3.9,9,0,0,0,0,0,0,1,0,0,0,1,0,0,0,1
,,,3.9,9,0,0,0,0,0,0,1,0,0,0,1,0,0,1,1
,,,4.0,20,0,0,0,0,0,0,0,0,0,0,1,0,1,0,1
,,,4.0,508,0,0,0,0,0,0,1,0,0,0,1,0,0,0,1
,,,0.0,0,0,0,0,0,0,0,0,0,0,0,1,0,0,0,1
,,,0.0,0,0,0,0,0,0,0,1,0,0,0,1,1,0,0,1
,,,4.0,20,0,0,0,0,0,0,0,0,0,0,1,0,1,1,1
,,,0.0,0,0,0,0,0,0,0,1,0,0,0,1,1,0,0,1
,,,4.0,20,0,0,0,0,0,0,0,0,0,0,1,0,1,0,1
,,,4.0,20,0,0,0,0,0,0,0,0,0,0,1,0,1,0,1
,,,3.7,270,0,0,0,0,0,0,0,0,0,0,1,0,0,0,1
,,,3.4,100,0,0,0,0,0,0,1,0,0,0,1,0,0,1,1
,,,3.8,132,0,0,0,0,0,0,1,0,0,0,0,0,1,0,1
,,,0.0,0,0,0,0,0,0,0,1,0,0,0,0,0,1,0,1
,,,4.3,15,0,0,0,0,0,0,1,0,0,0,0,0,1,0,1
,,,0.0,0,0,0,0,0,1,0,0,0,0,0,0,0,1,0,1
,,,4.0,20,0,0,0,0,0,0,0,0,0,0,0,0,1,0,1
,,,4.0,20,0,0,0,0,0,0,0,0,0,0,0,0,1,0,1
,,,3.1,991,0,0,0,0,0,0,0,0,0,0,0,0,1,0,1
,,,0.0,0,0,0,0,0,0,0,0,0,0,0,0,0,1,0,1
,,,0.0,0,0,0,0,0,0,0,1,0,0,0,0,0,1,0,1
,,,3.5,318,0,0,0,0,0,0,0,0,0,0,0,0,1,0,1
,,,4.0,20,0,0,0,0,0,0,0,0,0,0,0,0,1,1,1
,,,4.0,20,0,0,0,0,0,0,0,0,0,0,0,0,1,1,1
,,,4.0,20,0,0,0,0,0,0,0,0,0,0,0,0,1,0,1
,,,4.0,20,0,0,0,0,0,0,0,0,0,0,0,0,1,1,1
,,,4.0,20,0,0,0,0,0,0,0,0,0,0,0,0,1,1,1
,,,4.0,20,0,0,0,0,0,0,0,0,0,0,0,0,1,1,1
,,,4.0,20,0,0,0,0,0,0,0,0,0,0,0,0,1,0,1
28000.0,36000.0,32000.0,5.0,5,0,0,1,0,0,0,1,0,0,0,0,0,1,0,1
,,,4.0,20,0,0,0,0,0,0,0,0,0,0,0,0,1,1,1
,,,4.0,20,0,0,0,0,0,0,0,0,0,0,0,0,1,1,1
,,,3.4,32,0,0,0,0,0,0,1,0,0,0,0,1,1,0,1
,,,3.3,21,0,0,0,0,0,0,1,0,0,0,0,1,0,0,1
,,,0.0,0,0,0,0,0,0,0,0,0,0,0,0,1,0,0,1
,,,3.5,1689,0,0,0,0,0,0,0,0,0,0,0,1,0,0,1
,,,4.0,6546,0,0,0,0,0,0,0,0,0,0,0,1,0,1,1
,,,0.0,0,0,0,0,0,0,0,1,0,0,0,0,1,0,0,1
,,,3.9,79,0,0,0,0,0,0,0,0,0,0,0,1,0,0,1
,,,0.0,0,0,0,0,0,0,0,1,0,0,0,0,1,0,1,1
,,,3.1,991,0,0,0,0,0,0,0,0,0,0,0,1,0,0,1
,,,3.6,19,0,0,0,0,0,0,1,0,0,0,0,1,0,0,1
,,,0.0,0,0,0,0,0,0,0,1,0,0,0,0,1,0,0,1
,,,3.6,19,0,0,0,0,0,0,1,0,0,0,0,1,0,0,1
,,,4.0,508,0,0,0,0,0,0,1,0,0,0,0,1,0,1,1
,,,0.0,0,0,0,0,0,0,0,1,0,0,0,0,1,0,0,1
,,,3.8,51,0,0,0,0,0,0,1,0,0,0,0,1,0,0,1
,,,3.9,9,0,0,0,0,0,0,1,0,0,0,0,1,0,0,1
,,,3.9,79,0,0,0,0,0,0,0,0,0,0,0,1,0,0,1
,,,3.9,79,0,0,0,0,0,0,0,0,0,0,0,1,0,0,1
,,,3.9,10,0,0,0,0,0,0,1,0,0,0,0,1,0,0,1
,,,0.0,0,0,0,0,0,0,0,1,0,0,0,0,1,0,0,1
,,,3.8,51,0,0,0,0,0,0,1,0,0,0,0,1,0,0,1
,,,4.1,2483,0,0,0,0,0,0,1,0,0,0,0,1,0,0,1
,,,0.0,0,0,0,0,0,0,0,1,0,0,0,0,1,0,1,1
,,,0.0,0,0,0,0,0,0,0,1,0,0,0,0,1,0,0,1
,,,3.6,19,0,0,0,0,0,0,1,0,0,0,0,1,0,0,1
,,,5.0,4,0,0,0,0,0,0,1,0,0,0,0,1,0,1,1
,,,0.0,0,0,0,1,0,0,0,1,0,0,0,0,1,0,0,1
,,,0.0,0,0,0,0,0,0,0,1,0,0,0,0,1,0,1,1
33000.0,33000.0,33000.0,5.0,3,0,0,0,0,0,0,1,0,0,0,0,0,0,1,1
35000.0,50000.0,42500.0,0.0,0,0,0,1,0,0,0,1,0,0,0,0,0,0,1,1
7200.0,7200.0,7200.0,0.0,0,0,0,1,0,0,0,0,1,0,0,0,0,0,1,1
40000.0,40000.0,40000.0,5.0,3,0,0,0,0,0,0,1,0,0,0,0,0,0,1,1
,,,0.0,0,1,0,0,0,0,0,0,0,0,1,0,0,0,1,1
,,,0.0,0,0,0,0,0,0,0,0,1,0,0,0,0,0,1,1
,,,0.0,0,0,0,1,0,0,0,0,1,0,0,0,0,0,1,1
,,,0.0,0,0,0,0,0,0,0,0,0,0,0,0,0,0,1,1
,,,0.0,0,0,0,1,0,0,0,0,1,0,0,0,0,0,1,1
28000.0,32000.0,30000.0,0.0,0,0,0,1,0,0,0,1,0,0,0,0,0,0,1,1
,,,3.8,5,1,0,0,0,0,0,0,0,0,1,0,0,0,1,1
,,,0.0,0,0,0,0,0,0,0,1,0,0,0,0,0,0,1,1
,,,3.2,17,0,0,0,0,0,0,1,0,0,0,0,0,0,1,1
,,,3.8,640,1,0,1,0,0,0,0,1,0,1,0,0,0,1,1
,,,0.0,0,0,0,0,0,0,0,0,0,0,0,0,0,0,1,1
30000.0,70000.0,50000.0,0.0,0,0,0,1,0,0,0,1,0,0,0,0,0,0,1,1
,,,0.0,0,0,0,0,0,0,0,0,1,0,0,0,0,0,1,1
29580.0,47158.0,38369.0,0.0,0,0,0,0,0,0,0,1,0,0,0,0,0,0,1,1
57600.0,76800.0,67200.0,4.2,6,0,0,0,0,0,0,1,0,0,0,0,0,0,1,1
,,,0.0,0,0,0,0,0,0,0,0,1,0,0,0,0,0,1,1
,,,0.0,0,0,0,0,0,0,0,1,0,0,0,0,0,0,1,1
,,,4.1,2483,0,0,0,0,0,0,1,0,0,0,0,0,0,1,1
,,,0.0,0,0,0,0,0,0,0,0,1,0,0,0,0,0,1,1
96000.0,0.0,48000.0,3.5,336,0,0,0,0,0,0,0,0,0,0,0,0,0,1,1
29727.0,47207.0,38467.0,0.0,0,0,0,1,0,0,0,1,0,0,0,0,0,0,1,1
,,,0.0,0,0,0,0,0,1,0,0,0,0,0,0,0,0,1,1
28000.0,40000.0,34000.0,4.2,6,0,0,0,0,0,0,1,0,0,0,0,0,0,1,1
,,,0.0,0,0,0,0,0,0,0,1,0,0,0,0,0,0,1,1
,,,0.0,0,0,0,0,0,0,0,1,0,0,0,0,0,0,1,1
,,,0.0,0,0,0,0,0,0,0,0,0,0,1,0,0,0,1,1
28000.0,38000.0,33000.0,0.0,0,0,0,1,0,0,0,1,0,0,0,0,0,0,1,1
,,,0.0,0,0,0,0,0,0,0,1,0,0,0,0,0,0,1,1
,,,0.0,0,0,0,1,0,0,0,0,1,0,0,0,0,0,1,1
35000.0,37000.0,36000.0,3.8,156,0,0,1,0,0,0,1,0,0,0,0,0,0,1,1
,,,0.0,0,0,0,0,0,0,0,1,0,0,0,0,0,0,1,1
,,,0.0,0,0,0,0,0,0,0,1,0,0,0,0,0,0,1,1
30000.0,35000.0,32500.0,4.0,2,0,0,1,0,0,0,1,0,0,0,0,0,0,1,1
,,,3.6,727,0,0,1,0,0,0,1,0,0,0,0,0,0,1,1
,,,0.0,0,0,0,0,0,0,0,0,0,0,0,0,0,0,1,1
30000.0,30000.0,30000.0,0.0,0,0,0,1,0,0,0,1,0,0,0,0,0,0,1,1
,,,4.0,19664,0,0,0,0,0,0,0,0,0,0,0,0,0,1,1
22800.0,27600.0,25200.0,0.0,0,0,0,1,0,0,0,1,0,0,0,0,0,0,1,1
,,,0.0,0,0,0,0,0,0,0,1,0,0,0,0,0,0,1,1
22000.0,32000.0,27000.0,0.0,0,0,0,0,0,0,0,1,0,0,0,0,0,0,1,1
36000.0,45000.0,40500.0,3.4,65,0,0,0,0,0,0,0,0,0,0,0,0,0,1,1
,,,0.0,0,0,0,0,0,0,0,0,0,0,0,0,0,0,1,1
,,,0.0,0,0,0,0,0,0,0,1,0,0,0,0,0,0,1,1
,,,3.1,991,0,0,0,0,0,0,0,0,0,0,0,0,0,1,1
,,,4.0,508,0,0,0,0,0,0,1,0,0,0,0,0,0,1,1
,,,0.0,0,0,0,0,0,0,0,1,0,0,0,0,0,0,1,1
,,,2.8,11,0,0,1,0,0,0,1,0,0,0,0,0,0,1,1
,,,4.0,19664,0,0,1,0,0,0,0,1,0,0,0,0,0,1,1
,,,0.0,0,0,0,1,0,0,0,0,0,0,1,0,0,0,1,1
,,,0.0,0,0,0,0,0,0,0,1,0,0,0,0,0,0,1,1
,,,0.0,0,0,0,0,0,0,0,0,0,0,0,0,0,0,1,1
,,,0.0,0,0,0,0,0,0,0,0,0,0,0,0,0,0,1,1
,,,4.2,6,0,0,0,0,0,0,1,0,0,0,0,0,0,1,1
,,,3.5,2,0,0,0,0,0,0,1,0,0,0,0,0,0,1,1
,,,4.2,16,0,0,0,0,0,0,0,0,0,0,0,0,0,1,1
,,,0.0,0,0,0,0,0,0,0,0,0,0,0,0,0,0,1,1
,,,0.0,0,0,0,0,0,0,0,0,0,0,0,0,0,0,1,1
,,,4.0,508,0,0,0,0,0,0,1,0,0,0,0,0,0,1,1
,,,3.4,10,0,0,0,0,1,0,0,0,0,0,0,0,0,1,1
,,,3.1,142,0,0,0,0,0,0,1,0,0,0,0,0,0,1,1
,,,3.4,58,0,0,0,0,0,0,1,0,0,0,0,0,0,1,1
,,,4.0,19664,0,0,0,0,0,0,0,0,0,0,0,0,0,1,1
,,,0.0,0,0,0,0,0,0,0,0,0,0,0,0,0,0,1,1
,,,3.5,8,0,0,0,0,0,0,0,0,0,0,0,0,0,1,1
72000.0,76800.0,74400.0,0.0,0,0,0,1,1,0,0,0,0,0,0,0,0,0,1,1
,,,0.0,0,0,0,0,0,0,0,0,0,0,0,0,0,0,1,1
,,,0.0,0,0,0,0,0,0,0,1,0,0,0,0,0,0,1,1
,,,2.6,87,0,0,1,0,0,0,1,0,0,0,0,0,0,1,1
,,,0.0,0,0,0,0,0,0,0,1,0,0,0,0,0,0,1,1
,,,4.1,2483,0,0,0,0,0,0,1,0,0,0,0,0,0,1,1
,,,0.0,0,0,0,0,0,0,0,1,0,0,0,0,0,0,1,1
,,,0.0,0,0,0,0,0,0,0,1,0,0,0,0,0,0,1,1
,,,0.0,0,0,0,0,0,0,0,1,0,0,0,0,0,0,1,1
,,,3.4,2412,0,0,1,0,0,0,1,0,0,0,0,0,0,1,1
28000.0,35000.0,31500.0,0.0,0,0,0,1,0,0,0,1,0,0,0,0,0,0,1,1
,,,0.0,0,1,0,0,0,0,0,0,1,0,1,0,0,0,1,1
,,,0.0,0,0,0,0,0,0,0,0,0,0,0,0,0,0,1,1
,,,0.0,0,0,0,0,0,0,0,0,0,0,0,0,0,0,1,1
38000.0,48000.0,43000.0,0.0,0,0,0,0,0,0,0,0,0,0,0,0,0,0,1,1
,,,3.4,10,0,0,0,0,0,0,1,0,0,0,0,0,0,1,1
,,,3.1,142,0,0,0,0,0,0,1,0,0,0,0,0,0,1,1
,,,0.0,0,0,0,0,0,0,0,1,0,0,0,0,0,0,1,1
,,,3.4,2412,0,0,1,0,0,0,1,0,0,0,0,0,0,1,1
,,,3.3,4,0,0,0,0,0,0,1,0,0,0,0,0,0,1,1
,,,0.0,0,0,0,0,0,0,0,1,0,0,0,0,0,0,1,1
50000.0,50000.0,50000.0,5.0,3,0,0,0,0,0,0,1,0,0,0,0,0,0,1,1
22000.0,32000.0,27000.0,0.0,0,0,0,0,0,0,0,1,0,0,0,0,0,0,1,1
,,,0.0,0,0,0,0,0,0,0,1,0,0,0,0,0,0,1,1
,,,3.5,25,0,0,0,0,0,0,0,0,0,0,0,0,0,1,1
,,,0.0,0,0,0,0,0,0,0,1,0,0,0,0,0,0,1,1
30000.0,40000.0,35000.0,0.0,0,0,0,1,0,0,0,1,0,0,0,0,0,0,1,1
28000.0,38000.0,33000.0,0.0,0,0,0,1,0,0,0,1,0,0,0,0,0,0,1,1
,,,0.0,0,0,0,0,0,0,0,0,0,0,0,0,0,0,1,1
35000.0,35000.0,35000.0,0.0,0,0,0,0,0,0,0,1,0,0,0,0,0,0,1,1
35000.0,65000.0,50000.0,0.0,0,0,0,0,0,0,0,1,0,0,0,0,0,0,1,1
,,,4.1,2483,0,0,0,0,0,0,1,0,0,0,0,0,0,1,1
,,,0.0,0,0,0,0,0,0,0,1,0,0,0,0,0,0,1,1
,,,0.0,0,0,0,0,0,0,0,1,0,0,0,0,0,0,1,1
30000.0,32000.0,31000.0,4.2,6,0,0,1,0,0,0,1,0,0,0,0,0,0,1,1
,,,3.8,36,0,0,0,0,0,0,0,0,0,0,0,0,0,1,1
,,,0.0,0,0,0,1,1,0,0,0,0,0,0,0,0,0,1,1
,,,0.0,0,0,0,0,0,0,0,1,0,0,0,0,0,0,1,1
31000.0,38000.0,34500.0,0.0,0,0,0,1,0,0,0,1,0,0,0,0,0,0,1,1
,,,0.0,0,0,0,0,0,0,0,0,0,0,0,0,0,0,1,1
,,,3.8,10,0,0,0,0,0,0,0,0,0,0,0,0,0,1,1
34000.0,40000.0,37000.0,0.0,0,0,0,1,0,0,0,1,0,0,0,0,0,0,1,1
30000.0,40000.0,35000.0,0.0,0,0,0,1,0,0,0,1,0,0,0,0,0,0,1,1
,,,5.0,2,0,0,0,0,0,0,0,0,0,0,0,0,0,1,1
,,,3.5,2449,0,0,0,0,0,0,0,0,0,0,0,0,0,1,1
,,,0.0,0,0,0,0,0,0,0,1,0,0,0,0,0,0,1,1
,,,0.0,0,0,0,0,0,0,0,1,0,0,0,0,0,0,1,1
,,,0.0,0,0,0,0,0,0,0,1,0,0,0,0,0,0,1,1
,,,0.0,0,0,0,0,0,0,0,0,0,0,0,0,0,0,1,1
,,,3.1,9,0,0,0,0,0,0,1,0,0,0,0,0,0,1,1
30000.0,35000.0,32500.0,0.0,0,0,0,1,0,0,0,1,0,0,0,0,0,0,1,1
,,,3.5,109,0,0,0,0,0,0,0,0,0,0,0,0,0,1,1
,,,3.8,37,0,0,0,0,0,0,0,0,0,0,0,0,0,1,1
,,,4.3,8,0,0,0,0,0,0,0,0,0,0,0,0,0,1,1
,,,0.0,0,0,0,0,0,0,0,1,0,0,0,0,0,0,1,1
,,,0.0,0,0,0,1,1,0,0,0,0,0,0,0,0,0,1,1
,,,3.9,9,0,0,0,0,0,0,1,0,0,0,0,0,0,1,1
,,,0.0,0,0,0,1,0,0,0,0,0,0,1,0,0,0,1,1
,,,3.5,646,0,0,0,0,0,0,1,0,0,0,0,0,0,1,1
,,,3.5,25,0,0,0,0,0,0,0,0,0,0,0,0,0,1,1
,,,3.9,9,0,0,0,0,0,0,1,0,0,0,0,0,0,1,1
,,,3.8,2337,0,0,0,0,0,0,0,0,0,0,0,0,0,1,1
,,,0.0,0,0,0,0,0,0,0,1,0,0,0,0,0,0,1,1
,,,0.0,0,0,0,0,0,0,0,1,0,0,0,0,0,0,1,1
,,,3.1,54,0,0,0,0,0,0,0,0,0,0,0,0,0,1,1
,,,0.0,0,0,0,0,0,0,0,1,0,0,0,0,0,0,1,1
44000.0,44000.0,44000.0,3.0,6,0,0,0,0,0,0,1,0,0,0,0,0,0,1,1
35000.0,55000.0,45000.0,5.0,2,0,0,1,0,0,0,1,0,0,0,0,0,0,1,1
,,,2.3,22,0,0,1,0,0,0,1,0,0,0,0,0,0,1,1
,,,4.1,2483,0,0,0,0,0,0,1,0,0,0,0,0,0,1,1
,,,0.0,0,0,0,0,0,0,0,0,0,0,0,0,0,0,1,1
,,,0.0,0,0,0,0,0,0,0,1,0,0,0,0,0,0,1,1
,,,0.0,0,0,0,0,0,0,0,1,0,0,0,0,0,0,1,1
,,,0.0,0,0,0,0,0,0,0,0,0,0,0,0,0,0,1,1
,,,0.0,0,0,0,0,0,0,0,1,0,0,0,0,0,0,1,1
,,,3.8,24,0,0,0,0,0,0,1,0,0,0,0,0,0,1,1
,,,3.8,5,0,0,0,0,0,0,0,0,0,0,0,0,0,1,1
,,,0.0,0,0,0,0,0,0,0,1,0,0,0,0,0,0,1,1
,,,0.0,0,0,0,0,0,0,0,1,0,0,0,0,0,0,1,1
,,,3.2,33,0,0,0,0,0,0,1,0,0,0,0,0,0,1,1
33000.0,42000.0,37500.0,0.0,0,0,0,1,0,0,1,1,0,0,0,0,0,0,1,1
,,,0.0,0,0,0,1,1,0,0,0,0,0,0,0,0,0,1,1
,,,0.0,0,0,0,0,0,0,0,1,0,0,0,0,0,0,1,1
,,,0.0,0,0,0,1,1,0,0,0,0,0,0,0,0,0,1,1
,,,3.2,517,0,0,0,0,0,0,0,0,0,0,0,0,0,1,1
,,,0.0,0,0,0,0,0,0,0,1,0,0,0,0,0,0,1,1
,,,3.1,9,0,0,0,0,0,0,1,0,0,0,0,0,0,1,1
,,,0.0,0,0,0,0,0,0,0,1,0,0,0,0,0,0,1,1
,,,0.0,0,0,0,0,0,0,0,0,0,0,0,0,0,0,1,1
28000.0,35000.0,31500.0,0.0,0,0,0,1,0,0,0,1,0,0,0,0,0,0,1,1
,,,0.0,0,0,0,0,0,0,0,0,0,0,0,0,0,0,1,1
,,,3.5,2449,0,0,0,0,0,0,0,0,0,0,0,0,0,1,1
,,,0.0,0,0,0,0,0,0,0,1,0,0,0,0,0,0,1,1
,,,4.0,19664,0,0,0,0,0,0,0,0,0,0,0,0,0,1,1
,,,3.6,9,0,0,0,0,0,0,1,0,0,0,0,0,0,1,1
,,,3.8,10,0,0,0,0,0,0,0,0,0,0,0,0,0,1,1
,,,3.9,9,0,0,0,0,0,0,1,0,0,0,0,0,0,1,1
,,,3.5,8,0,0,0,0,0,0,0,0,0,0,0,0,0,1,1
,,,0.0,0,0,0,0,0,0,0,1,0,0,0,0,0,0,1,1
,,,3.3,25,0,0,0,0,0,0,0,1,0,0,0,0,0,1,1
,,,0.0,0,0,0,0,0,0,0,1,0,0,0,0,0,0,1,1
,,,0.0,0,0,0,0,0,0,0,0,0,0,0,0,0,0,1,1
,,,0.0,0,0,0,0,0,0,0,0,0,0,0,0,0,0,1,1
,,,0.0,0,0,0,0,0,0,0,1,0,0,0,0,0,0,1,1
,,,0.0,0,0,0,0,0,0,0,1,0,0,0,0,0,0,1,1
,,,4.1,2483,0,0,0,0,0,0,1,0,0,0,0,0,0,1,1
,,,3.7,16,0,0,0,0,0,0,0,0,0,0,0,0,0,1,1
,,,0.0,0,0,0,0,0,0,0,1,0,0,0,0,0,0,1,1
,,,0.0,0,0,0,0,0,0,0,0,1,0,0,0,0,0,1,1
,,,0.0,0,0,0,0,0,0,0,1,0,0,0,0,0,0,1,1
,,,0.0,0,0,0,0,0,0,0,1,0,0,0,0,0,0,1,1
,,,3.4,100,0,0,0,0,0,0,1,0,0,0,0,0,0,1,1
,,,3.8,5,0,0,0,0,0,0,0,0,0,0,0,0,0,1,1
,,,0.0,0,0,0,0,0,0,0,1,0,0,0,0,0,0,1,1
,,,3.4,0,0,0,0,0,0,0,1,0,0,0,0,0,0,1,1
,,,0.0,0,0,0,1,1,0,0,0,0,0,0,0,0,0,1,1
,,,0.0,0,0,0,0,0,0,0,0,0,0,0,0,0,0,1,1
,,,0.0,0,0,0,0,1,0,0,1,0,0,0,0,0,0,1,1
,,,3.8,24,0,0,0,0,0,0,1,0,0,0,0,0,0,1,1
,,,0.0,0,0,0,0,0,0,0,0,0,0,0,0,0,0,1,1
,,,0.0,0,0,0,0,0,0,0,0,0,0,0,0,0,0,1,1
34000.0,36000.0,35000.0,4.2,6,0,0,1,0,0,0,1,0,0,0,0,0,0,1,1
,,,3.4,32,0,0,0,0,0,0,0,1,0,0,0,0,0,1,1
,,,3.9,9,0,0,0,0,0,0,1,0,0,0,0,0,0,1,1
,,,0.0,0,0,0,0,0,0,0,1,0,0,0,0,0,0,1,1
,,,0.0,0,0,0,0,0,1,0,0,0,0,0,0,0,0,1,1
,,,4.2,6,0,0,0,0,0,0,1,0,0,0,0,0,0,1,1
32000.0,32000.0,32000.0,0.0,0,0,0,0,0,0,0,1,0,0,0,0,0,0,1,1
,,,0.0,0,0,0,0,0,0,0,1,0,0,0,0,0,0,1,1
,,,0.0,0,0,0,0,0,0,0,0,0,0,0,0,0,0,1,1
30000.0,30000.0,30000.0,0.0,0,0,0,0,0,0,0,1,0,0,0,0,0,0,1,1
,,,3.8,36,0,0,0,0,0,0,0,0,0,0,0,0,0,1,1
,,,0.0,0,0,0,0,0,0,0,1,0,0,0,0,0,0,1,1
33000.0,40000.0,36500.0,4.8,5,0,0,1,0,0,0,1,0,0,0,0,0,0,1,1
30000.0,35000.0,32500.0,0.0,0,0,0,0,0,0,0,1,0,0,0,0,0,0,1,1
,,,4.0,508,0,0,0,0,0,0,1,0,0,0,0,0,0,1,1
67200.0,86400.0,76800.0,0.0,0,0,0,0,0,0,0,0,0,0,0,0,0,0,1,1
,,,0.0,0,0,0,0,0,0,0,0,0,0,0,0,0,0,1,1
35000.0,55000.0,45000.0,0.0,0,0,0,1,0,0,0,1,0,0,0,0,0,0,1,1
,,,0.0,0,0,0,0,0,0,0,0,0,0,0,0,0,0,1,1
72000.0,72000.0,72000.0,0.0,0,0,0,1,1,0,0,0,0,0,0,0,0,0,1,1
,,,0.0,0,0,0,1,0,0,0,1,0,0,0,0,0,0,1,1
,,,3.5,25,0,0,0,0,0,0,0,0,0,0,0,0,0,1,1
,,,0.0,0,0,0,0,0,0,0,1,0,0,0,0,0,0,1,1
,,,0.0,0,0,0,0,0,0,0,1,0,0,0,0,0,0,1,1
40000.0,50000.0,45000.0,0.0,0,0,0,1,0,0,0,1,0,0,0,0,0,0,1,1
,,,3.8,36,0,0,0,0,0,0,0,0,0,0,0,0,0,1,1
,,,3.7,3,0,0,0,0,0,0,1,0,0,0,0,0,0,1,1
,,,0.0,0,0,0,0,0,0,0,0,0,0,0,0,0,0,1,1
,,,0.0,0,0,0,0,0,0,0,0,0,0,0,0,0,0,1,1
,,,0.0,0,0,0,0,1,0,0,1,0,0,0,0,0,0,1,1
,,,3.5,29,0,0,0,0,0,0,1,0,0,0,0,0,0,1,1
33000.0,40000.0,36500.0,4.8,5,0,0,1,0,0,0,1,0,0,0,0,0,0,1,1
,,,3.5,8,0,0,0,0,0,0,0,0,0,0,0,0,0,1,1
,,,3.1,142,0,0,0,0,0,0,1,0,0,0,0,0,0,1,1
,,,0.0,0,0,0,0,0,0,0,1,0,0,0,0,0,0,1,1
,,,0.0,0,0,0,1,1,0,0,0,0,0,0,0,0,0,1,1
,,,0.0,0,0,0,0,0,0,0,1,0,0,0,0,0,0,1,1
,,,0.0,0,0,0,0,0,0,0,1,0,0,0,0,0,0,1,1
,,,3.5,2,0,0,0,0,0,0,1,0,0,0,0,0,0,1,1
,,,3.8,10,0,0,0,0,0,0,0,0,0,0,0,0,0,1,1
,,,0.0,0,0,0,0,0,0,0,1,0,0,0,0,0,0,1,1
,,,0.0,0,0,0,0,0,0,0,1,0,0,0,0,0,0,1,1
,,,0.0,0,0,0,0,0,0,0,0,0,0,0,0,0,0,1,1
,,,2.9,9,0,0,1,0,0,0,1,0,0,0,0,0,0,1,1
21600.0,21600.0,21600.0,0.0,0,0,0,0,0,0,0,0,0,0,0,0,0,0,1,1
,,,0.0,0,0,0,0,0,0,0,1,0,0,0,0,0,0,1,1
28000.0,28000.0,28000.0,3.4,81,0,1,0,0,0,0,0,0,0,0,0,0,0,1,1
,,,0.0,0,0,0,0,1,0,0,1,0,0,0,0,0,0,1,1
,,,4.2,6,0,0,1,0,0,0,1,0,0,0,0,0,0,1,1
,,,0.0,0,0,0,0,0,0,0,0,0,0,0,0,0,0,1,1
,,,4.0,9544,0,0,0,0,0,0,1,0,0,0,0,0,0,1,1
,,,4.1,2483,0,0,0,0,0,0,1,0,0,0,0,0,0,1,1
,,,0.0,0,0,0,0,0,0,0,0,0,0,0,0,0,0,1,1
,,,5.0,4,0,0,0,0,0,0,1,0,0,0,0,0,0,1,1
,,,0.0,0,0,0,0,0,0,0,1,0,0,0,0,0,0,1,1
,,,0.0,0,0,0,0,0,0,0,1,0,0,0,0,0,0,1,1
,,,2.8,15,0,0,0,0,0,0,1,0,0,0,0,0,0,1,1
,,,0.0,0,0,0,0,0,0,0,0,0,0,0,0,0,0,1,1
,,,0.0,0,0,0,0,0,0,0,1,0,0,0,0,0,0,1,1
,,,0.0,0,0,0,0,0,0,0,1,0,0,0,0,0,0,1,1
,,,0.0,0,0,0,0,0,0,0,1,0,0,0,0,0,0,1,1
,,,0.0,0,0,0,0,0,0,0,1,0,0,0,0,0,0,1,1
,,,5.0,4,0,0,0,0,0,0,1,0,0,0,0,0,0,1,1
,,,0.0,0,0,0,0,0,0,0,1,0,0,0,0,0,0,1,1
,,,0.0,0,0,0,0,0,0,0,1,0,0,0,0,0,0,1,1
,,,0.0,0,0,0,0,0,0,0,0,0,0,0,0,0,0,1,1
,,,0.0,0,0,0,1,0,0,1,1,0,0,0,0,0,0,1,1
,,,0.0,0,0,0,0,0,0,0,0,0,0,0,0,0,0,1,1
,,,0.0,0,0,0,0,0,0,0,1,0,0,0,0,0,0,1,1
30000.0,45000.0,37500.0,0.0,0,0,0,1,0,0,0,1,0,0,0,0,0,0,1,1
,,,0.0,0,0,0,0,0,0,0,1,0,0,0,0,0,0,1,1
40000.0,50000.0,45000.0,5.0,2,0,0,1,0,0,0,1,0,0,0,0,0,0,1,1
35000.0,40000.0,37500.0,5.0,2,0,0,1,0,0,0,1,0,0,0,0,0,0,1,1
,,,3.8,24,0,0,0,0,0,0,1,0,0,0,0,0,0,1,1
,,,3.5,29,0,0,0,0,0,0,1,0,0,0,0,0,0,1,1
,,,0.0,0,0,0,0,0,0,0,1,0,0,0,0,0,0,1,1
,,,5.0,4,0,0,0,0,0,0,1,0,0,0,0,0,0,1,1
,,,3.8,24,0,0,0,0,0,0,1,0,0,0,0,0,0,1,1
,,,3.5,29,0,0,0,0,0,0,1,0,0,0,0,0,0,1,1
,,,0.0,0,0,0,0,0,0,0,0,0,0,0,0,0,0,1,1
31104.0,38016.0,34560.0,0.0,0,0,0,1,0,0,0,1,0,0,0,0,0,0,1,1
,,,3.9,9,0,0,0,0,0,0,1,0,0,0,0,0,0,1,1
,,,3.3,21,0,0,0,0,0,0,1,0,0,0,0,0,0,1,1
,,,3.5,29,0,0,0,0,0,0,1,0,0,0,0,0,0,1,1
,,,0.0,0,0,0,0,0,0,0,0,0,0,0,0,0,0,1,1
,,,0.0,0,0,0,0,0,0,0,0,0,0,0,0,0,0,1,1
,,,0.0,0,0,0,0,0,0,0,1,0,0,0,0,0,0,1,1
,,,3.5,29,0,0,0,0,0,0,1,0,0,0,0,0,0,1,1
35000.0,45000.0,40000.0,5.0,2,0,0,1,0,0,0,1,0,0,0,0,0,0,1,1
,,,3.4,65,0,0,0,0,0,0,0,0,0,0,0,0,0,1,1
,,,5.0,4,0,0,0,0,0,0,1,0,0,0,0,0,0,1,1
,,,0.0,0,0,0,0,0,0,0,1,0,0,0,0,0,0,1,1
30000.0,40000.0,35000.0,3.3,21,0,0,0,0,0,0,1,0,0,0,0,0,0,1,1
,,,2.8,15,0,0,0,0,0,0,1,0,0,0,0,0,0,1,1
,,,3.8,1873,0,0,0,0,0,0,1,0,0,0,0,0,0,1,1
,,,4.2,6,0,0,0,0,0,0,1,0,0,0,0,0,0,1,1
,,,3.9,9,0,0,0,0,0,0,1,0,0,0,0,0,0,1,1
,,,0.0,0,0,0,0,0,0,0,1,0,0,0,0,0,0,1,1
,,,0.0,0,0,0,0,0,0,0,1,0,0,0,0,0,0,1,1
30000.0,45000.0,37500.0,5.0,5,0,0,1,0,0,0,1,0,0,0,0,0,0,1,1
,,,0.0,0,0,0,0,0,0,0,1,0,0,0,0,0,0,1,1
,,,0.0,0,0,0,0,0,0,0,0,1,0,0,0,0,0,1,1
,,,0.0,0,0,0,0,0,0,0,1,0,0,0,0,0,0,1,1
,,,0.0,0,0,0,0,0,0,0,1,0,0,0,0,0,0,1,1
,,,0.0,0,0,0,0,0,0,0,1,0,0,0,0,0,0,1,1
57600.0,57600.0,57600.0,3.3,21,0,0,0,0,0,0,1,0,0,0,0,0,0,1,1
,,,3.1,9,0,0,0,0,0,0,1,0,0,0,0,0,0,1,1
,,,0.0,0,0,0,0,0,0,0,0,0,0,0,0,0,0,1,1
,,,4.0,19664,0,0,0,0,0,0,0,0,0,0,0,0,0,1,1
,,,3.5,2449,0,0,0,0,0,0,0,0,0,0,0,0,0,1,1
35000.0,50000.0,42500.0,3.5,2,0,0,0,0,0,0,0,0,0,0,0,0,0,1,1
,,,0.0,0,0,0,0,0,0,0,1,0,0,0,0,0,0,1,1
,,,0.0,0,0,0,0,0,0,0,1,0,0,0,0,0,0,1,1
,,,0.0,0,0,0,0,0,0,0,1,0,0,0,0,0,0,1,1
30000.0,35000.0,32500.0,5.0,5,0,0,1,0,1,0,0,0,0,0,0,0,0,1,1
,,,0.0,0,0,0,0,0,0,0,1,0,0,0,0,0,0,1,1
,,,3.8,24,0,0,0,0,0,0,1,0,0,0,0,0,0,1,1
,,,2.8,15,0,0,0,0,0,0,1,0,0,0,0,0,0,1,1
,,,3.7,3,0,0,1,0,1,0,0,0,0,0,0,0,0,1,1
,,,0.0,0,0,0,0,0,0,0,0,0,0,0,0,0,0,1,1
,,,0.0,0,0,0,0,0,0,0,1,0,0,0,0,0,0,1,1
,,,0.0,0,0,0,0,0,0,0,1,0,0,0,0,0,0,1,1
,,,0.0,0,0,0,0,0,0,0,0,0,0,0,0,0,0,1,1
,,,0.0,0,0,0,1,0,0,0,1,0,0,0,0,0,0,1,1
,,,3.7,3,0,0,0,0,0,0,1,0,0,0,0,0,0,1,1
,,,4.2,6,0,0,0,0,0,0,1,0,0,0,0,0,0,1,1
,,,0.0,0,0,0,0,0,0,0,1,0,0,0,0,0,0,1,1
,,,5.0,4,0,0,0,0,0,0,1,0,0,0,0,0,0,1,1
,,,3.2,517,0,0,0,0,0,0,0,0,0,0,0,0,0,1,1
35000.0,45000.0,40000.0,5.0,5,0,0,1,0,0,0,1,0,0,0,0,0,0,1,1
30000.0,40000.0,35000.0,3.5,2,0,0,0,0,0,0,0,0,0,0,0,0,0,1,1
,,,0.0,0,0,0,0,0,0,0,1,0,0,0,0,0,0,1,1
,,,4.0,19664,0,0,0,0,0,0,0,0,0,0,0,0,0,1,1
,,,0.0,0,0,0,0,0,0,0,1,0,0,0,0,0,0,1,1
,,,0.0,0,0,0,0,0,0,0,1,0,0,0,0,0,0,1,1
,,,3.2,517,0,0,0,0,0,0,0,0,0,0,0,0,0,1,1
,,,3.8,24,0,0,0,0,0,0,1,0,0,0,0,0,0,1,1
,,,3.7,270,0,0,0,0,0,0,0,0,0,0,0,0,0,1,1
35000.0,40000.0,37500.0,5.0,5,0,0,1,0,0,0,1,0,0,0,0,0,0,1,1
33000.0,33000.0,33000.0,3.4,81,0,0,0,0,0,0,1,0,0,0,0,0,0,1,1
30000.0,45000.0,37500.0,5.0,5,0,0,1,0,0,0,1,0,0,0,0,0,0,1,1
34000.0,34000.0,34000.0,0.0,0,0,0,0,0,0,0,1,0,0,0,0,0,0,1,1
35000.0,45000.0,40000.0,0.0,0,0,0,1,0,0,0,1,0,0,0,0,0,0,1,1
,,,5.0,4,0,0,0,0,0,0,1,0,0,0,0,0,0,1,1
,,,0.0,0,0,0,1,1,0,0,0,0,0,0,0,0,0,1,1
,,,2.8,15,0,0,0,0,0,0,1,0,0,0,0,0,0,1,1
34000.0,37000.0,35500.0,4.0,5,0,0,0,0,0,0,0,0,0,0,0,0,0,1,1
,,,5.0,4,0,0,0,0,0,0,1,0,0,0,0,0,0,1,1
,,,0.0,0,0,0,1,1,0,0,0,0,0,0,0,0,0,1,1
,,,3.5,25,0,0,0,0,0,0,0,0,0,0,0,0,0,1,1
35000.0,43000.0,39000.0,4.5,2,0,0,0,0,0,0,0,0,0,0,0,0,0,1,1
,,,3.4,32,0,0,0,0,0,0,1,0,0,0,0,0,0,1,1
30000.0,40000.0,35000.0,3.3,21,0,0,0,0,0,0,1,0,0,0,0,0,0,1,1
,,,0.0,0,0,0,0,0,0,0,1,0,0,0,0,0,0,1,1
,,,3.9,9,0,0,0,0,0,0,1,0,0,0,0,0,0,1,1
,,,5.0,4,0,0,0,0,0,0,1,0,0,0,0,0,0,1,1
,,,5.0,4,0,0,0,0,0,0,1,0,0,0,0,0,0,1,1
,,,0.0,0,0,0,1,1,0,0,0,0,0,0,0,0,0,1,1
,,,3.7,16,0,0,0,0,0,0,1,0,0,0,0,0,0,1,1
35000.0,40000.0,37500.0,0.0,0,0,0,0,0,0,0,1,0,0,0,0,0,0,1,1
32000.0,40000.0,36000.0,5.0,5,0,0,1,0,0,0,1,0,0,0,0,0,0,1,1
,,,5.0,4,0,0,0,0,0,0,1,0,0,0,0,0,0,1,1
,,,3.2,517,0,0,0,0,0,0,0,0,0,0,0,0,0,1,1
,,,3.4,2412,0,0,1,0,0,0,1,0,0,0,0,0,0,1,1
,,,0.0,0,0,0,1,1,0,0,0,0,0,0,0,0,0,1,1
,,,0.0,0,0,0,0,0,0,0,1,0,0,0,0,0,0,1,1
,,,3.8,36,0,0,0,0,0,0,0,0,0,0,0,0,0,1,1
,,,0.0,0,0,0,0,0,0,0,1,0,0,0,0,0,0,1,1
,,,5.0,4,0,0,0,0,0,0,1,0,0,0,0,0,0,1,1
,,,5.0,5,0,0,1,0,0,0,1,0,0,0,0,0,0,1,1
,,,3.2,13,0,0,0,0,0,0,1,0,0,0,0,0,0,1,1
,,,0.0,0,0,0,0,0,0,0,0,0,0,0,0,0,0,1,1
,,,0.0,0,0,0,0,0,0,0,1,0,0,0,0,0,0,1,1
,,,0.0,0,0,0,0,0,0,0,0,0,0,0,0,0,0,1,1
,,,5.0,4,0,0,0,0,0,0,1,0,0,0,0,0,0,1,1
,,,0.0,0,0,0,0,0,0,0,1,0,0,0,0,0,0,1,1
,,,0.0,0,0,0,0,0,0,0,0,0,0,0,0,0,0,1,1
,,,5.0,4,0,0,0,0,0,0,1,0,0,0,0,0,0,1,1
,,,0.0,0,0,0,0,0,0,0,0,0,0,0,0,0,0,1,1
,,,5.0,4,0,0,0,0,0,0,1,0,0,0,0,0,0,1,1
,,,5.0,4,0,0,0,0,0,0,1,0,0,0,0,0,0,1,1
,,,4.3,7,0,0,0,0,0,0,0,1,0,0,0,0,0,1,1
,,,0.0,0,0,0,0,0,0,0,1,0,0,0,0,0,0,1,1
,,,4.2,6,0,0,0,0,0,0,0,0,0,0,0,0,0,1,1
,,,5.0,4,0,0,0,0,0,0,1,0,0,0,0,0,0,1,1
,,,0.0,0,0,0,0,0,0,0,1,0,0,0,0,0,0,1,1
,,,3.8,24,0,0,0,0,0,0,1,0,0,0,0,0,0,1,1
35000.0,45000.0,40000.0,5.0,5,0,0,1,0,0,0,1,0,0,0,0,0,0,1,1
,,,0.0,0,0,0,1,1,0,0,0,0,0,0,0,0,0,1,1
,,,5.0,4,0,0,0,0,0,0,1,0,0,0,0,0,0,1,1
,,,5.0,4,0,0,0,0,0,0,1,0,0,0,0,0,0,1,1
,,,0.0,0,0,0,0,0,0,0,1,0,0,0,0,0,0,1,1
,,,5.0,4,0,0,0,0,0,0,1,0,0,0,0,0,0,1,1
,,,0.0,0,0,0,0,0,0,0,1,0,0,0,0,0,0,1,1
,,,0.0,0,0,0,0,0,0,0,0,0,0,0,0,0,0,1,1
40000.0,45000.0,42500.0,0.0,0,0,0,0,0,0,0,1,0,0,0,0,0,0,1,1
,,,2.8,5,0,0,0,0,0,0,1,0,0,0,0,0,0,1,1
,,,3.4,27,0,0,1,0,0,0,1,0,0,0,0,0,0,1,1
35000.0,45000.0,40000.0,0.0,0,0,0,1,0,0,0,1,0,0,0,0,0,0,1,1
,,,0.0,0,0,0,0,0,0,0,1,0,0,0,0,0,0,1,1
,,,4.3,16,0,0,0,0,0,0,0,0,0,0,0,0,0,1,1
,,,0.0,0,0,0,0,0,0,0,0,0,0,0,0,0,0,1,1
35000.0,40000.0,37500.0,5.0,5,0,0,1,0,0,0,1,0,0,0,0,0,0,1,1
,,,0.0,0,0,0,0,0,0,0,1,0,0,0,0,0,0,1,1
35000.0,50000.0,42500.0,5.0,5,0,0,1,0,0,0,1,0,0,0,0,0,0,1,1
,,,5.0,4,0,0,0,0,0,0,1,0,0,0,0,0,0,1,1
,,,5.0,4,0,0,0,0,0,0,1,0,0,0,0,0,0,1,1
38000.0,45000.0,41500.0,5.0,5,0,0,1,0,0,0,1,0,0,0,0,0,0,1,1
,,,3.3,215,0,0,0,0,0,0,1,0,0,0,0,0,0,1,1
,,,0.0,0,0,0,0,0,0,0,1,0,0,0,0,0,0,1,1
41000.0,56000.0,48500.0,0.0,0,0,0,0,0,0,0,1,0,0,0,0,0,0,1,1
,,,5.0,4,0,0,0,0,0,0,1,0,0,0,0,0,0,1,1
35000.0,40000.0,37500.0,5.0,5,0,0,1,0,0,0,1,0,0,0,0,0,0,1,1
,,,4.1,2483,0,0,0,0,0,0,1,0,0,0,0,0,0,1,1
,,,3.4,81,0,0,0,0,0,0,1,0,0,0,0,0,0,1,1
35000.0,55000.0,45000.0,5.0,5,0,0,1,0,0,0,1,0,0,0,0,0,0,1,1
,,,5.0,4,0,0,0,0,0,0,1,0,0,0,0,0,0,1,1
,,,5.0,4,0,0,0,0,0,0,1,0,0,0,0,0,0,1,1
,,,3.8,36,0,0,0,0,0,0,0,0,0,0,0,0,0,1,1
,,,5.0,4,0,0,0,0,0,0,1,0,0,0,0,0,0,1,1
,,,0.0,0,0,0,0,0,0,0,0,0,0,0,0,0,0,1,1
43000.0,50000.0,46500.0,5.0,5,0,0,1,0,0,0,1,0,0,0,0,0,0,1,1
,,,3.2,13,0,0,0,0,0,0,1,0,0,0,0,0,0,1,1
30000.0,35000.0,32500.0,5.0,5,0,0,1,0,0,0,1,0,0,0,0,0,0,1,1
35000.0,40000.0,37500.0,5.0,5,0,0,1,0,0,0,1,0,0,0,0,0,0,1,1
,,,3.1,132,0,0,0,0,0,0,1,0,0,0,0,0,0,1,1
33000.0,40000.0,36500.0,5.0,5,0,0,1,0,0,0,1,0,0,0,0,0,0,1,1
,,,0.0,0,0,0,0,0,0,0,1,0,0,0,0,0,0,1,1
,,,3.4,32,0,0,0,0,0,0,1,0,0,0,0,0,0,1,1
40000.0,48000.0,44000.0,3.5,2,0,0,0,0,0,0,0,0,0,0,0,0,0,1,1
,,,5.0,4,0,0,0,0,0,0,1,0,0,0,0,0,0,1,1
,,,0.0,0,0,0,1,0,0,0,1,0,0,0,0,0,0,1,1
40000.0,50000.0,45000.0,5.0,5,0,0,1,0,0,0,1,0,0,0,0,0,0,1,1
30000.0,40000.0,35000.0,4.2,6,0,0,1,0,0,0,1,0,0,0,0,0,0,1,1
,,,5.0,4,0,0,0,0,0,0,1,0,0,0,0,0,0,1,1
,,,3.7,16,0,0,0,0,0,0,1,0,0,0,0,0,0,1,1
35000.0,43000.0,39000.0,5.0,5,0,0,1,0,0,0,1,0,0,0,0,0,0,1,1
,,,3.1,15,0,0,0,0,0,0,1,0,0,0,0,0,0,1,1
,,,5.0,4,0,0,0,0,0,0,1,0,0,0,0,0,0,1,1
,,,0.0,0,0,0,1,0,0,0,1,0,0,0,0,0,0,1,1
40000.0,50000.0,45000.0,5.0,5,0,0,1,0,0,0,1,0,0,0,0,0,0,1,1
,,,5.0,4,0,0,0,0,0,0,1,0,0,0,0,0,0,1,1
35000.0,45000.0,40000.0,5.0,5,0,0,1,0,0,0,1,0,0,0,0,0,0,1,1
35000.0,38000.0,36500.0,5.0,5,0,0,1,0,0,0,1,0,0,0,0,0,0,1,1
,,,0.0,0,0,0,0,0,0,0,1,0,0,0,0,0,0,1,1
,,,0.0,0,0,0,0,0,0,0,1,0,0,0,0,0,0,1,1
,,,5.0,5,0,0,1,0,0,0,1,0,0,0,0,0,0,1,1
,,,5.0,4,0,0,0,0,0,0,1,0,0,0,0,0,0,1,1
,,,5.0,4,0,0,0,0,0,0,1,0,0,0,0,0,0,1,1
,,,0.0,0,0,0,0,0,0,0,1,0,0,0,0,0,0,1,1
,,,5.0,4,0,0,0,0,0,0,1,0,0,0,0,0,0,1,1
,,,3.2,13,0,0,0,0,0,0,1,0,0,0,0,0,0,1,1
,,,3.4,0,0,0,0,0,0,0,1,0,0,0,0,0,0,1,1
,,,5.0,4,0,0,0,0,0,0,1,0,0,0,0,0,0,1,1
35000.0,40000.0,37500.0,5.0,5,0,0,1,0,0,0,1,0,0,0,0,0,0,1,1
,,,3.6,718,0,0,0,0,0,0,0,0,0,0,0,0,0,1,1
,,,5.0,4,0,0,0,0,0,0,1,0,0,0,0,0,0,1,1
,,,5.0,5,0,0,1,0,0,0,1,0,0,0,0,0,0,1,1
33000.0,45000.0,39000.0,4.5,2,0,0,0,0,0,0,0,0,0,0,0,0,0,1,1
38000.0,45000.0,41500.0,5.0,5,0,0,1,0,0,0,1,0,0,0,0,0,0,1,1
,,,4.3,7,0,0,0,0,0,0,0,0,0,0,0,0,0,1,1
,,,5.0,4,0,0,0,0,0,0,1,0,0,0,0,0,0,1,1
,,,0.0,0,0,0,0,0,0,0,1,0,0,0,0,0,0,1,1
,,,0.0,0,0,0,0,0,0,0,1,0,0,0,0,0,0,1,1
35000.0,40000.0,37500.0,5.0,5,0,0,1,0,0,0,1,0,0,0,0,0,0,1,1
,,,5.0,4,0,0,0,0,0,0,1,0,0,0,0,0,0,1,1
,,,3.4,81,0,0,0,0,0,0,1,0,0,0,0,0,0,1,1
,,,0.0,0,0,0,0,0,0,0,1,0,0,0,0,0,0,1,1
35000.0,45000.0,40000.0,5.0,5,0,0,1,0,0,0,1,0,0,0,0,0,0,1,1
38000.0,45000.0,41500.0,4.5,2,0,0,0,0,0,0,0,0,0,0,0,0,0,1,1
43000.0,50000.0,46500.0,5.0,5,0,0,1,0,0,0,1,0,0,0,0,0,0,1,1
,,,3.4,81,0,0,0,0,0,0,1,0,0,0,0,0,0,1,1
35000.0,45000.0,40000.0,3.4,81,0,0,0,0,0,0,1,0,0,0,0,0,0,1,1
,,,3.9,9,0,0,1,0,0,0,1,0,0,0,0,0,0,1,1
38000.0,38000.0,38000.0,0.0,0,0,0,0,0,0,0,1,0,0,0,0,0,0,1,1
14400.0,14400.0,14400.0,0.0,0,1,0,1,0,0,0,0,0,0,0,0,0,0,1,1
40000.0,40000.0,40000.0,5.0,4,0,0,0,0,0,0,1,0,0,0,0,0,0,1,1
,,,3.9,9,0,0,1,0,0,0,1,0,0,0,0,0,0,1,1
,,,0.0,0,0,0,0,0,0,0,0,0,0,0,0,0,0,1,1
,,,0.0,0,0,0,0,0,0,0,0,0,0,0,0,0,0,1,1
50000.0,50000.0,50000.0,0.0,0,0,0,0,0,0,0,0,0,0,0,0,0,0,1,1
,,,0.0,0,0,0,0,0,0,0,0,0,0,0,0,0,0,1,1
,,,3.5,646,0,0,0,0,0,0,0,0,0,0,0,0,0,1,1
40000.0,45000.0,42500.0,5.0,5,0,0,1,0,0,0,1,0,0,0,0,0,0,1,1
,,,3.4,7,0,0,0,0,0,0,0,0,0,0,0,0,1,0,1
40000.0,45000.0,42500.0,5.0,5,0,0,1,0,0,0,1,0,0,0,0,1,0,0,1
35000.0,35000.0,35000.0,5.0,3,0,0,0,0,0,0,1,0,0,0,0,1,0,1,1
35000.0,40000.0,37500.0,3.5,4,0,0,1,0,0,0,1,0,0,0,1,1,0,0,1
,,,2.9,9,1,0,0,0,0,0,0,0,0,1,0,1,0,0,1
23268.0,36492.0,29880.0,0.0,0,0,0,1,0,0,0,1,0,0,0,0,0,0,1,1
,,,0.0,0,0,0,0,0,0,0,0,1,0,0,0,0,1,0,1
,,,2.9,9,0,0,1,0,0,0,1,0,0,0,0,1,0,0,1
,,,0.0,0,0,0,0,0,0,0,0,0,0,0,0,1,0,0,1
35000.0,35000.0,35000.0,5.0,3,0,0,0,0,0,0,1,0,0,0,0,1,0,1,1
,,,0.0,0,0,0,0,0,0,0,1,0,0,0,0,1,0,0,1
,,,0.0,0,0,0,0,0,0,0,1,0,0,0,0,1,0,0,1
40000.0,45000.0,42500.0,5.0,5,0,0,1,0,0,0,1,0,0,0,0,1,0,0,1
,,,0.0,0,0,0,1,1,0,1,0,0,0,0,0,0,0,1,1
,,,2.9,9,1,0,0,0,0,0,0,0,0,1,0,0,0,1,1
,,,0.0,0,0,0,0,0,0,0,1,0,0,0,0,0,0,1,1
,,,2.4,91,0,0,0,0,0,0,1,0,0,0,0,0,0,1,1
25200.0,25200.0,25200.0,0.0,0,0,0,1,0,0,0,1,0,0,0,0,0,0,1,1
,,,0.0,0,0,0,1,0,0,0,1,0,0,0,0,0,0,1,1
,,,0.0,0,0,0,1,0,0,0,1,0,0,0,0,0,0,1,1
,,,0.0,0,0,0,0,0,1,0,0,0,0,0,0,0,0,1,1
,,,0.0,0,0,0,0,0,0,0,1,0,0,0,0,0,0,1,1
,,,0.0,0,0,0,1,0,0,0,1,0,0,0,0,0,0,1,1
,,,0.0,0,0,0,0,0,0,0,0,0,0,0,0,0,0,1,1
33000.0,33000.0,33000.0,5.0,3,0,0,0,0,0,0,1,0,0,0,0,0,0,1,1
,,,5.0,4,0,0,0,0,0,0,1,0,0,0,0,0,0,1,1
,,,5.0,4,0,0,0,0,0,0,1,0,0,0,0,0,0,1,1
,,,0.0,0,0,0,0,0,0,0,1,0,0,0,0,0,0,1,1
,,,3.6,40,0,0,1,0,0,0,0,0,0,1,0,0,0,1,1
,,,3.8,17256,1,0,0,0,0,0,0,0,0,1,0,0,0,1,1
40000.0,60000.0,50000.0,0.0,0,0,0,1,0,0,0,1,0,0,0,0,0,0,1,1
,,,0.0,0,1,0,1,0,0,0,0,0,0,0,0,0,0,1,1
,,,0.0,0,0,0,0,0,0,0,1,0,0,0,0,0,0,1,1
,,,0.0,0,0,0,0,0,0,0,1,0,0,0,0,0,0,1,1
,,,3.6,40,0,0,0,0,0,0,1,0,0,0,0,0,0,1,1
,,,0.0,0,0,0,0,0,0,0,0,0,0,0,0,0,0,1,1
,,,0.0,0,0,0,0,0,0,0,0,0,0,0,0,0,0,1,1
,,,0.0,0,0,0,0,0,0,0,1,0,0,0,0,0,0,1,1
,,,0.0,0,0,0,0,0,0,0,0,0,0,0,0,0,0,1,1
,,,0.0,0,0,0,0,0,0,0,0,0,0,0,0,0,0,1,1
,,,3.3,215,0,0,0,0,0,0,1,0,0,0,0,0,0,1,1
,,,3.5,2,0,0,0,0,0,0,1,0,0,0,0,0,0,1,1
28000.0,33000.0,30500.0,0.0,0,0,0,1,0,0,0,1,0,0,0,0,0,0,1,1
33000.0,33000.0,33000.0,3.4,81,0,0,0,0,0,0,1,0,0,0,0,0,0,1,1
,,,0.0,0,0,0,0,0,0,0,0,0,0,0,0,0,0,1,1
,,,3.6,40,1,0,0,0,0,0,0,0,0,1,0,0,0,1,1
32000.0,32000.0,32000.0,0.0,0,0,0,0,0,0,0,1,0,0,0,0,0,0,1,1
,,,0.0,0,0,0,0,0,0,0,1,0,0,0,0,0,0,1,1
,,,3.0,5,0,0,0,0,0,0,1,0,0,0,0,0,0,1,1
,,,0.0,0,0,0,0,0,0,0,1,0,0,0,0,0,0,1,1
,,,5.0,4,0,0,0,0,0,0,1,0,0,0,0,0,0,1,1
,,,5.0,4,0,0,0,0,0,0,1,0,0,0,0,0,0,1,1
35000.0,40000.0,37500.0,5.0,5,0,0,1,0,0,0,1,0,0,0,0,0,0,1,1
,,,3.9,34,0,0,0,0,0,0,1,0,0,0,0,0,0,1,1
28000.0,38000.0,33000.0,5.0,5,0,0,1,0,0,0,1,0,0,0,0,0,0,1,1
,,,0.0,0,0,0,1,1,0,0,0,0,0,0,0,0,0,1,1
,,,0.0,0,0,0,0,0,0,0,1,0,0,0,0,0,0,1,1
35000.0,50000.0,42500.0,5.0,5,0,0,1,0,0,0,1,0,0,0,0,0,0,1,1
,,,0.0,0,0,0,0,0,0,0,1,0,0,0,0,0,0,1,1
,,,3.7,15390,0,0,0,0,0,0,1,0,0,0,0,0,0,1,1
,,,4.1,2483,0,0,0,0,0,0,1,0,0,0,0,0,0,1,1
,,,3.4,81,0,0,0,0,0,0,1,0,0,0,0,0,0,1,1
,,,3.2,13,0,0,0,0,0,0,1,0,0,0,0,0,0,1,1
,,,5.0,5,0,0,1,0,0,0,1,0,0,0,0,0,0,1,1
,,,3.5,318,0,0,0,0,0,0,0,0,0,0,0,0,0,1,1
,,,5.0,5,0,0,1,0,0,0,1,0,0,0,0,0,0,1,1
,,,3.4,81,0,0,0,0,0,0,1,0,0,0,0,0,0,1,1
,,,3.7,121,1,0,0,0,0,0,0,0,0,1,0,0,1,0,1
,,,3.1,72,0,0,0,0,0,0,1,0,0,0,0,1,0,0,1
40000.0,40000.0,40000.0,0.0,0,0,0,1,0,0,0,1,0,0,0,0,0,0,1,1
24000.0,30000.0,27000.0,0.0,0,0,0,0,0,0,1,1,0,0,0,0,0,0,1,1
,,,4.1,79,0,0,1,0,0,0,1,0,0,0,0,0,0,1,1
,,,4.4,5,0,0,0,0,0,0,0,0,0,0,0,0,0,1,1
,,,0.0,0,0,0,0,1,0,0,0,0,0,0,0,0,0,1,1
,,,0.0,0,0,0,0,0,0,0,1,0,0,0,0,0,0,1,1
,,,4.1,79,0,0,1,0,0,0,1,0,0,0,0,0,1,0,1
,,,3.8,51,0,0,0,0,0,0,1,0,0,0,0,1,0,0,1
,,,3.8,51,0,0,0,0,0,0,1,0,0,0,0,1,0,0,1
,,,3.1,15,0,0,0,0,0,0,0,0,0,0,0,1,0,0,1
30000.0,35000.0,32500.0,0.0,0,0,0,1,0,0,0,1,0,0,0,0,0,0,1,1
,,,0.0,0,0,0,1,0,0,0,1,0,0,0,0,0,0,1,1
,,,0.0,0,0,0,1,0,0,0,1,0,0,0,0,0,0,1,1
,,,3.0,5,0,0,0,0,0,0,0,0,0,0,0,0,0,1,1
,,,0.0,0,0,0,0,0,0,0,0,0,0,0,0,0,0,1,1
,,,0.0,0,0,0,1,0,1,0,0,0,0,0,0,0,0,1,1
,,,0.0,0,0,0,0,0,0,0,0,0,0,0,0,0,0,1,1
,,,0.0,0,1,0,0,0,0,0,0,0,0,1,0,0,0,1,1
30000.0,30000.0,30000.0,3.5,336,0,0,0,0,0,0,0,0,0,0,0,0,0,1,1
,,,0.0,0,0,0,0,0,0,0,0,0,0,0,0,0,0,1,1
25000.0,35000.0,30000.0,4.4,5,0,0,1,0,0,0,1,0,0,0,0,0,0,1,1
,,,0.0,0,0,0,0,0,0,0,0,0,0,0,0,0,0,1,1
,,,3.9,12,0,0,0,0,0,0,1,0,0,0,0,0,0,1,1
,,,0.0,0,0,0,0,0,0,0,0,1,0,0,0,0,0,1,1
,,,0.0,0,0,0,0,0,0,0,0,0,0,0,0,0,0,1,1
,,,4.0,1379,1,0,0,0,0,0,0,0,0,1,0,0,0,1,1
,,,0.0,0,0,0,1,0,0,0,1,0,0,0,0,0,0,1,1
,,,1.3,3,0,0,0,0,0,0,1,0,0,0,0,0,0,1,1
24000.0,26400.0,25200.0,0.0,0,0,0,0,0,0,0,1,0,0,0,0,0,0,1,1
,,,3.5,11,0,0,1,0,0,0,1,0,0,0,0,0,0,1,1
,,,4.7,3,0,0,0,0,0,0,1,0,0,0,0,0,0,1,1
,,,4.4,5,0,0,0,0,0,0,0,0,0,0,0,0,0,1,1
,,,4.1,435,0,0,0,0,1,0,0,0,0,0,0,0,0,1,1
,,,3.3,25,0,0,0,0,0,0,1,0,0,0,0,0,0,1,1
,,,3.8,24,0,0,0,0,0,0,1,0,0,0,0,0,0,1,1
,,,0.0,0,0,0,0,0,0,0,0,0,0,0,0,0,0,1,1
,,,0.0,0,0,0,0,0,0,0,0,0,0,0,0,0,0,1,1
,,,0.0,0,0,0,0,0,0,0,0,0,0,0,0,0,0,1,1
,,,5.0,4,0,0,0,0,0,0,1,0,0,0,0,0,0,1,1
30000.0,35000.0,32500.0,0.0,0,0,0,1,0,0,0,1,0,0,0,0,0,0,1,1
,,,0.0,0,0,0,0,0,0,0,1,0,0,0,0,0,0,1,1
25000.0,35000.0,30000.0,5.0,0,0,0,1,0,0,0,1,0,0,0,0,0,0,1,1
,,,3.5,11,0,0,0,0,0,0,1,0,0,0,0,0,0,1,1
,,,3.3,3,0,0,0,0,0,0,1,0,0,0,0,0,0,1,1
,,,0.0,0,0,0,1,0,0,0,1,0,0,0,0,0,0,1,1
32000.0,32000.0,32000.0,0.0,0,0,0,0,0,0,0,1,0,0,0,0,0,0,1,1
,,,3.3,25,0,0,0,0,0,0,1,0,0,0,0,0,0,1,1
,,,0.0,0,0,0,0,0,0,0,1,0,0,0,0,0,0,1,1
,,,0.0,0,0,0,0,0,0,0,1,0,0,0,0,0,0,1,1
,,,1.3,3,0,0,0,0,0,0,0,0,0,0,0,0,0,1,1
,,,5.0,4,0,0,0,0,0,0,1,0,0,0,0,0,0,1,1
,,,4.5,2,0,0,0,0,0,0,0,0,0,0,0,0,0,1,1
,,,0.0,0,0,0,0,0,0,0,0,0,0,0,0,0,0,1,1
,,,4.1,79,0,0,1,0,0,0,1,0,0,0,0,0,0,1,1
32000.0,32000.0,32000.0,0.0,0,0,0,0,0,0,0,1,0,0,0,0,0,0,1,1
,,,4.0,1379,0,0,0,0,0,0,0,0,0,0,0,0,0,1,1
,,,0.0,0,0,0,0,0,0,0,1,0,0,0,0,0,0,1,1
32000.0,40000.0,36000.0,0.0,0,0,0,1,0,0,0,1,0,0,0,0,0,0,1,1
35000.0,40000.0,37500.0,3.7,485,0,0,0,0,0,0,1,0,0,0,0,0,0,1,1
,,,0.0,0,0,0,0,0,0,0,1,0,0,0,0,0,0,1,1
,,,4.1,79,0,0,1,0,0,0,1,0,0,0,0,0,0,1,1
30000.0,40000.0,35000.0,5.0,5,0,0,1,0,0,0,1,0,0,0,0,0,0,1,1
30000.0,40000.0,35000.0,5.0,5,0,0,1,0,0,0,1,0,0,0,0,0,0,1,1
,,,3.4,81,0,0,0,0,0,0,1,0,0,0,0,0,0,1,1
,,,0.0,0,0,0,0,0,0,0,1,0,0,0,0,0,0,1,1
,,,4.0,1379,0,0,0,0,0,0,0,0,0,0,0,0,0,1,1
,,,0.0,0,0,0,0,0,0,0,0,0,0,0,0,0,0,1,1
,,,5.0,4,0,0,0,0,0,0,1,0,0,0,0,0,0,1,1
,,,3.1,15,0,0,0,0,0,0,0,0,0,0,0,0,0,1,1
,,,0.0,0,0,0,0,0,0,0,1,0,0,0,0,0,0,1,1
,,,4.3,10,0,0,0,1,0,0,0,0,0,0,0,0,0,1,1
,,,0.0,0,0,0,0,0,0,0,1,0,0,0,0,0,0,1,1
30000.0,40000.0,35000.0,5.0,5,0,0,1,0,0,0,1,0,0,0,0,0,0,1,1
,,,0.0,0,0,0,1,0,0,0,1,0,0,0,0,0,0,1,1
,,,3.2,15,0,0,0,0,0,0,0,1,0,0,1,0,0,0,1
,,,3.8,115,1,0,0,0,0,0,0,0,0,1,0,0,1,1,1
,,,3.8,115,0,0,0,0,0,0,1,0,0,0,0,1,1,1,1
19200.0,28800.0,24000.0,0.0,0,0,0,0,0,0,0,0,0,0,0,0,0,0,1,1
,,,0.0,0,0,0,1,0,0,0,0,0,0,1,0,0,0,1,1
,,,0.0,0,0,0,1,0,0,0,1,0,0,0,0,0,0,1,1
,,,3.6,2844,0,0,0,0,0,0,0,0,0,0,0,1,0,0,1
,,,0.0,0,0,0,0,0,0,0,0,0,0,0,0,0,0,1,1
,,,0.0,0,0,0,0,0,0,0,0,0,0,0,0,0,0,1,1
,,,3.2,517,0,0,0,0,0,0,0,0,0,0,0,0,0,1,1
,,,0.0,0,0,0,1,1,0,0,0,0,0,0,0,0,0,1,1
,,,0.0,0,0,0,0,0,0,0,1,0,0,0,0,0,0,1,1
,,,0.0,0,0,0,0,0,0,0,0,0,0,0,0,0,0,1,1
,,,0.0,0,0,0,0,0,0,0,1,0,0,0,0,0,0,1,1
,,,3.2,517,0,0,0,0,0,0,0,0,0,0,0,0,0,1,1
,,,0.0,0,0,0,0,0,0,0,0,0,0,0,0,0,0,1,1
,,,0.0,0,0,0,0,0,0,0,1,0,0,0,0,0,0,1,1
,,,4.0,5,0,0,0,0,0,0,0,0,0,0,0,0,0,1,1
,,,0.0,0,0,0,0,0,0,0,1,0,0,0,0,0,0,1,1
,,,0.0,0,0,0,0,0,0,0,1,0,0,0,0,0,0,1,1
,,,0.0,0,0,0,0,0,0,0,1,0,0,0,0,0,0,1,1
,,,3.2,517,0,0,0,0,0,0,0,0,0,0,0,0,0,1,1
,,,5.0,3,0,0,1,0,0,0,1,0,0,0,0,0,0,1,1
,,,2.8,4,0,0,0,0,0,0,1,0,0,0,0,0,0,1,1
45000.0,60000.0,52500.0,0.0,0,0,0,0,0,0,0,0,0,0,0,0,1,0,1,1
,,,0.0,0,0,0,0,0,0,0,1,0,0,0,0,1,0,1,1
,,,4.2,4329,0,0,0,0,0,0,0,0,0,0,0,1,0,0,1
,,,3.1,15,0,0,0,0,0,0,0,0,0,0,0,1,0,0,1
,,,3.5,24,1,0,0,0,0,0,0,0,0,1,0,0,0,1,1
,,,0.0,0,0,0,1,0,0,1,0,0,0,1,0,0,0,1,1
26000.0,35000.0,30500.0,0.0,0,0,0,0,0,0,0,1,0,0,0,0,0,0,1,1
,,,0.0,0,0,0,0,0,0,0,1,0,0,0,0,0,0,1,1
,,,0.0,0,0,0,1,1,0,0,0,0,0,0,0,0,0,1,1
,,,3.5,24,0,0,0,0,0,0,0,0,0,0,0,0,0,1,1
,,,2.8,18,0,0,0,0,0,0,0,0,0,0,0,0,0,1,1
,,,3.5,24,0,0,0,0,0,0,0,0,0,0,0,0,0,1,1
,,,0.0,0,0,0,0,0,0,0,1,0,0,0,0,0,0,1,1
,,,3.1,15,0,0,0,0,0,0,0,0,0,0,0,0,0,1,1
,,,2.8,4,0,0,0,0,0,0,1,0,0,0,0,0,0,1,1
,,,0.0,0,0,0,1,0,0,0,1,0,0,0,1,0,0,0,1
,,,0.0,0,0,0,0,0,0,0,0,0,0,0,1,0,1,0,1
,,,3.8,11,0,0,0,0,0,0,1,0,0,0,1,0,0,0,1
,,,3.8,4,0,0,0,0,0,0,1,0,0,0,1,0,0,0,1
,,,4.1,2479,0,0,0,0,0,0,1,0,0,0,1,0,1,0,1
,,,3.2,509,0,0,0,0,0,0,1,0,0,0,1,0,0,0,1
,,,0.0,0,0,0,0,0,0,0,1,0,0,0,1,0,0,0,1
,,,4.0,55,0,0,0,0,0,0,0,0,0,0,1,0,0,0,1
,,,0.0,0,0,0,0,0,0,0,1,0,0,0,1,0,0,0,1
,,,3.4,83,0,0,0,0,0,0,1,0,0,0,1,0,0,0,1
,,,0.0,0,0,0,0,0,0,0,1,0,0,0,1,0,0,0,1
,,,4.1,2479,0,0,0,0,0,0,1,0,0,0,1,0,1,0,1
50000.0,55000.0,52500.0,0.0,0,0,0,0,0,0,0,1,0,0,0,1,0,0,0,1
22000.0,30000.0,26000.0,0.0,0,0,0,1,0,0,0,1,0,0,0,0,0,1,0,1
,,,4.1,573,1,0,0,0,0,0,0,0,0,1,0,0,1,0,1
,,,4.1,2479,0,0,0,0,0,0,1,0,0,0,0,0,1,0,1
,,,0.0,0,0,0,0,0,0,0,0,0,0,0,0,0,1,0,1
,,,3.5,2444,0,0,0,0,0,0,0,0,0,0,0,0,1,0,1
,,,3.8,24,0,0,0,0,0,0,1,0,0,0,0,0,1,1,1
,,,3.4,83,0,0,0,0,0,0,1,0,0,0,0,0,1,1,1
,,,3.4,10,0,0,0,0,0,0,1,0,0,0,0,1,1,0,1
,,,2.8,5,0,0,0,0,0,0,1,0,0,0,0,1,0,0,1
,,,4.1,2479,0,0,0,0,0,0,1,0,0,0,0,1,0,1,1
,,,4.0,6530,0,0,0,0,0,0,0,0,0,0,0,1,0,1,1
,,,0.0,0,0,0,0,0,0,0,1,0,0,0,0,1,0,0,1
,,,3.0,56,1,0,1,0,0,0,0,0,0,1,0,1,0,0,1
,,,0.0,0,0,0,1,0,0,0,1,0,0,0,0,1,0,0,1
,,,0.0,0,0,0,1,0,0,0,1,0,0,0,0,1,0,1,1
,,,4.1,2479,0,0,0,0,0,0,1,0,0,0,0,1,0,1,1
,,,4.1,2479,0,0,0,0,0,0,1,0,0,0,0,1,0,0,1
,,,0.0,0,0,0,0,0,0,0,0,0,0,0,0,1,0,0,1
,,,4.1,2479,0,0,0,0,0,0,1,0,0,0,1,1,0,1,1
,,,0.0,0,0,0,0,0,0,0,0,0,0,0,1,1,0,0,1
,,,0.0,0,0,0,0,0,0,0,0,0,0,0,0,1,0,0,1
,,,3.6,19,0,0,0,0,0,0,1,0,0,0,0,1,0,0,1
,,,0.0,0,0,0,0,0,0,0,0,0,0,0,0,1,0,1,1
,,,0.0,0,0,0,1,0,0,0,1,0,0,0,0,0,0,1,1
,,,0.0,0,0,0,1,0,0,0,0,1,0,0,0,0,0,1,1
50000.0,50000.0,50000.0,3.4,14,0,0,1,0,0,0,1,0,0,0,0,0,0,1,1
,,,3.5,40,0,0,0,0,0,0,0,1,0,0,0,0,0,1,1
,,,0.0,0,0,0,1,0,1,0,0,0,0,0,0,0,0,1,1
72000.0,72000.0,72000.0,0.0,0,0,0,0,0,0,0,0,0,0,0,0,0,0,1,1
,,,4.1,2479,1,0,0,0,0,0,0,0,0,1,0,0,0,1,1
,,,4.1,2479,1,0,0,0,0,0,0,0,0,1,0,0,0,1,1
,,,0.0,0,0,0,1,0,0,0,0,1,0,0,0,0,0,1,1
32000.0,40000.0,36000.0,0.0,0,0,0,1,0,0,0,1,0,0,0,0,0,0,1,1
,,,4.1,2479,0,0,0,0,0,0,1,0,0,0,0,0,0,1,1
,,,3.0,4,0,0,1,0,0,0,1,0,0,0,0,0,0,1,1
,,,3.8,109,1,0,1,0,0,0,0,0,0,1,0,0,0,1,1
,,,4.1,2479,0,0,0,0,0,0,1,0,0,0,1,0,0,1,1
,,,0.0,0,0,0,0,0,0,0,1,0,0,0,0,0,0,1,1
,,,0.0,0,0,0,1,0,1,0,0,0,0,0,0,0,0,1,1
,,,3.6,452,1,0,0,0,0,0,0,0,0,1,0,0,0,1,1
38000.0,50000.0,44000.0,0.0,0,0,0,1,0,0,0,1,0,0,0,0,0,0,1,1
7200.0,18000.0,12600.0,0.0,0,0,0,1,0,0,0,0,1,0,0,0,0,0,1,1
6900.0,18000.0,12450.0,0.0,0,0,0,1,0,0,0,0,1,0,0,0,0,0,1,1
35000.0,40000.0,37500.0,0.0,0,0,0,1,0,0,0,1,0,0,0,0,0,0,1,1
,,,0.0,0,0,0,1,0,0,0,1,0,0,0,0,0,0,1,1
35000.0,50000.0,42500.0,0.0,0,0,0,1,0,0,0,1,0,0,0,0,0,0,1,1
33000.0,40000.0,36500.0,0.0,0,0,0,1,0,0,0,1,0,0,0,0,0,0,1,1
30000.0,40000.0,35000.0,0.0,0,0,0,1,0,0,0,1,0,0,0,0,0,0,1,1
31388.0,48965.0,40176.5,0.0,0,0,0,1,0,0,0,1,0,0,0,0,0,0,1,1
,,,0.0,0,0,0,1,0,0,0,1,0,0,0,0,0,0,1,1
,,,0.0,0,0,0,0,0,0,0,0,1,0,0,0,0,0,1,1
,,,0.0,0,0,0,0,0,0,0,0,0,0,0,0,0,0,1,1
,,,4.1,2484,1,0,0,0,0,0,0,0,0,1,0,0,0,1,1
,,,0.0,0,0,0,0,0,0,0,1,0,0,0,0,0,0,1,1
,,,3.5,109,0,0,0,0,0,0,0,1,0,0,0,0,0,1,1
,,,4.0,3,0,0,0,0,0,0,0,0,0,0,0,0,0,1,1
,,,0.0,0,0,0,0,0,0,0,0,0,0,0,0,0,0,1,1
,,,0.0,0,0,0,0,0,0,0,0,0,0,0,0,0,0,1,1
,,,4.1,8,0,0,1,0,0,0,1,0,0,0,0,0,0,1,1
50000.0,70000.0,60000.0,0.0,0,0,0,0,0,0,0,1,0,0,0,0,0,0,1,1
,,,4.0,5,1,0,1,0,0,0,0,0,0,1,0,0,0,1,1
30000.0,70000.0,50000.0,0.0,0,0,0,1,0,0,0,1,0,0,0,0,0,0,1,1
,,,0.0,0,0,0,0,0,0,0,0,0,0,0,0,0,0,1,1
,,,0.0,0,0,0,0,0,0,0,0,0,0,0,0,0,0,1,1
,,,0.0,0,0,0,1,1,0,0,0,0,0,0,0,0,0,1,1
,,,4.1,8,0,0,0,0,0,0,0,0,0,0,0,0,0,1,1
,,,0.0,0,0,0,0,0,0,0,1,0,0,0,0,0,0,1,1
57600.0,86400.0,72000.0,0.0,0,0,0,0,0,0,0,0,0,0,0,0,0,0,1,1
,,,3.7,1069,0,0,0,0,0,0,0,0,0,0,0,1,0,1,1
,,,0.0,0,0,0,1,0,0,0,0,1,0,0,0,0,0,1,1
,,,4.1,2484,0,0,0,0,0,0,1,0,0,0,0,0,0,1,1
,,,0.0,0,0,0,1,1,0,0,0,0,0,0,0,0,0,1,1
86400.0,86400.0,86400.0,4.3,3,0,0,1,1,0,0,0,0,0,0,0,0,0,1,1
,,,0.0,0,0,0,0,0,0,0,0,0,0,0,0,0,0,1,1
,,,4.3,21,0,0,0,0,0,0,0,1,0,0,0,0,0,1,1
,,,3.8,36,0,0,0,0,0,0,0,0,0,0,0,0,0,1,1
,,,0.0,0,0,0,1,1,0,0,0,0,0,0,0,0,0,1,1
,,,0.0,0,0,0,0,0,0,0,0,0,0,0,0,0,0,1,1
,,,0.0,0,0,0,0,0,0,0,0,1,0,0,0,0,0,1,1
,,,0.0,0,0,0,1,1,0,0,0,0,0,0,0,0,0,1,1
,,,4.1,2484,0,0,0,0,0,0,1,0,0,0,0,0,0,1,1
,,,3.8,36,0,0,0,0,0,0,0,0,0,0,0,0,0,1,1
,,,0.0,0,0,0,0,0,0,0,0,0,0,0,0,0,0,1,1
,,,0.0,0,0,0,1,0,0,0,1,0,0,0,0,0,0,1,1
,,,4.5,2,0,0,0,0,0,0,1,0,0,0,0,0,0,1,1
,,,0.0,0,0,0,1,0,0,0,1,0,0,0,0,0,0,1,1
,,,0.0,0,0,0,1,0,0,0,1,0,0,0,0,0,0,1,1
,,,0.0,0,0,0,0,0,0,0,0,0,0,0,0,0,0,1,1
,,,0.0,0,0,0,1,0,0,0,1,0,0,0,0,0,0,1,1
,,,4.3,12,0,0,0,0,0,0,0,1,0,0,0,0,0,1,1
,,,4.2,6,0,0,0,0,0,0,0,0,0,0,0,0,0,1,1
,,,0.0,0,0,0,0,0,0,0,0,0,0,0,0,0,0,1,1
,,,0.0,0,0,0,0,0,0,0,1,0,0,0,0,0,0,1,1
,,,3.2,517,0,0,0,0,0,0,0,1,0,0,0,0,0,1,1
,,,4.5,2,0,0,0,0,0,0,1,0,0,0,0,0,0,1,1
,,,2.6,87,0,0,0,0,0,0,1,0,0,0,0,0,0,1,1
27156.0,41628.0,34392.0,0.0,0,0,0,1,0,0,0,1,0,0,0,0,0,0,1,1
,,,3.5,109,0,0,0,0,0,0,0,0,0,0,0,0,0,1,1
,,,3.8,36,0,0,0,0,0,0,0,0,0,0,0,0,0,1,1
,,,0.0,0,0,0,0,0,0,0,0,0,0,0,0,0,0,1,1
,,,3.7,3,0,0,0,0,0,0,0,0,0,0,0,0,0,1,1
,,,0.0,0,0,0,0,0,0,0,0,0,0,0,0,0,0,1,1
,,,3.8,11,0,0,0,0,0,0,0,0,0,0,0,0,0,1,1
,,,4.0,4,0,0,0,0,0,0,1,0,0,0,0,0,0,1,1
,,,4.0,4,0,0,0,0,0,0,1,0,0,0,0,0,0,1,1
,,,4.1,2484,0,0,0,0,0,0,1,0,0,0,0,0,0,1,1
,,,3.5,269,0,0,0,0,0,0,1,0,0,0,0,0,0,1,1
,,,0.0,0,0,0,0,0,1,0,0,0,0,0,0,0,0,1,1
,,,4.0,4,0,0,0,0,0,0,1,0,0,0,0,0,0,1,1
,,,0.0,0,0,0,0,0,0,0,0,0,0,0,0,0,0,1,1
,,,3.2,517,0,0,0,0,0,0,0,1,0,0,0,0,0,1,1
,,,3.0,4,0,0,1,0,0,0,1,0,0,0,0,0,0,1,1
,,,4.1,2484,0,0,0,0,0,0,1,0,0,0,0,0,0,1,1
,,,0.0,0,0,0,0,0,0,0,1,0,0,0,0,0,0,1,1
,,,3.8,2337,0,0,0,0,0,0,1,0,0,0,0,0,0,1,1
,,,0.0,0,0,0,0,0,0,0,0,0,0,0,0,0,0,1,1
,,,0.0,0,0,0,1,1,0,0,0,0,0,0,0,0,0,1,1
,,,0.0,0,0,0,0,0,0,0,1,0,0,0,0,0,0,1,1
,,,2.0,4,0,0,1,0,0,0,1,0,0,0,0,0,0,1,1
,,,4.2,6,0,0,0,0,0,0,0,0,0,0,0,0,0,1,1
,,,2.9,13,0,0,0,0,0,0,1,0,0,0,0,0,0,1,1
,,,3.7,16,0,0,0,0,0,0,1,0,0,0,0,0,0,1,1
,,,3.5,2449,0,0,0,0,0,0,0,0,0,0,0,0,0,1,1
,,,4.1,2484,0,0,0,0,0,0,1,0,0,0,0,0,0,1,1
,,,0.0,0,0,0,0,0,0,0,0,0,0,0,0,0,0,1,1
,,,2.0,4,0,0,1,0,0,0,1,0,0,0,0,0,0,1,1
,,,0.0,0,0,0,1,0,0,0,1,0,0,0,0,0,0,1,1
,,,4.1,2484,0,0,0,0,0,0,1,0,0,0,0,0,0,1,1
,,,0.0,0,0,0,0,0,0,0,1,0,0,0,0,0,0,1,1
,,,0.0,0,0,0,0,0,0,0,0,0,0,0,0,0,0,1,1
,,,0.0,0,0,0,1,1,0,0,0,0,0,0,0,0,0,1,1
,,,4.2,6,0,0,0,0,0,0,0,0,0,0,0,0,0,1,1
,,,4.0,4,0,0,0,0,0,0,1,0,0,0,0,0,0,1,1
,,,0.0,0,0,0,0,0,0,0,0,0,0,0,0,0,0,1,1
,,,0.0,0,0,0,1,0,0,0,1,0,0,0,0,0,0,1,1
,,,3.6,453,0,0,0,0,0,0,1,0,0,0,0,0,0,1,1
,,,0.0,0,0,0,0,0,0,0,0,0,0,0,0,0,0,1,1
,,,0.0,0,0,0,1,1,0,0,0,0,0,0,0,0,0,1,1
,,,3.2,132,0,0,1,0,0,0,1,0,0,0,0,0,0,1,1
,,,3.0,4,0,0,0,0,0,0,0,0,0,0,0,0,0,1,1
,,,0.0,0,0,0,0,0,0,0,0,0,0,0,0,0,0,1,1
,,,4.1,8,0,0,0,0,0,0,1,0,0,0,0,0,0,1,1
,,,3.8,2337,0,0,0,0,0,0,1,0,0,0,0,0,0,1,1
,,,3.4,83,0,0,1,0,0,0,1,0,0,0,0,0,0,1,1
35000.0,45000.0,40000.0,0.0,0,0,0,1,0,0,0,1,0,0,0,0,0,0,1,1
,,,0.0,0,0,0,0,0,1,0,0,0,0,0,0,0,0,1,1
,,,0.0,0,0,0,1,0,0,0,1,0,0,0,0,0,0,1,1
,,,3.5,109,0,0,0,0,0,0,0,0,0,0,0,0,0,1,1
38000.0,45000.0,41500.0,0.0,0,0,0,0,0,0,0,0,0,0,0,0,0,0,1,1
,,,0.0,0,0,0,0,0,0,0,0,0,0,0,0,0,0,1,1
,,,0.0,0,0,0,0,0,0,0,0,0,0,0,0,0,0,1,1
,,,0.0,0,0,0,0,0,0,0,0,0,0,0,0,0,0,1,1
,,,3.2,132,0,0,1,0,0,0,1,0,0,0,0,0,0,1,1
,,,4.1,2484,0,0,0,0,0,0,1,0,0,0,0,0,0,1,1
,,,3.5,2449,0,0,0,0,0,0,0,0,0,0,0,0,0,1,1
,,,3.3,3,0,0,0,0,0,0,1,0,0,0,0,0,0,1,1
,,,0.0,0,0,0,0,0,0,0,1,0,0,0,0,0,0,1,1
,,,0.0,0,0,0,0,0,0,0,0,0,0,0,0,0,0,1,1
34000.0,44000.0,39000.0,0.0,0,0,0,1,0,0,0,1,0,0,0,0,0,0,1,1
,,,0.0,0,0,0,0,0,0,0,0,0,0,0,0,0,0,1,1
,,,0.0,0,0,0,1,0,0,0,1,0,0,0,0,0,0,1,1
,,,0.0,0,0,0,0,0,0,0,0,0,0,0,0,0,0,1,1
,,,0.0,0,0,0,0,0,0,0,1,0,0,0,0,0,0,1,1
,,,3.8,2337,0,0,0,0,0,0,1,0,0,0,0,0,0,1,1
,,,0.0,0,0,0,0,0,0,0,1,0,0,0,0,0,0,1,1
,,,4.1,2484,0,0,0,0,0,0,1,0,0,0,1,0,0,1,1
,,,0.0,0,0,0,0,0,0,0,0,0,0,0,0,0,0,1,1
,,,2.8,5,0,0,0,0,0,0,1,0,0,0,0,0,0,1,1
,,,2.0,4,0,0,1,0,0,0,1,0,0,0,0,0,0,1,1
,,,4.1,2484,0,0,0,0,0,0,1,0,0,0,0,0,0,1,1
,,,4.1,2484,0,0,0,0,0,0,1,0,0,0,0,0,0,1,1
,,,4.0,4,0,0,0,0,0,0,1,0,0,0,0,0,0,1,1
,,,5.0,2,0,0,0,0,0,0,1,0,0,0,0,0,0,1,1
,,,3.7,3,0,0,0,0,0,0,1,0,0,0,0,0,0,1,1
,,,0.0,0,0,0,0,0,0,0,0,0,0,0,0,0,0,1,1
,,,2.0,4,0,0,1,0,0,0,1,0,0,0,0,0,0,1,1
,,,3.6,854,0,0,0,0,0,0,0,0,0,0,0,0,0,1,1
,,,2.8,5,0,0,0,0,0,0,0,0,0,0,0,0,0,1,1
,,,5.0,2,0,0,0,0,0,0,1,0,0,0,0,0,0,1,1
,,,3.6,453,0,0,0,0,0,0,1,0,0,0,0,0,0,1,1
,,,0.0,0,0,0,1,1,0,0,0,0,0,0,0,0,0,1,1
,,,0.0,0,0,0,0,0,0,0,0,0,0,0,0,0,0,1,1
,,,0.0,0,0,0,1,0,0,0,1,0,0,0,0,0,0,1,1
,,,0.0,0,0,0,1,0,0,0,1,0,0,0,0,0,0,1,1
,,,3.1,142,0,0,0,0,0,0,1,0,0,0,0,0,0,1,1
,,,0.0,0,0,0,0,0,0,0,1,0,0,0,0,0,0,1,1
,,,0.0,0,0,0,1,0,1,0,0,0,0,0,0,0,0,1,1
,,,0.0,0,0,0,0,0,0,0,1,0,0,0,0,0,0,1,1
,,,3.5,2449,0,0,0,0,0,0,0,0,0,0,0,0,0,1,1
,,,3.0,4,0,0,0,0,0,0,1,0,0,0,0,0,0,1,1
,,,3.2,132,0,0,1,0,0,0,1,0,0,0,0,0,0,1,1
,,,0.0,0,0,0,1,0,0,0,1,0,0,0,0,0,0,1,1
,,,3.8,2337,0,0,0,0,0,0,1,0,0,0,0,0,0,1,1
,,,3.0,4,0,0,1,0,0,0,1,0,0,0,0,0,0,1,1
,,,3.5,1123,0,0,0,0,0,0,0,0,0,0,0,0,0,1,1
,,,2.0,4,0,0,1,0,0,0,1,0,0,0,0,0,0,1,1
,,,3.8,5,0,0,0,0,0,0,0,0,0,0,0,0,0,1,1
,,,0.0,0,0,0,0,0,0,0,1,0,0,0,0,0,0,1,1
,,,3.3,3,0,0,0,0,0,0,1,0,0,0,0,0,0,1,1
,,,3.0,4,0,0,0,0,0,0,0,0,0,0,0,0,0,1,1
,,,3.0,4,0,0,0,0,0,0,0,0,0,0,0,0,0,1,1
,,,0.0,0,0,0,0,0,0,0,0,0,0,0,0,0,0,1,1
,,,0.0,0,0,0,0,0,0,0,1,0,0,0,0,0,0,1,1
34000.0,36000.0,35000.0,0.0,0,0,0,0,0,0,0,1,0,0,0,0,0,0,1,1
,,,0.0,0,0,0,1,0,0,0,1,0,0,0,0,0,0,1,1
,,,4.0,5,0,0,0,0,0,0,1,0,0,0,0,0,0,1,1
,,,0.0,0,0,0,0,0,0,0,1,0,0,0,0,0,0,1,1
,,,4.1,2484,0,0,0,0,0,0,1,0,0,0,0,0,1,1,1
,,,4.1,2484,0,0,0,0,0,0,1,0,0,0,0,0,0,1,1
,,,0.0,0,0,0,0,0,0,0,1,0,0,0,0,0,0,1,1
,,,2.6,87,0,0,1,0,0,0,1,0,0,0,0,0,0,1,1
,,,0.0,0,0,0,0,0,0,0,1,0,0,0,0,0,0,1,1
,,,0.0,0,0,0,1,0,0,0,1,0,0,0,0,0,0,1,1
,,,0.0,0,0,0,0,0,0,0,1,0,0,0,0,0,0,1,1
,,,5.0,4,0,0,0,0,0,0,0,0,0,0,0,0,0,1,1
,,,4.1,2484,0,0,0,0,0,0,1,0,0,0,0,0,0,1,1
,,,0.0,0,0,0,0,0,0,0,1,0,0,0,0,0,0,1,1
,,,0.0,0,0,0,0,0,0,0,1,0,0,0,0,0,0,1,1
,,,0.0,0,0,0,0,0,0,0,1,0,0,0,0,0,0,1,1
,,,3.8,24,0,0,0,0,0,0,1,0,0,0,0,0,0,1,1
,,,2.0,4,0,0,1,0,0,0,1,0,0,0,0,0,0,1,1
,,,3.7,16,0,0,0,0,0,0,0,0,0,0,0,0,0,1,1
,,,0.0,0,0,0,0,0,0,0,1,0,0,0,0,0,0,1,1
,,,0.0,0,0,0,0,0,0,0,1,0,0,0,0,0,0,1,1
,,,0.0,0,0,0,0,0,0,0,1,0,0,0,0,0,0,1,1
,,,3.0,4,0,0,0,0,0,0,0,0,0,0,0,0,0,1,1
,,,0.0,0,0,0,0,0,0,0,0,0,0,0,0,0,0,1,1
,,,0.0,0,0,0,0,0,0,0,0,0,0,0,0,0,0,1,1
,,,4.0,4,0,0,0,0,0,0,1,0,0,0,0,0,0,1,1
,,,3.5,40,0,0,0,0,0,0,1,0,0,0,0,0,0,1,1
,,,0.0,0,0,0,0,0,0,0,1,0,0,0,0,0,0,1,1
,,,3.8,19,0,0,0,0,0,0,1,0,0,0,0,0,0,1,1
,,,3.7,3,0,0,0,0,0,0,0,0,0,0,0,0,0,1,1
,,,0.0,0,0,0,0,0,0,0,0,0,0,0,0,0,0,1,1
,,,4.1,2484,0,0,0,0,0,0,1,0,0,0,0,0,0,1,1
,,,4.0,1379,0,0,0,0,0,0,0,0,0,0,0,0,0,1,1
35000.0,45000.0,40000.0,0.0,0,0,0,0,0,0,0,1,0,0,0,0,0,0,1,1
,,,0.0,0,0,0,0,0,0,0,0,0,0,0,0,0,0,1,1
,,,3.1,166,0,0,1,0,0,0,1,0,0,0,0,0,0,1,1
,,,3.0,4,0,0,1,0,0,0,1,0,0,0,0,0,0,1,1
,,,0.0,0,0,0,0,0,0,0,1,0,0,0,0,0,0,1,1
,,,5.0,4,0,0,0,0,0,0,1,0,0,0,0,0,0,1,1
,,,3.8,24,0,0,0,0,0,0,1,0,0,0,0,0,0,1,1
,,,3.8,36,0,0,0,0,0,0,0,0,0,0,0,0,0,1,1
,,,4.0,4,0,0,0,0,0,0,1,0,0,0,0,0,0,1,1
,,,4.1,2484,0,0,0,0,0,0,1,0,0,0,0,0,1,1,1
,,,3.8,4,0,0,0,0,0,0,0,0,0,0,0,0,0,1,1
35000.0,45000.0,40000.0,5.0,5,0,0,1,0,0,0,1,0,0,0,0,0,0,1,1
,,,2.0,4,0,0,1,0,0,0,1,0,0,0,0,0,0,1,1
,,,3.0,184,0,0,1,0,0,0,1,0,0,0,0,0,0,1,1
,,,4.4,10,0,0,0,0,0,0,0,0,0,0,0,0,0,1,1
,,,0.0,0,0,0,0,0,0,0,0,0,0,0,0,0,0,1,1
,,,0.0,0,0,0,0,0,0,0,1,0,0,0,0,0,0,1,1
,,,2.6,239,0,0,0,0,0,0,0,0,0,0,0,0,0,1,1
,,,0.0,0,0,0,1,1,0,0,0,0,0,0,0,0,0,1,1
,,,0.0,0,0,0,0,0,0,0,1,0,0,0,0,0,0,1,1
,,,3.7,3,0,0,0,0,0,0,0,0,0,0,0,0,0,1,1
,,,0.0,0,0,0,0,0,0,0,1,0,0,0,0,0,0,1,1
,,,3.8,19,0,0,0,0,0,0,1,0,0,0,0,0,0,1,1
,,,3.0,4,0,0,0,0,0,0,0,0,0,0,0,0,0,1,1
,,,0.0,0,0,0,0,0,0,0,0,0,0,0,0,0,0,1,1
,,,3.4,83,0,0,0,0,0,0,0,1,0,0,0,0,0,1,1
,,,2.6,239,0,0,0,0,0,0,0,0,0,0,0,0,0,1,1
,,,0.0,0,0,0,0,0,0,0,0,0,0,0,0,0,0,1,1
50000.0,70000.0,60000.0,3.6,854,0,0,0,0,0,0,1,0,0,0,0,0,0,1,1
,,,0.0,0,0,0,0,0,0,0,1,0,0,0,0,0,0,1,1
,,,3.2,132,0,0,1,0,0,0,1,0,0,0,0,0,0,1,1
,,,4.1,2484,0,0,0,0,0,0,1,0,0,0,0,0,0,1,1
,,,0.0,0,0,0,0,0,0,0,1,0,0,0,0,0,0,1,1
,,,0.0,0,0,0,0,0,0,0,0,0,0,0,0,0,0,1,1
40000.0,50000.0,45000.0,0.0,0,0,0,1,0,0,0,1,0,0,0,0,0,0,1,1
,,,3.8,24,0,0,0,0,0,0,1,0,0,0,0,0,0,1,1
45000.0,45000.0,45000.0,0.0,0,0,0,1,0,0,0,1,0,0,0,0,0,0,1,1
,,,0.0,0,0,0,0,0,0,0,0,0,0,0,0,0,0,1,1
,,,3.0,4,0,0,0,0,0,0,1,0,0,0,0,0,0,1,1
,,,0.0,0,0,0,0,0,0,0,0,0,0,0,0,0,0,1,1
,,,3.2,132,0,0,1,0,0,0,1,0,0,0,0,0,0,1,1
,,,0.0,0,0,0,0,0,0,0,0,0,0,0,0,0,0,1,1
,,,0.0,0,0,0,0,0,0,0,1,0,0,0,0,0,0,1,1
,,,3.8,19,0,0,0,0,0,0,1,0,0,0,0,0,0,1,1
,,,0.0,0,1,0,1,0,0,0,0,1,0,1,0,0,0,1,1
,,,3.8,19,0,0,0,0,0,0,1,0,0,0,0,0,0,1,1
72000.0,96000.0,84000.0,3.6,854,0,0,0,0,0,0,0,0,0,0,0,0,0,1,1
,,,3.0,4,0,0,1,0,0,0,1,0,0,0,0,0,0,1,1
,,,0.0,0,0,0,0,0,0,0,1,0,0,0,0,0,0,1,1
,,,3.8,19,0,0,0,0,0,0,1,0,0,0,0,0,0,1,1
,,,2.6,239,0,0,0,0,0,0,0,0,0,0,0,0,0,1,1
,,,0.0,0,0,0,0,0,0,0,1,0,0,0,0,0,0,1,1
,,,3.8,19,0,0,0,0,0,0,1,0,0,0,0,0,0,1,1
,,,3.8,132,0,0,0,0,0,0,1,0,0,0,0,0,0,1,1
,,,3.7,3,0,0,0,0,0,0,0,0,0,0,0,0,0,1,1
,,,3.8,19,0,0,0,0,0,0,1,0,0,0,0,0,0,1,1
,,,2.9,13,0,0,0,0,0,0,1,0,0,0,0,0,0,1,1
,,,3.8,24,0,0,0,0,0,0,1,0,0,0,0,0,0,1,1
35000.0,45000.0,40000.0,5.0,5,0,0,1,0,0,0,1,0,0,0,0,0,0,1,1
,,,0.0,0,0,0,1,1,0,0,0,0,0,0,0,0,0,1,1
16800.0,19200.0,18000.0,3.6,854,0,0,0,0,0,0,0,0,0,0,0,0,0,1,1
,,,3.6,2846,0,0,0,0,0,0,0,0,0,0,0,0,0,1,1
,,,3.4,19,0,0,0,0,0,0,1,0,0,0,0,0,0,1,1
,,,0.0,0,0,0,0,0,0,0,0,0,0,0,0,0,0,1,1
,,,5.0,4,0,0,0,0,0,0,1,0,0,0,0,0,0,1,1
,,,3.0,4,0,0,0,0,0,0,1,0,0,0,0,0,0,1,1
,,,0.0,0,0,0,0,0,0,0,1,0,0,0,0,0,0,1,1
,,,0.0,0,0,0,0,0,0,0,1,0,0,0,0,0,0,1,1
,,,0.0,0,0,0,0,0,0,0,1,0,0,0,0,0,0,1,1
,,,4.1,2484,0,0,0,0,0,0,1,0,0,0,0,0,0,1,1
,,,3.5,109,0,0,0,0,0,0,0,0,0,0,0,0,0,1,1
28000.0,40000.0,34000.0,3.2,13,0,1,0,0,1,0,1,0,0,0,0,0,0,1,1
,,,0.0,0,0,0,1,0,0,0,1,0,0,0,0,0,0,1,1
,,,0.0,0,0,0,0,0,0,0,1,0,0,0,0,0,0,1,1
,,,0.0,0,0,0,0,0,0,0,1,0,0,0,0,0,0,1,1
,,,0.0,0,0,0,0,0,0,0,0,0,0,0,0,0,0,1,1
,,,2.9,13,0,0,0,0,0,0,1,0,0,0,0,0,0,1,1
,,,5.0,4,0,0,0,0,0,0,1,0,0,0,0,0,0,1,1
,,,0.0,0,0,0,0,0,0,0,0,0,0,0,0,0,0,1,1
,,,0.0,0,0,0,0,0,0,0,1,0,0,0,0,0,0,1,1
,,,0.0,0,0,0,0,0,0,0,1,0,0,0,0,0,0,1,1
,,,0.0,0,0,0,0,0,0,0,1,0,0,0,0,0,0,1,1
,,,2.8,5,0,0,0,0,0,0,1,0,0,0,0,0,0,1,1
38000.0,55000.0,46500.0,0.0,0,0,0,1,0,0,0,1,0,0,0,0,0,0,1,1
,,,3.2,13,0,0,0,0,0,0,1,0,0,0,0,0,0,1,1
,,,0.0,0,0,0,1,0,0,0,1,0,0,0,0,0,0,1,1
,,,3.8,19,0,0,0,0,0,0,1,0,0,0,0,0,0,1,1
40000.0,60000.0,50000.0,0.0,0,0,0,0,0,0,0,1,0,0,0,0,0,0,1,1
,,,2.6,239,0,0,0,0,0,0,0,0,0,0,0,0,0,1,1
,,,3.0,4,0,0,0,0,0,0,1,0,0,0,0,0,0,1,1
55000.0,65000.0,60000.0,4.5,2,0,0,0,0,0,0,0,0,0,0,0,0,0,1,1
,,,0.0,0,0,0,0,0,0,0,0,0,0,0,0,0,0,1,1
,,,0.0,0,0,0,0,0,0,0,0,1,0,0,0,0,0,1,1
,,,0.0,0,0,0,0,0,0,0,1,0,0,0,0,0,0,1,1
50000.0,55000.0,52500.0,0.0,0,0,0,1,0,0,0,1,0,0,0,0,0,0,1,1
,,,2.6,239,0,0,0,0,0,0,0,0,0,0,0,0,0,1,1
,,,3.0,4,0,0,0,0,0,0,1,0,0,0,0,0,0,1,1
35000.0,45000.0,40000.0,5.0,5,0,0,1,0,0,0,1,0,0,0,0,0,0,1,1
,,,0.0,0,0,0,0,0,0,0,1,0,0,0,0,0,0,1,1
,,,0.0,0,0,0,1,0,0,0,1,0,0,0,0,0,0,1,1
,,,0.0,0,0,0,0,0,0,0,0,1,0,0,0,0,0,1,1
,,,3.4,19,0,0,0,0,0,0,0,0,0,0,0,0,0,1,1
28000.0,40000.0,34000.0,3.2,13,0,0,0,0,0,0,1,0,0,0,0,0,0,1,1
35000.0,45000.0,40000.0,0.0,0,0,0,0,0,0,0,1,0,0,0,0,0,0,1,1
,,,2.6,239,0,0,0,0,0,0,0,0,0,0,0,0,0,1,1
,,,3.0,4,0,0,0,0,0,0,1,0,0,0,0,0,0,1,1
,,,0.0,0,0,0,0,0,0,0,0,0,0,0,0,0,0,1,1
,,,3.1,142,0,0,0,0,0,0,1,0,0,0,0,0,0,1,1
,,,3.4,10,0,0,0,0,0,0,1,0,0,0,0,1,0,0,1
,,,4.1,2484,0,0,0,0,0,0,1,0,0,0,0,1,0,0,1
,,,4.0,6547,0,0,0,0,0,0,0,1,0,0,0,1,0,0,1
,,,4.1,2484,0,0,0,0,0,0,1,0,0,0,0,1,0,0,1
,,,0.0,0,0,0,0,0,0,0,1,0,0,0,0,1,0,0,1
,,,3.6,687,0,0,0,0,0,0,1,0,0,0,0,1,0,0,1
,,,0.0,0,0,0,0,0,0,0,0,0,0,0,0,1,0,0,1
,,,0.0,0,0,0,1,0,0,0,1,0,0,0,0,1,0,0,1
,,,3.6,19,0,0,0,0,0,0,1,0,0,0,0,1,0,0,1
,,,3.6,19,0,0,0,0,0,0,1,0,0,0,0,1,0,0,1
,,,3.6,19,0,0,0,0,0,0,1,0,0,0,0,1,0,0,1
,,,3.6,19,0,0,0,0,0,0,1,0,0,0,0,1,0,0,1
,,,4.1,2484,0,0,0,0,0,0,1,0,0,0,0,1,0,0,1
38000.0,45000.0,41500.0,5.0,5,0,0,1,0,0,0,1,0,0,0,0,0,1,0,1
,,,4.1,2484,0,0,0,0,0,0,1,0,0,0,1,0,1,0,1
,,,4.1,2484,0,0,0,0,0,0,1,0,0,0,0,0,1,0,1
,,,0.0,0,0,0,0,0,1,0,0,0,0,0,0,0,1,0,1
22188.0,41568.0,31878.0,0.0,0,0,0,1,0,0,0,1,0,0,0,0,0,1,0,1
,,,3.5,2449,0,0,0,0,0,0,0,0,0,0,0,0,1,0,1
,,,0.0,0,0,0,0,0,0,0,1,0,0,0,0,0,1,0,1
,,,3.8,11,0,0,0,0,0,0,0,0,0,0,1,0,0,0,1
,,,3.6,453,0,0,0,0,0,0,1,0,0,0,1,0,0,0,1
,,,0.0,0,0,0,1,0,0,0,1,0,0,0,1,0,0,0,1
,,,0.0,0,0,0,0,0,0,0,1,0,0,0,1,0,0,0,1
,,,3.4,83,0,0,0,0,0,1,1,0,0,0,1,0,0,0,1
,,,4.0,55,0,0,0,0,0,0,0,0,0,0,1,0,0,0,1
,,,4.0,113,0,0,0,0,0,0,0,0,0,0,1,0,0,0,1
,,,0.0,0,0,0,0,0,0,0,0,0,0,0,0,0,1,0,1
,,,3.7,1063,0,0,0,0,0,0,0,0,0,0,0,0,1,0,1
,,,3.9,399,0,0,0,0,0,0,0,0,0,0,0,1,0,0,1
35000.0,35000.0,35000.0,3.4,79,0,1,0,0,0,0,0,0,0,0,0,1,1,0,1
,,,4.0,80,0,0,0,0,0,0,0,0,0,0,0,1,0,0,1
,,,4.0,4,0,0,0,0,0,0,1,0,0,0,0,0,0,1,1
30000.0,36000.0,33000.0,0.0,0,0,0,1,0,0,0,1,0,0,0,0,0,0,1,1
,,,0.0,0,0,0,1,0,0,0,1,0,0,0,0,0,0,1,1
28764.0,35160.0,31962.0,0.0,0,0,0,1,0,0,0,1,0,0,0,0,0,0,1,1
,,,0.0,0,0,0,1,0,0,0,1,0,0,0,0,0,0,1,1
,,,0.0,0,0,0,0,0,0,0,0,1,0,0,1,0,0,1,1
,,,0.0,0,0,0,1,1,0,0,0,0,0,0,0,0,0,1,1
26000.0,31000.0,28500.0,4.0,4,0,0,0,0,0,0,0,0,0,0,0,0,0,1,1
,,,0.0,0,0,0,0,0,0,0,1,0,0,0,0,0,0,1,1
,,,0.0,0,0,0,0,0,0,0,1,0,0,0,0,0,0,1,1
,,,4.6,5,0,0,0,0,0,0,1,0,0,0,0,0,0,1,1
28000.0,40000.0,34000.0,0.0,0,0,0,0,0,0,0,1,0,0,0,0,0,0,1,1
,,,3.6,2846,0,0,0,0,0,0,0,0,0,0,0,0,0,1,1
32000.0,40000.0,36000.0,0.0,0,0,0,0,0,0,0,1,0,0,0,0,0,0,1,1
32000.0,42000.0,37000.0,0.0,0,0,0,1,0,0,0,1,0,0,0,0,0,0,1,1
,,,0.0,0,0,0,0,0,0,0,1,0,0,0,0,1,0,1,1
84000.0,84000.0,84000.0,0.0,0,0,0,1,1,0,0,0,0,0,0,0,0,0,1,1
,,,0.0,0,0,0,0,0,0,0,0,0,0,0,0,0,0,1,1
16320.0,16320.0,16320.0,0.0,0,0,0,1,1,0,0,0,0,0,0,0,0,0,1,1
38000.0,45000.0,41500.0,0.0,0,0,0,1,0,0,1,1,0,0,0,0,0,0,1,1
,,,0.0,0,0,0,1,0,0,0,1,0,0,0,0,0,0,1,1
,,,4.1,194,1,0,0,0,0,0,0,0,0,1,0,0,0,1,1
,,,0.0,0,0,0,1,0,0,0,1,0,0,0,0,0,0,1,1
35000.0,45000.0,40000.0,0.0,0,0,0,0,0,0,0,1,0,0,0,0,0,0,1,1
,,,4.2,5,0,0,0,0,0,0,0,0,0,0,0,0,0,1,1
38000.0,45000.0,41500.0,0.0,0,0,0,1,0,0,1,1,0,0,0,0,0,0,1,1
,,,0.0,0,0,0,0,0,0,0,1,0,0,0,0,0,0,1,1
,,,0.0,0,0,0,1,1,0,0,0,0,0,0,0,0,0,1,1
60000.0,60000.0,60000.0,0.0,0,0,0,1,1,0,0,0,0,0,0,0,0,0,1,1
,,,2.6,20,0,0,0,0,0,0,1,0,0,0,0,0,0,1,1
,,,0.0,0,0,0,1,0,0,0,1,0,0,0,0,0,0,1,1
60000.0,65000.0,62500.0,0.0,0,0,0,0,0,0,0,0,0,0,0,0,0,0,1,1
,,,0.0,0,0,0,0,0,0,0,1,0,0,0,0,0,0,1,1
,,,0.0,0,0,0,1,0,0,0,1,0,0,0,0,0,0,1,1
33000.0,33000.0,33000.0,3.4,81,0,0,0,0,0,0,1,0,0,0,0,0,0,1,1
,,,2.6,239,0,0,0,0,0,0,0,0,0,0,0,0,0,1,1
15000.0,25000.0,20000.0,0.0,0,0,0,1,0,0,0,0,0,0,1,0,0,0,1,1
