salary_min,salary_max,salary_mean,rating_mean,rating_count,contract_contrat pro,contract_intérim,contract_temps plein,contract_indépendant,contract_cdd,contract_temps partiel,contract_cdi,contract_stage,contract_commission,contract_apprentissage,mode_an,mode_heure,mode_jour,mode_mois,mode_semaine,query_data+scientist,query_business+intelligence,query_data+analyst,query_developpeur
36408.0,44508.0,40458.0,3.0,2,0,0,1,0,0,0,1,0,0,0,0,0,0,1,0,1,0,0,0
55000.0,65000.0,60000.0,0.0,0,0,0,0,0,0,0,0,0,0,0,1,0,0,0,0,1,0,0,0
40000.0,70000.0,55000.0,0.0,0,0,0,1,0,0,0,1,0,0,0,1,0,0,0,0,1,0,0,0
42000.0,42000.0,42000.0,0.0,0,0,0,0,0,0,0,0,0,0,0,1,0,0,0,0,1,0,0,0
40000.0,60000.0,50000.0,0.0,0,0,0,1,0,0,0,1,0,0,0,1,0,0,0,0,1,0,0,0
156000.0,168000.0,162000.0,0.0,0,0,0,1,1,0,0,0,0,0,0,0,0,1,0,0,1,0,0,0
18000.0,20400.0,19200.0,0.0,0,0,1,0,0,0,0,0,0,0,0,0,0,0,1,0,1,0,1,1
40000.0,50000.0,45000.0,0.0,0,0,0,0,0,0,0,0,0,0,0,1,0,0,0,0,1,0,0,0
45000.0,65000.0,55000.0,0.0,0,0,0,0,0,0,0,0,0,0,0,1,0,0,0,0,1,0,0,0
42000.0,42000.0,42000.0,0.0,0,0,0,0,0,0,0,0,0,0,0,1,0,0,0,0,1,0,0,0
46000.0,50000.0,48000.0,0.0,0,0,0,1,0,0,0,1,0,0,0,1,0,0,0,0,1,0,0,0
65000.0,65000.0,65000.0,0.0,0,0,0,1,0,0,0,1,0,0,0,1,0,0,0,0,1,0,0,0
70000.0,70000.0,70000.0,0.0,0,0,0,1,0,0,0,1,0,0,0,1,0,0,0,0,1,0,0,0
55000.0,65000.0,60000.0,0.0,0,0,0,1,0,0,0,1,0,0,0,1,0,0,0,0,1,0,0,0
575.0,575.0,575.0,0.0,0,0,0,0,0,0,0,0,1,0,0,1,0,0,0,0,1,0,0,0
35000.0,50000.0,42500.0,0.0,0,0,0,1,0,0,0,1,0,0,0,1,0,0,0,0,1,1,1,1
40000.0,60000.0,50000.0,0.0,0,0,0,0,0,0,0,0,0,0,0,1,0,0,0,0,1,0,0,1
50000.0,55000.0,52500.0,0.0,0,0,0,1,0,1,0,0,0,0,0,1,0,0,0,0,1,0,0,0
40000.0,60000.0,50000.0,0.0,0,0,0,0,0,0,0,0,0,0,0,1,0,0,0,0,1,0,0,0
60000.0,100000.0,80000.0,0.0,0,0,0,0,0,0,0,1,0,0,0,1,0,0,0,0,1,0,0,0
40000.0,55000.0,47500.0,0.0,0,0,0,1,0,0,0,1,0,0,0,1,0,0,0,0,1,1,1,0
38688.0,38688.0,38688.0,0.0,0,1,0,1,0,0,0,1,0,0,1,0,0,0,0,1,1,0,0,1
70000.0,70000.0,70000.0,0.0,0,0,0,0,0,0,0,1,0,0,0,1,0,0,0,0,1,0,1,0
35000.0,50000.0,42500.0,0.0,0,0,0,0,0,0,0,1,0,0,0,1,0,0,0,0,1,1,1,0
45000.0,70000.0,57500.0,0.0,0,0,0,1,0,0,0,1,0,0,0,1,0,0,0,0,1,1,0,0
40000.0,60000.0,50000.0,0.0,0,0,0,1,0,0,0,1,0,0,0,1,0,0,0,0,1,0,1,0
96000.0,96000.0,96000.0,0.0,0,0,0,1,1,0,0,0,0,0,0,0,0,1,0,0,1,0,0,0
50000.0,70000.0,60000.0,0.0,0,0,0,1,0,1,0,0,0,0,0,1,0,0,0,0,1,1,1,0
40000.0,55000.0,47500.0,0.0,0,0,0,0,0,0,0,0,0,0,0,1,0,0,0,0,1,0,0,0
12000.0,14400.0,13200.0,0.0,0,0,0,0,0,0,0,0,1,0,0,1,0,0,0,0,1,0,0,0
40000.0,50000.0,45000.0,0.0,0,0,0,0,0,0,0,1,0,0,0,1,0,0,0,0,1,0,0,0
40000.0,50000.0,45000.0,0.0,0,0,0,1,0,0,0,1,0,0,0,1,0,0,0,0,1,0,0,0
55000.0,55000.0,55000.0,0.0,0,0,0,0,0,0,0,1,0,0,0,1,0,0,0,0,1,0,1,0
50000.0,70000.0,60000.0,0.0,0,0,0,0,0,0,0,1,0,0,0,1,0,0,0,0,1,0,0,0
42000.0,42000.0,42000.0,0.0,0,0,0,0,0,0,0,0,0,0,0,1,0,0,0,0,1,0,0,0
70000.0,90000.0,80000.0,0.0,0,0,0,0,0,0,0,0,0,0,0,1,0,0,0,0,1,1,1,0
42000.0,48000.0,45000.0,0.0,0,0,0,0,0,0,0,1,0,0,0,1,0,0,0,0,1,0,0,0
65000.0,85000.0,75000.0,0.0,0,0,0,0,0,0,0,1,0,0,0,1,0,0,0,0,1,0,0,0
36000.0,50000.0,43000.0,0.0,0,0,0,1,0,0,0,1,0,0,0,1,0,0,0,0,1,0,0,0
108000.0,108000.0,108000.0,0.0,0,0,0,1,1,0,0,0,0,0,0,0,0,1,0,0,1,0,1,0
65000.0,75000.0,70000.0,0.0,0,0,0,0,0,0,0,1,0,0,0,1,0,0,0,0,1,0,0,0
45000.0,55000.0,50000.0,0.0,0,0,0,0,0,0,0,1,0,0,0,1,0,0,0,0,1,0,0,0
45000.0,70000.0,57500.0,0.0,0,0,0,0,0,0,0,1,0,0,0,1,0,0,0,0,1,0,0,0
26520.0,30000.0,28260.0,3.9,399,0,0,0,0,0,0,0,0,0,0,0,0,0,1,0,1,0,1,0
45000.0,55000.0,50000.0,0.0,0,0,0,0,0,0,0,1,0,0,0,1,0,0,0,0,1,0,0,0
40000.0,50000.0,45000.0,0.0,0,0,0,0,0,0,0,1,0,0,0,1,0,0,0,0,1,0,0,0
60000.0,70000.0,65000.0,0.0,0,0,0,0,0,0,0,1,0,0,0,1,0,0,0,0,1,0,1,0
120000.0,140000.0,130000.0,0.0,0,0,0,0,0,0,0,1,0,0,0,1,0,0,0,0,1,0,0,0
35000.0,40000.0,37500.0,0.0,0,0,0,0,0,0,0,1,0,0,0,1,0,0,0,0,1,1,1,0
50000.0,55000.0,52500.0,0.0,0,0,0,0,0,0,0,1,0,0,0,1,0,0,0,0,1,0,0,0
45000.0,60000.0,52500.0,0.0,0,0,0,0,0,0,0,1,0,0,0,1,0,0,0,0,1,0,0,0
75000.0,100000.0,87500.0,0.0,0,0,0,0,0,0,0,1,0,0,0,1,0,0,0,0,1,0,1,0
90000.0,120000.0,105000.0,0.0,0,0,0,0,0,0,0,1,0,0,0,1,0,0,0,0,1,0,0,0
75000.0,75000.0,75000.0,0.0,0,0,0,0,0,0,0,0,0,0,0,1,0,0,0,0,1,0,0,0
58000.0,70000.0,64000.0,0.0,0,0,0,0,0,0,0,1,0,0,0,1,0,0,0,0,1,0,0,0
40000.0,45000.0,42500.0,0.0,0,0,0,0,0,0,0,1,0,0,0,1,0,0,0,0,1,0,0,0
50000.0,65000.0,57500.0,0.0,0,0,0,0,0,0,0,1,0,0,0,1,0,0,0,0,1,0,0,0
70000.0,90000.0,80000.0,0.0,0,0,0,0,0,0,0,1,0,0,0,1,0,0,0,0,1,0,0,0
40000.0,70000.0,55000.0,0.0,0,0,0,1,0,0,0,1,0,0,0,1,0,0,0,0,1,0,1,0
50000.0,70000.0,60000.0,0.0,0,0,0,0,0,0,0,1,0,0,0,1,0,0,0,0,1,0,0,0
45000.0,65000.0,55000.0,0.0,0,0,0,0,0,0,0,0,0,0,0,1,0,0,0,0,1,0,0,0
58000.0,66000.0,62000.0,0.0,0,0,0,0,0,0,0,1,0,0,0,1,0,0,0,0,1,0,0,0
50000.0,60000.0,55000.0,0.0,0,0,0,0,0,0,0,1,0,0,0,1,0,0,0,0,1,0,0,0
55000.0,60000.0,57500.0,4.5,2,0,0,0,0,0,0,0,0,0,0,1,0,0,0,0,1,0,0,0
55000.0,65000.0,60000.0,0.0,0,0,0,0,0,0,0,1,0,0,0,1,0,0,0,0,1,0,0,0
12000.0,12000.0,12000.0,0.0,0,0,0,0,0,0,0,0,1,0,0,0,0,0,1,0,1,0,0,0
56000.0,65000.0,60500.0,0.0,0,0,0,0,0,0,0,1,0,0,0,1,0,0,0,0,1,0,0,0
40000.0,70000.0,55000.0,0.0,0,0,0,0,0,0,0,1,0,0,0,1,0,0,0,0,1,0,0,0
40000.0,55000.0,47500.0,0.0,0,0,0,0,0,0,0,1,0,0,0,1,0,0,0,0,1,0,0,0
45000.0,70000.0,57500.0,0.0,0,0,0,0,0,0,0,1,0,0,0,1,0,0,0,0,1,0,0,0
44000.0,57000.0,50500.0,0.0,0,0,0,0,0,0,0,1,0,0,0,1,0,0,0,0,1,0,0,0
55000.0,55000.0,55000.0,0.0,0,0,0,0,0,0,0,1,0,0,0,1,0,0,0,0,1,0,0,0
50000.0,70000.0,60000.0,4.5,2,0,0,0,0,0,0,0,0,0,0,1,0,0,0,0,1,0,1,0
45000.0,65000.0,55000.0,0.0,0,0,0,0,0,0,0,1,0,0,0,1,0,0,0,0,1,0,1,0
40000.0,45000.0,42500.0,0.0,0,0,0,0,0,0,0,1,0,0,0,1,0,0,0,0,1,0,0,0
50000.0,50000.0,50000.0,0.0,0,0,0,0,0,0,0,0,0,0,0,1,0,0,0,0,1,0,0,0
55000.0,75000.0,65000.0,0.0,0,0,0,0,0,0,0,1,0,0,0,1,0,0,0,0,1,0,0,0
13020.0,13020.0,13020.0,0.0,0,0,0,1,0,0,0,0,1,0,0,0,0,0,1,0,1,0,0,0
40000.0,48000.0,44000.0,4.5,2,0,0,0,0,0,0,0,0,0,0,1,0,0,0,0,1,0,0,0
60000.0,60000.0,60000.0,4.0,4,0,0,0,0,0,0,1,0,0,0,1,0,0,0,0,1,0,0,0
45000.0,65000.0,55000.0,0.0,0,0,0,0,0,0,0,1,0,0,0,1,0,0,0,0,1,0,0,0
60000.0,65000.0,62500.0,0.0,0,0,0,0,0,0,0,0,0,0,0,1,0,0,0,0,1,0,0,0
45000.0,80000.0,62500.0,0.0,0,0,0,1,0,0,0,1,0,0,0,1,0,0,0,0,1,0,0,0
45000.0,63000.0,54000.0,0.0,0,0,0,0,0,0,0,1,0,0,0,1,0,0,0,0,1,0,0,0
65000.0,65000.0,65000.0,3.4,79,0,0,0,0,0,0,1,0,0,0,1,0,0,0,0,1,0,1,0
45000.0,55000.0,50000.0,0.0,0,0,0,0,0,0,0,0,0,0,0,1,0,0,0,0,1,0,0,0
70000.0,80000.0,75000.0,0.0,0,0,0,0,0,0,0,1,0,0,0,1,0,0,0,0,1,0,0,0
60000.0,80000.0,70000.0,0.0,0,0,0,0,0,0,0,1,0,0,0,1,0,0,0,0,1,0,0,0
60000.0,80000.0,70000.0,0.0,0,0,0,0,0,0,0,1,0,0,0,1,0,0,0,0,1,0,0,0
50000.0,70000.0,60000.0,0.0,0,0,0,0,0,0,0,1,0,0,0,1,0,0,0,0,1,0,1,0
55000.0,55000.0,55000.0,0.0,0,0,0,0,0,0,0,0,0,0,0,1,0,0,0,0,1,0,0,0
60000.0,70000.0,65000.0,0.0,0,0,0,0,0,0,0,1,0,0,0,1,0,0,0,0,1,0,0,0
60000.0,80000.0,70000.0,0.0,0,0,0,0,0,0,0,1,0,0,0,1,0,0,0,0,1,0,0,0
50000.0,65000.0,57500.0,0.0,0,0,0,0,0,0,0,0,0,0,0,1,0,0,0,0,1,0,0,0
55000.0,70000.0,62500.0,0.0,0,0,0,0,0,0,0,1,0,0,0,1,0,0,0,0,1,0,0,0
18000.0,18000.0,18000.0,0.0,0,0,0,1,0,0,0,0,1,0,0,0,0,0,1,0,0,0,1,0
28000.0,28000.0,28000.0,3.7,26,0,0,1,0,0,0,1,0,0,0,1,0,0,0,0,0,0,1,0
9600.0,9600.0,9600.0,0.0,0,0,0,1,0,0,0,0,1,0,0,0,0,0,1,0,0,0,1,1
32000.0,35000.0,33500.0,3.6,402,0,1,1,0,0,0,0,0,0,0,1,0,0,0,0,0,0,1,0
31000.0,36000.0,33500.0,3.6,402,0,1,0,0,0,0,0,0,0,0,1,0,0,0,0,0,0,1,0
12000.0,12000.0,12000.0,0.0,0,0,0,1,0,0,0,0,1,0,0,0,0,0,1,0,0,0,1,0
9600.0,13200.0,11400.0,0.0,0,0,0,1,0,0,0,0,1,0,0,0,0,0,1,0,1,0,1,1
120000.0,132000.0,126000.0,0.0,0,0,0,1,1,0,0,0,0,0,0,0,0,1,0,0,0,0,1,0
35000.0,90000.0,62500.0,0.0,0,0,0,0,0,0,0,1,0,0,0,1,0,0,0,0,0,0,1,0
40000.0,70000.0,55000.0,0.0,0,0,0,0,0,0,0,1,0,0,0,1,0,0,0,0,0,0,1,0
13440.0,13440.0,13440.0,4.2,2462,0,0,0,0,0,0,0,1,0,0,0,0,0,1,0,0,0,1,0
42000.0,42000.0,42000.0,3.4,79,0,1,0,0,0,0,0,0,0,0,1,0,0,0,0,0,0,1,0
45000.0,50000.0,47500.0,2.5,11,0,0,0,0,0,0,1,0,0,0,1,0,0,0,0,0,0,1,0
35000.0,42000.0,38500.0,0.0,0,0,0,0,0,0,0,1,0,0,0,1,0,0,0,0,0,0,1,0
34800.0,40800.0,37800.0,0.0,0,0,0,1,0,0,0,1,0,0,0,0,0,0,1,0,0,0,1,0
40000.0,50000.0,45000.0,0.0,0,0,0,0,0,0,0,1,0,0,0,1,0,0,0,0,0,0,1,0
11088.0,20400.0,15744.0,0.0,0,0,0,1,0,0,0,0,0,0,1,0,0,0,1,0,0,1,1,0
30000.0,35000.0,32500.0,3.6,402,0,1,1,0,0,0,0,0,0,0,1,0,0,0,0,0,0,1,0
45000.0,55000.0,50000.0,4.5,2,0,0,0,0,0,0,1,0,0,0,1,0,0,0,0,0,0,1,0
32000.0,32000.0,32000.0,0.0,0,0,0,0,0,0,0,1,0,0,0,1,0,0,0,0,0,0,1,0
108000.0,108000.0,108000.0,2.4,25,0,0,1,1,0,0,0,0,0,0,0,0,1,0,0,0,0,1,0
35000.0,45000.0,40000.0,0.0,0,0,0,0,0,0,0,1,0,0,0,1,0,0,0,0,0,0,1,0
45000.0,60000.0,52500.0,0.0,0,0,0,0,0,0,0,1,0,0,0,1,0,0,0,0,0,0,1,0
62000.0,62000.0,62000.0,0.0,0,0,0,0,0,0,0,0,0,0,0,1,0,0,0,0,0,0,1,0
35000.0,65000.0,50000.0,0.0,0,0,0,0,0,0,0,1,0,0,0,1,0,0,0,0,0,0,1,0
120000.0,120000.0,120000.0,3.3,192,0,0,1,1,0,0,0,0,0,0,0,0,1,0,0,0,0,1,0
45000.0,55000.0,50000.0,0.0,0,0,0,0,0,0,0,1,0,0,0,1,0,0,0,0,0,0,1,0
70000.0,70000.0,70000.0,0.0,0,0,0,0,0,0,0,1,0,0,0,1,0,0,0,0,0,0,1,0
60000.0,88000.0,74000.0,0.0,0,0,0,0,0,0,0,1,0,0,0,1,0,0,0,0,1,1,1,0
45000.0,55000.0,50000.0,0.0,0,0,0,1,0,0,0,1,0,0,0,1,0,0,0,0,0,0,1,0
35000.0,40000.0,37500.0,0.0,0,0,0,0,0,0,0,1,0,0,0,1,0,0,0,0,0,0,1,0
35000.0,40000.0,37500.0,0.0,0,0,0,0,0,0,0,1,0,0,0,1,0,0,0,0,0,0,1,0
40000.0,40000.0,40000.0,3.3,64,0,0,0,0,0,0,0,0,0,0,1,0,0,0,0,0,0,1,0
35000.0,50000.0,42500.0,0.0,0,0,0,0,0,0,0,1,0,0,0,1,0,0,0,0,0,0,1,0
60000.0,75000.0,67500.0,0.0,0,0,0,1,0,0,0,1,0,0,0,1,0,0,0,0,0,0,1,0
60000.0,70000.0,65000.0,0.0,0,0,0,0,0,0,0,1,0,0,0,1,0,0,0,0,0,0,1,0
55000.0,70000.0,62500.0,0.0,0,0,0,0,0,0,0,1,0,0,0,1,0,0,0,0,1,0,1,0
45000.0,55000.0,50000.0,0.0,0,0,0,0,0,0,0,0,0,0,0,1,0,0,0,0,0,0,1,0
30000.0,40000.0,35000.0,0.0,0,0,1,0,0,0,0,0,0,0,0,1,0,0,0,0,0,0,1,0
31140.0,38052.0,34596.0,4.1,312,0,0,1,0,0,0,1,0,0,0,0,0,0,1,0,0,0,1,0
40000.0,47000.0,43500.0,0.0,0,0,0,0,0,0,0,1,0,0,0,1,0,0,0,0,0,0,1,0
50000.0,70000.0,60000.0,4.5,32,0,0,0,0,0,0,0,0,0,0,1,0,0,0,0,0,1,0,0
34800.0,40800.0,37800.0,0.0,0,0,0,1,0,0,0,1,0,0,0,0,0,0,1,0,0,1,0,0
15000.0,15000.0,15000.0,0.0,0,0,0,0,0,0,1,0,0,0,1,1,0,0,0,0,0,1,0,0
25000.0,60000.0,42500.0,4.5,32,0,0,0,0,0,0,0,0,0,0,1,0,0,0,0,0,1,0,0
37000.0,40000.0,38500.0,0.0,0,0,0,1,0,0,0,1,0,0,0,1,0,0,0,0,0,1,0,0
42000.0,50000.0,46000.0,0.0,0,0,0,1,0,0,0,1,0,0,0,1,0,0,0,0,0,1,0,0
9000.0,18000.0,13500.0,0.0,0,0,0,1,0,0,0,0,1,0,0,0,0,0,1,0,0,1,0,0
35000.0,45000.0,40000.0,0.0,0,0,0,0,0,0,0,1,0,0,0,1,0,0,0,0,0,1,0,0
40000.0,60000.0,50000.0,4.5,32,0,0,0,0,0,0,0,0,0,0,1,0,0,0,0,0,1,0,0
40000.0,55000.0,47500.0,0.0,0,0,0,1,0,0,0,1,0,0,0,1,0,0,0,0,0,1,0,1
50000.0,60000.0,55000.0,4.5,32,0,0,0,0,0,0,0,0,0,0,1,0,0,0,0,0,1,0,0
55000.0,75000.0,65000.0,0.0,0,0,0,1,0,0,0,1,0,0,0,1,0,0,0,0,0,1,0,0
41000.0,65000.0,53000.0,4.3,8,0,0,1,0,0,0,1,0,0,0,1,0,0,0,0,0,1,0,1
45000.0,60000.0,52500.0,0.0,0,0,0,1,0,0,0,1,0,0,0,1,0,0,0,0,0,1,0,0
50000.0,50000.0,50000.0,0.0,0,0,0,1,0,0,0,1,0,0,0,1,0,0,0,0,0,1,0,0
37000.0,47000.0,42000.0,0.0,0,0,0,1,0,0,0,1,0,0,0,1,0,0,0,0,0,1,0,0
30000.0,60000.0,45000.0,4.5,32,0,0,0,0,0,0,0,0,0,0,1,0,0,0,0,0,1,0,0
50000.0,65000.0,57500.0,0.0,0,0,0,0,0,0,0,1,0,0,0,1,0,0,0,0,0,1,1,0
80000.0,80000.0,80000.0,0.0,0,0,0,0,0,0,0,1,0,0,0,1,0,0,0,0,0,1,0,0
75000.0,90000.0,82500.0,0.0,0,0,0,0,0,0,0,1,0,0,0,1,0,0,0,0,0,1,0,0
36000.0,60000.0,48000.0,0.0,0,0,0,1,0,0,0,1,0,0,0,1,0,0,0,0,0,1,0,0
41000.0,65000.0,53000.0,4.3,8,0,0,0,0,0,0,1,0,0,0,1,0,0,0,0,0,1,0,1
45000.0,50000.0,47500.0,3.3,16,0,0,1,0,0,0,1,0,0,0,1,0,0,0,0,0,1,0,0
12000.0,12000.0,12000.0,3.8,19,0,0,0,0,0,0,0,1,0,0,0,0,0,1,0,0,1,0,0
45000.0,50000.0,47500.0,0.0,0,0,0,0,0,0,0,1,0,0,0,1,0,0,0,0,0,1,0,0
30000.0,50000.0,40000.0,0.0,0,0,0,0,0,0,0,0,0,0,0,1,0,0,0,0,0,1,0,0
40260.0,40260.0,40260.0,3.8,17235,0,1,0,0,0,0,0,0,0,0,0,0,0,1,0,0,1,0,0
50000.0,50000.0,50000.0,0.0,0,0,0,0,0,0,0,1,0,0,0,1,0,0,0,0,0,1,0,0
40000.0,50000.0,45000.0,0.0,0,0,0,0,0,0,0,1,0,0,0,1,0,0,0,0,0,1,0,0
45000.0,55000.0,50000.0,0.0,0,0,0,0,0,0,0,1,0,0,0,1,0,0,0,0,0,1,0,0
41000.0,60000.0,50500.0,4.3,8,0,0,0,0,0,0,1,0,0,0,1,0,0,0,0,0,1,0,0
38400.0,48000.0,43200.0,0.0,0,0,0,0,0,0,0,0,0,0,0,0,0,0,0,1,0,1,0,0
7200.0,7200.0,7200.0,3.7,979,0,0,1,0,0,0,0,1,0,0,0,0,0,1,0,0,1,0,0
32000.0,36000.0,34000.0,0.0,0,0,0,0,0,0,0,0,0,0,0,1,0,0,0,0,0,1,0,0
35000.0,38000.0,36500.0,0.0,0,0,0,0,0,0,0,1,0,0,0,1,0,0,0,0,0,1,0,0
67000.0,80000.0,73500.0,4.8,4,0,0,1,0,0,0,1,0,0,0,1,0,0,0,0,0,1,0,0
35000.0,55000.0,45000.0,0.0,0,0,0,0,0,0,0,0,0,0,0,1,0,0,0,0,0,1,0,0
45000.0,55000.0,50000.0,5.0,4,0,0,1,0,0,0,1,0,0,0,1,0,0,0,0,0,1,0,0
42533.0,100748.0,71640.5,0.0,0,0,0,0,0,0,0,0,0,1,0,1,0,0,0,0,0,1,0,0
72.0,72.0,72.0,0.0,0,0,0,0,0,0,0,0,1,0,0,0,0,0,1,0,0,0,1,1
144000.0,144000.0,144000.0,0.0,0,0,0,1,1,0,0,0,0,0,0,0,0,1,0,0,0,0,0,1
6000.0,9600.0,7800.0,0.0,0,0,0,1,0,1,1,0,0,0,0,0,0,0,1,0,0,0,0,1
34000.0,38000.0,36000.0,0.0,0,0,0,1,0,0,0,1,0,0,0,1,0,0,0,0,0,0,0,1
10200.0,10800.0,10500.0,0.0,0,0,0,1,0,0,0,0,1,0,0,0,0,0,1,0,0,0,0,1
7200.0,12000.0,9600.0,0.0,0,0,0,1,0,0,0,0,1,0,0,0,0,0,1,0,0,0,0,1
37000.0,37000.0,37000.0,3.4,5,0,0,1,0,0,0,1,0,0,0,1,0,0,0,0,0,0,0,1
25000.0,25000.0,25000.0,0.0,0,0,0,1,0,0,0,1,0,0,0,1,0,0,0,0,0,0,0,1
19800.0,36000.0,27900.0,0.0,0,0,0,1,0,0,0,1,0,0,0,0,0,0,1,0,0,0,0,1
45000.0,55000.0,50000.0,0.0,0,0,0,0,0,0,0,1,0,0,0,1,0,0,0,0,0,0,0,1
45000.0,55000.0,50000.0,0.0,0,0,0,1,0,0,0,1,0,0,0,1,0,0,0,0,0,0,0,1
35000.0,55000.0,45000.0,0.0,0,0,0,1,0,0,0,1,0,0,0,1,0,0,0,0,0,0,0,1
38000.0,45000.0,41500.0,0.0,0,0,0,1,0,0,0,1,0,0,0,1,0,0,0,0,0,0,0,1
26400.0,26400.0,26400.0,0.0,0,0,0,1,0,0,0,1,0,0,0,0,0,0,1,0,0,0,0,1
6600.0,6600.0,6600.0,0.0,0,0,0,1,0,0,0,0,1,0,0,0,0,0,1,0,0,0,0,1
6708.0,6720.0,6714.0,0.0,0,0,0,1,0,0,0,0,1,0,0,0,0,0,1,0,0,0,0,1
40000.0,45000.0,42500.0,0.0,0,0,0,1,0,0,0,1,0,0,0,1,0,0,0,0,0,0,0,1
6660.0,14400.0,10530.0,0.0,0,0,0,1,0,0,0,0,1,0,0,0,0,0,1,0,0,0,0,1
108000.0,108000.0,108000.0,0.0,0,0,0,1,1,0,0,0,0,0,0,0,0,1,0,0,0,0,0,1
10800.0,12000.0,11400.0,0.0,0,0,0,1,0,0,0,0,1,0,0,0,0,0,1,0,0,0,0,1
26400.0,42000.0,34200.0,0.0,0,0,0,1,0,0,0,1,0,0,0,0,0,0,1,0,0,0,0,1
30000.0,42000.0,36000.0,0.0,0,0,0,1,0,0,0,1,0,0,0,0,0,0,1,0,0,0,0,1
84000.0,84000.0,84000.0,0.0,0,0,0,1,1,0,0,0,0,0,0,0,0,1,0,0,0,0,0,1
120000.0,120000.0,120000.0,0.0,0,0,0,1,1,0,0,0,0,0,0,0,0,1,0,0,0,0,0,1
42000.0,54000.0,48000.0,0.0,0,0,0,1,0,0,0,1,0,0,0,0,0,0,1,0,0,0,0,1
35000.0,45000.0,40000.0,0.0,0,0,0,1,0,0,0,1,0,0,0,1,0,0,0,0,0,0,0,1
24000.0,24000.0,24000.0,0.0,0,0,0,1,0,0,0,1,0,0,0,0,0,0,1,0,0,0,0,1
34800.0,37200.0,36000.0,0.0,0,0,0,1,0,0,0,1,0,0,0,0,0,0,1,0,0,0,0,1
96000.0,168000.0,132000.0,0.0,0,0,0,1,1,0,1,0,0,0,0,0,0,1,0,0,0,0,0,1
45000.0,45000.0,45000.0,3.0,12,0,0,0,0,0,0,1,0,0,0,1,0,0,0,0,0,0,0,1
37000.0,45000.0,41000.0,0.0,0,0,0,1,0,0,0,1,0,0,0,1,0,0,0,0,0,0,0,1
34800.0,40800.0,37800.0,0.0,0,0,0,1,0,0,1,1,0,0,0,0,0,0,1,0,0,0,0,1
40000.0,50000.0,45000.0,0.0,0,0,0,1,0,1,0,1,0,0,0,1,0,0,0,0,0,0,0,1
42000.0,45000.0,43500.0,3.9,7,0,0,1,0,0,0,1,0,0,0,0,0,0,1,0,0,0,0,1
38000.0,42000.0,40000.0,0.0,0,0,0,0,0,0,0,1,0,0,0,1,0,0,0,0,0,0,0,1
35000.0,48000.0,41500.0,0.0,0,0,0,0,0,0,0,1,0,0,0,1,0,0,0,0,0,0,0,1
45000.0,45000.0,45000.0,0.0,0,0,0,1,0,0,0,1,0,0,0,1,0,0,0,0,0,0,0,1
120000.0,120000.0,120000.0,0.0,0,0,0,1,1,0,0,0,0,0,0,0,0,1,0,0,0,0,0,1
108000.0,108000.0,108000.0,0.0,0,0,0,1,1,0,0,0,0,0,0,0,0,1,0,0,0,0,0,1
55000.0,60000.0,57500.0,0.0,0,0,0,1,0,0,0,1,0,0,0,1,0,0,0,0,0,0,0,1
40000.0,60000.0,50000.0,0.0,0,0,0,1,0,0,0,1,0,0,0,1,0,0,0,0,0,0,0,1
50000.0,75000.0,62500.0,0.0,0,0,0,0,0,0,0,0,0,0,0,1,0,0,0,0,0,0,0,1
84000.0,84000.0,84000.0,0.0,0,0,0,1,1,0,0,0,0,0,0,0,0,1,0,0,0,0,0,1
120000.0,120000.0,120000.0,0.0,0,0,0,1,1,0,0,0,0,0,0,0,0,1,0,0,0,0,0,1
108000.0,108000.0,108000.0,4.1,13,0,0,1,1,0,0,0,0,0,0,0,0,1,0,0,0,0,0,1
24000.0,36000.0,30000.0,0.0,0,0,0,1,0,0,0,1,0,0,0,0,0,0,1,0,0,0,0,1
55000.0,55000.0,55000.0,4.3,3,0,0,0,0,0,0,1,0,0,0,1,0,0,0,0,0,0,0,1
35000.0,35000.0,35000.0,0.0,0,0,0,1,0,0,0,1,0,0,0,1,0,0,0,0,0,0,0,1
45000.0,60000.0,52500.0,0.0,0,0,0,1,0,0,0,1,0,0,0,1,0,0,0,0,0,0,0,1
32782.0,59244.0,46013.0,0.0,0,0,0,1,0,0,0,1,0,0,0,1,0,0,0,0,0,0,0,1
30000.0,33000.0,31500.0,0.0,0,0,0,0,0,0,0,1,0,0,0,1,0,0,0,0,0,0,0,1
35000.0,48000.0,41500.0,0.0,0,0,0,1,0,0,0,1,0,0,0,1,0,0,0,0,0,0,0,1
38000.0,40000.0,39000.0,0.0,0,0,0,0,0,0,0,0,0,0,0,1,0,0,0,0,0,0,0,1
84000.0,168000.0,126000.0,0.0,0,0,0,1,0,1,1,0,0,0,0,0,0,1,0,0,0,0,0,1
40000.0,50000.0,45000.0,0.0,0,0,0,0,0,0,0,0,0,0,0,1,0,0,0,0,0,0,0,1
30000.0,40000.0,35000.0,0.0,0,0,0,1,0,0,0,1,0,0,0,1,0,0,0,0,0,0,0,1
33600.0,48000.0,40800.0,0.0,0,0,0,1,0,0,0,1,0,0,0,0,0,0,1,0,0,0,0,1
35000.0,48000.0,41500.0,0.0,0,0,0,0,0,0,0,1,0,0,0,1,0,0,0,0,0,0,0,1
37000.0,42000.0,39500.0,3.7,3,0,0,1,0,0,0,1,0,0,0,1,0,0,0,0,0,0,0,1
6000.0,14400.0,10200.0,0.0,0,0,0,1,0,0,0,0,1,0,0,0,0,0,1,0,0,0,0,1
30000.0,36000.0,33000.0,3.7,3,0,0,1,0,0,0,1,0,0,0,0,0,0,1,0,0,0,0,1
36000.0,48000.0,42000.0,0.0,0,0,0,1,0,0,0,1,0,0,0,0,0,0,1,0,0,0,0,1
7200.0,10800.0,9000.0,0.0,0,0,0,1,0,0,0,0,1,0,0,0,0,0,1,0,0,0,0,1
105600.0,105600.0,105600.0,2.8,0,0,0,1,1,0,0,0,0,0,0,0,0,1,0,0,0,0,0,1
31140.0,38052.0,34596.0,5.0,2,0,0,1,0,0,0,1,0,0,0,0,0,0,1,0,0,0,0,1
46000.0,58000.0,52000.0,0.0,0,0,0,0,0,0,0,1,0,0,0,1,0,0,0,0,0,0,0,1
35000.0,45000.0,40000.0,0.0,0,0,0,0,0,0,0,0,0,0,0,1,0,0,0,0,0,0,0,1
40000.0,60000.0,50000.0,0.0,0,0,0,0,0,0,0,0,0,0,0,1,0,0,0,0,0,0,0,1
34000.0,34000.0,34000.0,0.0,0,0,0,0,0,1,0,0,0,0,0,1,0,0,0,0,0,0,0,1
41000.0,60000.0,50500.0,4.3,8,0,0,1,0,0,0,1,0,0,0,1,0,0,0,0,0,0,0,1
54000.0,54000.0,54000.0,3.9,7,0,0,1,0,0,0,1,0,0,0,0,0,0,1,0,0,0,0,1
96000.0,96000.0,96000.0,0.0,0,0,0,1,1,0,0,0,0,0,0,0,0,1,0,0,0,0,0,1
50000.0,50000.0,50000.0,0.0,0,0,0,0,0,0,0,1,0,0,0,1,0,0,0,0,0,0,0,1
40000.0,60000.0,50000.0,0.0,0,0,0,0,0,0,0,0,0,0,0,1,0,0,0,0,0,0,0,1
35000.0,42000.0,38500.0,0.0,0,0,0,0,0,0,0,1,0,0,0,1,0,0,0,0,0,0,0,1
93600.0,93600.0,93600.0,0.0,0,0,0,1,1,0,0,0,0,0,0,0,0,1,0,0,0,0,0,1
31000.0,42000.0,36500.0,0.0,0,0,0,0,1,1,0,0,0,0,0,1,0,0,0,0,0,0,0,1
35000.0,35000.0,35000.0,0.0,0,0,0,0,0,0,0,1,0,0,0,1,0,0,0,0,0,0,0,1
40000.0,60000.0,50000.0,0.0,0,0,0,0,0,0,0,0,0,0,0,1,0,0,0,0,0,0,0,1
25000.0,30000.0,27500.0,0.0,0,1,0,1,0,0,0,1,0,0,1,1,0,0,0,0,0,0,0,1
144000.0,144000.0,144000.0,3.0,5,0,0,1,1,0,0,0,0,0,0,0,0,1,0,0,0,0,0,1
45000.0,70000.0,57500.0,0.0,0,0,0,1,0,0,0,1,0,0,0,1,0,0,0,0,0,0,0,1
18420.0,18420.0,18420.0,0.0,0,1,0,1,0,0,0,0,0,0,0,0,0,0,1,0,0,0,0,1
132000.0,132000.0,132000.0,0.0,0,0,0,1,1,0,0,0,0,0,0,0,0,1,0,0,0,0,0,1
108000.0,108000.0,108000.0,0.0,0,0,0,1,1,0,0,0,0,0,0,0,0,1,0,0,0,0,0,1
38000.0,50000.0,44000.0,4.0,2,0,0,1,0,0,0,1,0,0,0,1,0,0,0,0,0,0,0,1
7200.0,7200.0,7200.0,0.0,0,0,0,1,0,0,1,0,1,0,0,0,0,0,1,0,0,0,0,1
45000.0,45000.0,45000.0,3.9,7,0,0,0,0,0,0,0,0,0,0,1,0,0,0,0,0,0,0,1
40000.0,60000.0,50000.0,0.0,0,0,0,1,0,0,0,1,0,0,0,1,0,0,0,0,0,0,0,1
65000.0,65000.0,65000.0,0.0,0,0,0,0,0,0,0,1,0,0,0,1,0,0,0,0,0,0,0,1
45000.0,55000.0,50000.0,0.0,0,0,0,0,0,0,0,0,0,0,0,1,0,0,0,0,0,0,0,1
76800.0,76800.0,76800.0,0.0,0,0,0,1,1,0,0,0,0,0,0,0,0,1,0,0,0,0,0,1
7212.0,7212.0,7212.0,0.0,0,0,0,0,0,0,0,0,1,0,0,0,0,0,1,0,0,0,0,1
36000.0,48000.0,42000.0,0.0,0,0,0,1,0,0,0,1,0,0,0,0,0,0,1,0,0,0,0,1
60000.0,60000.0,60000.0,0.0,0,0,0,0,0,0,0,1,0,0,0,1,0,0,0,0,0,0,0,1
45000.0,45000.0,45000.0,0.0,0,0,0,1,0,0,0,1,0,0,0,1,0,0,0,0,0,0,0,1
44832.0,44832.0,44832.0,0.0,0,0,0,1,0,0,0,1,0,0,0,0,0,0,1,0,0,0,0,1
48000.0,48000.0,48000.0,0.0,0,0,0,1,1,0,0,0,0,0,0,0,0,1,0,0,0,0,0,1
120000.0,120000.0,120000.0,2.4,25,0,0,1,1,0,0,0,0,0,0,0,0,1,0,0,0,0,0,1
39176.0,56339.0,47757.5,3.7,3,0,0,1,0,0,0,1,0,0,0,1,0,0,0,0,0,0,0,1
30000.0,35000.0,32500.0,0.0,0,0,0,1,0,0,0,1,0,0,0,1,0,0,0,0,0,0,0,1
50000.0,50000.0,50000.0,0.0,0,0,0,0,0,0,0,0,0,0,0,1,0,0,0,0,0,0,0,1
40000.0,55000.0,47500.0,0.0,0,0,0,0,0,0,0,0,0,0,0,1,0,0,0,0,0,0,0,1
40000.0,40000.0,40000.0,4.7,18,0,0,0,0,0,0,0,0,0,0,1,0,0,0,0,0,0,0,1
10200.0,10800.0,10500.0,0.0,0,0,0,0,0,0,0,0,1,0,0,0,0,0,1,0,0,0,0,1
35000.0,45000.0,40000.0,0.0,0,0,0,1,0,0,0,1,0,0,0,1,0,0,0,0,0,0,0,1
24324.0,29724.0,27024.0,0.0,0,0,0,1,0,0,0,1,0,0,0,0,0,0,1,0,0,0,0,1
40000.0,50000.0,45000.0,3.7,3,0,0,1,0,0,0,1,0,0,0,1,0,0,0,0,1,0,0,0
40000.0,50000.0,45000.0,4.5,2,0,0,0,0,0,0,0,0,0,0,1,0,0,0,0,1,0,1,0
132000.0,132000.0,132000.0,3.4,45,0,0,1,1,0,0,0,0,0,0,0,0,1,0,0,1,0,0,0
27600.0,33600.0,30600.0,0.0,0,0,0,1,0,1,0,0,0,0,0,0,0,0,1,0,1,0,0,0
22200.0,30000.0,26100.0,3.7,303,0,0,1,0,1,0,0,0,0,0,0,0,0,1,0,1,0,0,0
50000.0,55000.0,52500.0,0.0,0,0,0,0,0,0,0,1,0,0,0,1,0,0,0,0,1,0,0,0
70000.0,80000.0,75000.0,0.0,0,0,0,0,0,0,0,1,0,0,0,1,0,0,0,0,1,0,0,0
60000.0,70000.0,65000.0,0.0,0,0,0,1,0,0,0,1,0,0,0,1,0,0,0,0,1,0,0,0
40000.0,60000.0,50000.0,0.0,0,0,0,1,0,0,0,1,0,0,0,1,0,0,0,0,1,0,0,0
48000.0,60000.0,54000.0,4.5,2,0,0,0,0,0,0,1,0,0,0,1,0,0,0,0,1,0,0,0
50000.0,60000.0,55000.0,0.0,0,0,0,1,0,0,0,1,0,0,0,1,0,0,0,0,1,0,0,0
45000.0,55000.0,50000.0,4.9,8,0,0,0,0,0,0,1,0,0,0,1,0,0,0,0,1,0,0,0
40000.0,50000.0,45000.0,0.0,0,0,0,0,0,0,0,1,0,0,0,1,0,0,0,0,1,0,1,0
40000.0,60000.0,50000.0,0.0,0,0,0,0,0,0,0,0,0,0,0,1,0,0,0,0,1,0,0,0
45000.0,50000.0,47500.0,0.0,0,0,0,0,0,0,0,1,0,0,0,1,0,0,0,0,1,0,0,0
55000.0,60000.0,57500.0,0.0,0,0,0,0,0,0,0,1,0,0,0,1,0,0,0,0,1,0,0,0
45000.0,60000.0,52500.0,0.0,0,0,0,0,0,0,0,0,0,0,0,1,0,0,0,0,1,0,0,0
50000.0,60000.0,55000.0,0.0,0,0,0,0,0,0,0,1,0,0,0,1,0,0,0,0,1,0,0,0
45000.0,60000.0,52500.0,0.0,0,0,0,0,0,0,0,1,0,0,0,1,0,0,0,0,1,0,0,0
50000.0,65000.0,57500.0,4.2,6,0,0,0,0,0,0,1,0,0,0,1,0,0,0,0,1,0,0,0
60000.0,70000.0,65000.0,0.0,0,0,0,0,0,0,0,1,0,0,0,1,0,0,0,0,1,0,0,0
55000.0,80000.0,67500.0,0.0,0,0,0,0,0,0,0,1,0,0,0,1,0,0,0,0,1,0,0,0
50000.0,55000.0,52500.0,0.0,0,0,0,0,0,0,0,1,0,0,0,1,0,0,0,0,1,1,0,0
45000.0,60000.0,52500.0,0.0,0,0,0,0,0,0,0,0,0,0,0,1,0,0,0,0,1,0,0,0
60000.0,80000.0,70000.0,0.0,0,0,0,1,0,0,0,1,0,0,0,1,0,0,0,0,1,0,0,0
70000.0,70000.0,70000.0,0.0,0,0,0,1,0,0,0,1,0,0,0,1,0,0,0,0,1,1,0,0
25000.0,35000.0,30000.0,3.2,5,0,0,0,0,1,0,0,0,0,0,1,0,0,0,0,1,0,0,0
60000.0,70000.0,65000.0,0.0,0,0,0,0,0,0,0,1,0,0,0,1,0,0,0,0,1,0,0,0
50000.0,60000.0,55000.0,0.0,0,0,0,1,0,0,0,1,0,0,0,1,0,0,0,0,1,0,0,0
55000.0,80000.0,67500.0,0.0,0,0,0,0,0,0,0,1,0,0,0,1,0,0,0,0,1,0,0,0
40000.0,50000.0,45000.0,0.0,0,0,0,0,0,0,0,1,0,0,0,1,0,0,0,0,1,0,0,0
40000.0,45000.0,42500.0,0.0,0,0,0,0,0,0,0,1,0,0,0,1,0,0,0,0,1,0,0,0
55000.0,70000.0,62500.0,0.0,0,0,0,0,0,0,0,1,0,0,0,1,0,0,0,0,1,0,0,0
50000.0,60000.0,55000.0,0.0,0,0,0,0,0,0,0,1,0,0,0,1,0,0,0,0,1,0,0,0
55000.0,70000.0,62500.0,0.0,0,0,0,0,0,0,0,0,0,0,0,1,0,0,0,0,1,0,0,0
60000.0,70000.0,65000.0,0.0,0,0,0,0,0,0,0,1,0,0,0,1,0,0,0,0,1,0,0,0
55000.0,65000.0,60000.0,0.0,0,0,0,0,0,0,0,0,0,0,0,1,0,0,0,0,1,0,0,0
28000.0,28000.0,28000.0,3.7,26,0,0,1,0,0,0,1,0,0,0,1,0,0,0,0,0,0,1,0
50000.0,55000.0,52500.0,0.0,0,0,0,0,0,0,0,1,0,0,0,1,0,0,0,0,0,0,1,0
50000.0,60000.0,55000.0,0.0,0,0,0,1,0,0,0,1,0,0,0,1,0,0,0,0,0,0,1,0
11088.0,20400.0,15744.0,0.0,0,0,0,1,0,0,0,0,0,0,1,0,0,0,1,0,0,1,1,0
35000.0,40000.0,37500.0,0.0,0,0,0,0,0,0,0,1,0,0,0,1,0,0,0,0,0,0,1,0
40000.0,60000.0,50000.0,0.0,0,0,0,1,0,0,0,1,0,0,0,1,0,0,0,0,0,0,1,0
50000.0,65000.0,57500.0,0.0,0,0,0,0,0,0,0,0,0,0,0,1,0,0,0,0,0,0,1,0
42000.0,50000.0,46000.0,3.6,854,0,0,0,0,0,0,0,0,0,0,1,0,0,0,0,0,0,1,0
40000.0,60000.0,50000.0,0.0,0,0,0,1,0,0,0,1,0,0,0,1,0,0,0,0,0,0,1,0
31000.0,50000.0,40500.0,0.0,0,0,0,1,1,0,0,1,0,0,0,1,0,0,0,0,0,0,1,0
40000.0,60000.0,50000.0,0.0,0,0,0,1,0,0,0,1,0,0,0,1,0,0,0,0,0,0,1,0
34000.0,34000.0,34000.0,0.0,0,0,0,0,0,0,0,1,0,0,0,1,0,0,0,0,0,0,1,0
40000.0,70000.0,55000.0,0.0,0,0,0,1,0,0,0,1,0,0,0,1,0,0,0,0,0,0,1,0
60000.0,65000.0,62500.0,0.0,0,0,0,1,0,0,0,1,0,0,0,1,0,0,0,0,0,0,1,0
60000.0,70000.0,65000.0,0.0,0,0,0,0,0,0,0,1,0,0,0,1,0,0,0,0,0,1,1,0
42000.0,47000.0,44500.0,3.1,132,0,0,0,0,0,0,1,0,0,0,1,0,0,0,0,0,0,1,0
45000.0,50000.0,47500.0,0.0,0,0,0,0,0,0,0,1,0,0,0,1,0,0,0,0,0,0,1,0
45000.0,55000.0,50000.0,0.0,0,0,0,0,0,0,0,1,0,0,0,1,0,0,0,0,0,0,1,0
45000.0,55000.0,50000.0,0.0,0,0,0,0,0,0,0,1,0,0,0,1,0,0,0,0,0,0,1,0
30000.0,50000.0,40000.0,0.0,0,0,0,1,0,0,0,1,0,0,0,1,0,0,0,0,0,0,1,0
40000.0,41000.0,40500.0,3.6,854,0,0,0,0,0,0,0,0,0,0,1,0,0,0,0,0,0,1,0
50000.0,50000.0,50000.0,3.4,81,0,0,0,0,0,0,1,0,0,0,1,0,0,0,0,0,0,1,0
40000.0,50000.0,45000.0,0.0,0,0,0,0,0,0,0,1,0,0,0,1,0,0,0,0,0,0,1,0
60000.0,70000.0,65000.0,0.0,0,0,0,0,0,0,0,1,0,0,0,1,0,0,0,0,0,0,1,0
40000.0,70000.0,55000.0,0.0,0,0,0,0,0,0,0,1,0,0,0,1,0,0,0,0,0,0,1,0
40000.0,50000.0,45000.0,0.0,0,0,0,0,0,0,0,1,0,0,0,1,0,0,0,0,0,0,1,0
50000.0,60000.0,55000.0,0.0,0,0,0,0,0,0,0,1,0,0,0,1,0,0,0,0,0,0,1,0
50000.0,55000.0,52500.0,0.0,0,0,0,0,0,0,0,1,0,0,0,1,0,0,0,0,0,0,1,0
60000.0,70000.0,65000.0,0.0,0,0,0,0,0,0,0,1,0,0,0,1,0,0,0,0,0,0,1,0
55000.0,60000.0,57500.0,0.0,0,0,0,0,0,0,0,1,0,0,0,1,0,0,0,0,0,0,1,0
42000.0,78000.0,60000.0,0.0,0,0,0,0,0,0,0,1,0,0,0,1,0,0,0,0,0,0,1,0
50000.0,60000.0,55000.0,0.0,0,0,0,0,0,0,0,1,0,0,0,1,0,0,0,0,0,0,1,0
45000.0,65000.0,55000.0,0.0,0,0,0,0,0,0,0,1,0,0,0,1,0,0,0,0,0,0,1,0
40000.0,50000.0,45000.0,0.0,0,0,0,0,0,0,0,1,0,0,0,1,0,0,0,0,0,0,1,0
50000.0,64000.0,57000.0,0.0,0,0,0,0,0,0,0,0,0,0,0,1,0,0,0,0,0,0,1,0
50000.0,65000.0,57500.0,0.0,0,0,0,0,0,0,0,1,0,0,0,1,0,0,0,0,0,0,1,0
45000.0,55000.0,50000.0,3.0,3,0,0,0,0,0,0,0,0,0,0,1,0,0,0,0,0,0,1,0
40000.0,50000.0,45000.0,0.0,0,0,0,0,0,0,0,1,0,0,0,1,0,0,0,0,0,0,1,0
53760.0,53760.0,53760.0,4.2,2469,0,0,0,0,0,0,0,0,0,0,0,0,0,0,1,0,0,1,0
37000.0,40000.0,38500.0,0.0,0,0,0,1,0,0,0,1,0,0,0,1,0,0,0,0,0,1,0,0
30000.0,38000.0,34000.0,0.0,0,0,0,0,0,0,0,1,0,0,0,1,0,0,0,0,0,1,0,0
45000.0,80000.0,62500.0,0.0,0,0,0,1,0,0,0,1,0,0,0,1,0,0,0,0,0,1,0,0
60000.0,90000.0,75000.0,0.0,0,0,0,1,0,0,0,1,0,0,0,1,0,0,0,0,0,1,0,0
40000.0,48000.0,44000.0,0.0,0,0,0,0,0,0,0,1,0,0,0,1,0,0,0,0,0,1,0,0
42000.0,58000.0,50000.0,0.0,0,0,0,0,0,0,0,0,0,0,0,1,0,0,0,0,0,1,0,0
40000.0,45000.0,42500.0,4.5,32,0,0,0,0,0,0,0,0,0,0,1,0,0,0,0,0,1,0,0
35000.0,35000.0,35000.0,0.0,0,0,0,0,0,0,0,0,0,0,0,1,0,0,0,0,0,1,0,0
40000.0,65000.0,52500.0,4.5,32,0,0,0,0,0,0,0,0,0,0,1,0,0,0,0,0,1,0,0
65000.0,65000.0,65000.0,3.8,142,0,0,0,0,0,0,0,0,0,0,1,0,0,0,0,0,1,0,0
80000.0,90000.0,85000.0,0.0,0,0,0,0,0,0,0,0,0,0,0,1,0,0,0,0,0,1,0,0
50000.0,55000.0,52500.0,4.8,4,0,0,1,0,0,0,1,0,0,0,1,0,0,0,0,0,1,0,0
55000.0,60000.0,57500.0,0.0,0,0,0,0,0,0,0,1,0,0,0,1,0,0,0,0,0,1,0,0
33000.0,55000.0,44000.0,3.8,19,0,0,0,0,0,0,1,0,0,0,1,0,0,0,0,0,1,0,0
50000.0,65000.0,57500.0,4.3,8,0,0,0,0,0,0,1,0,0,0,1,0,0,0,0,0,1,0,0
36000.0,55000.0,45500.0,0.0,0,0,0,0,0,0,0,0,0,0,0,1,0,0,0,0,0,1,0,0
60000.0,90000.0,75000.0,0.0,0,0,0,0,0,0,0,0,0,0,0,1,0,0,0,0,0,1,0,0
40000.0,50000.0,45000.0,4.8,4,0,0,1,0,0,0,1,0,0,0,1,0,0,0,0,0,1,0,0
44000.0,49000.0,46500.0,0.0,0,0,0,0,0,0,0,1,0,0,0,1,0,0,0,0,0,1,0,0
60000.0,75000.0,67500.0,4.8,4,0,0,1,0,0,0,1,0,0,0,1,0,0,0,0,0,1,0,0
50000.0,55000.0,52500.0,0.0,0,0,0,0,0,0,0,1,0,0,0,1,0,0,0,0,0,1,0,0
14400.0,14400.0,14400.0,0.0,0,0,0,1,0,0,0,0,1,0,0,0,0,0,1,0,0,1,0,0
48000.0,52000.0,50000.0,4.8,4,0,0,1,0,0,0,1,0,0,0,1,0,0,0,0,0,1,0,0
50000.0,65000.0,57500.0,4.3,8,0,0,0,0,0,0,1,0,0,0,1,0,0,0,0,0,1,0,0
35000.0,45000.0,40000.0,0.0,0,0,0,1,0,0,0,1,0,0,0,1,0,0,0,0,0,1,0,0
58000.0,75000.0,66500.0,0.0,0,0,0,1,0,0,0,1,0,0,0,1,0,0,0,0,0,1,0,0
65000.0,75000.0,70000.0,4.8,4,0,0,1,0,0,0,1,0,0,0,1,0,0,0,0,0,1,0,0
10800.0,14400.0,12600.0,4.0,6,0,0,0,0,0,0,0,1,0,0,0,0,0,1,0,0,1,0,0
48000.0,58000.0,53000.0,4.8,4,0,0,1,0,0,0,1,0,0,0,1,0,0,0,0,0,1,0,0
70000.0,80000.0,75000.0,0.0,0,0,0,0,0,0,0,0,0,0,0,1,0,0,0,0,0,1,0,0
40000.0,50000.0,45000.0,4.5,32,0,0,0,0,0,0,0,0,0,0,1,0,0,0,0,0,1,0,0
30000.0,50000.0,40000.0,0.0,0,0,0,0,0,0,0,1,0,0,0,1,0,0,0,0,0,0,0,1
55000.0,60000.0,57500.0,0.0,0,0,0,0,0,0,0,1,0,0,0,1,0,0,0,0,0,0,0,1
55000.0,60000.0,57500.0,0.0,0,0,0,0,0,0,0,1,0,0,0,1,0,0,0,0,0,0,0,1
30000.0,30000.0,30000.0,0.0,0,0,0,1,0,0,0,1,0,0,0,0,0,0,1,0,0,0,0,1
35000.0,45000.0,40000.0,0.0,0,0,0,1,0,0,0,1,0,0,0,1,0,0,0,0,0,0,0,1
36348.0,44436.0,40392.0,3.7,3,0,0,0,0,0,0,1,0,0,0,0,0,0,1,0,0,0,0,1
35000.0,50000.0,42500.0,0.0,0,0,0,1,0,0,0,1,0,0,0,1,0,0,0,0,0,0,0,1
26400.0,30000.0,28200.0,3.5,2,0,0,1,0,0,0,1,0,0,0,0,0,0,1,0,0,0,0,1
48000.0,72000.0,60000.0,0.0,0,0,0,1,0,0,0,1,0,0,0,0,0,0,1,0,0,0,0,1
35000.0,45000.0,40000.0,0.0,0,0,0,1,0,0,0,1,0,0,0,1,0,0,0,0,0,0,0,1
100800.0,100800.0,100800.0,0.0,0,0,0,1,1,0,0,0,0,0,0,0,0,1,0,0,0,0,0,1
40000.0,45000.0,42500.0,0.0,0,0,0,1,0,0,0,1,0,0,0,1,0,0,0,0,0,0,0,1
50000.0,50000.0,50000.0,0.0,0,0,0,0,0,0,0,0,0,0,0,1,0,0,0,0,0,0,0,1
29002.0,29002.0,29002.0,3.6,312,0,0,0,0,0,0,1,0,0,0,1,0,0,0,0,0,0,0,1
31356.0,38316.0,34836.0,0.0,0,0,0,1,0,0,0,1,0,0,0,0,0,0,1,0,0,0,0,1
9000.0,14400.0,11700.0,0.0,0,0,0,0,0,0,0,0,0,0,1,0,0,0,1,0,0,0,0,1
60000.0,70000.0,65000.0,0.0,0,0,0,0,0,0,0,1,0,0,0,1,0,0,0,0,0,0,0,1
108000.0,108000.0,108000.0,0.0,0,0,0,1,1,0,0,0,0,0,0,0,0,1,0,0,0,0,0,1
15600.0,15600.0,15600.0,4.4,5,1,0,0,0,0,0,0,1,0,1,0,0,0,1,0,0,0,0,1
60000.0,60000.0,60000.0,0.0,0,0,0,0,0,0,0,0,0,0,0,1,0,0,0,0,0,0,0,1
40000.0,53000.0,46500.0,0.0,0,0,0,0,0,0,0,0,0,0,0,1,0,0,0,0,0,0,0,1
45000.0,65000.0,55000.0,0.0,0,0,0,0,0,0,0,0,0,0,0,1,0,0,0,0,0,0,0,1
50000.0,65000.0,57500.0,0.0,0,0,0,0,0,0,0,0,0,0,0,1,0,0,0,0,0,0,0,1
42000.0,42000.0,42000.0,0.0,0,0,0,0,0,0,0,0,0,0,0,1,0,0,0,0,0,0,0,1
67200.0,96000.0,81600.0,0.0,0,0,0,0,0,0,0,0,0,0,0,0,1,0,0,0,0,0,0,1
30000.0,40000.0,35000.0,3.8,6,0,0,1,0,0,0,1,0,0,0,1,0,0,0,0,0,0,0,1
76800.0,115200.0,96000.0,0.0,0,0,0,0,0,0,0,0,0,0,0,0,1,0,0,0,0,0,0,1
132000.0,132000.0,132000.0,0.0,0,0,0,1,1,0,0,0,0,0,0,0,0,1,0,0,0,0,0,1
1000.0,1500.0,1250.0,0.0,0,0,0,0,0,0,0,0,1,0,0,1,0,0,0,0,0,0,0,1
48000.0,52000.0,50000.0,3.0,2,0,0,1,0,0,0,1,0,0,0,1,0,0,0,0,0,0,0,1
9600.0,18000.0,13800.0,0.0,0,0,0,1,1,1,1,1,1,0,0,0,0,0,1,0,0,0,0,1
44000.0,48000.0,46000.0,0.0,0,0,0,0,0,0,0,1,0,0,0,1,0,0,0,0,0,0,0,1
40000.0,44000.0,42000.0,0.0,0,0,0,1,0,0,0,1,0,0,0,1,0,0,0,0,0,0,0,1
96000.0,96000.0,96000.0,0.0,0,0,0,1,1,0,0,0,0,0,0,0,0,1,0,0,0,0,0,1
35000.0,50000.0,42500.0,0.0,0,0,0,0,0,0,0,0,0,0,0,1,0,0,0,0,0,0,0,1
45000.0,55000.0,50000.0,0.0,0,0,0,1,0,0,0,1,0,0,0,1,0,0,0,0,0,0,0,1
12000.0,12000.0,12000.0,0.0,0,1,0,1,0,0,0,0,0,0,0,0,0,0,1,0,0,0,0,1
40000.0,60000.0,50000.0,0.0,0,0,0,0,0,0,0,0,0,0,0,1,0,0,0,0,0,0,0,1
48000.0,65000.0,56500.0,0.0,0,0,0,0,0,0,0,0,0,0,0,1,0,0,0,0,0,0,0,1
35352.0,43212.0,39282.0,0.0,0,0,0,1,0,0,0,0,1,0,0,0,0,0,1,0,0,0,0,1
7200.0,18480.0,12840.0,0.0,0,0,0,1,0,0,0,0,1,0,1,0,0,0,1,0,0,0,0,1
7200.0,18000.0,12600.0,0.0,0,0,0,1,0,0,0,0,0,0,1,0,0,0,1,0,0,0,0,1
7200.0,7200.0,7200.0,0.0,0,0,0,1,0,0,1,0,1,0,0,0,0,0,1,0,0,0,0,1
37075.0,52088.0,44581.5,0.0,0,0,0,1,0,0,0,0,0,0,1,1,0,0,0,0,0,0,0,1
35000.0,50000.0,42500.0,0.0,0,0,0,1,0,0,0,1,0,0,0,1,0,0,0,0,0,0,0,1
30000.0,70000.0,50000.0,0.0,0,0,0,1,0,0,0,1,0,0,0,1,0,0,0,0,0,0,0,1
6600.0,11400.0,9000.0,0.0,0,0,0,1,0,0,0,0,1,0,0,0,0,0,1,0,0,0,0,1
25000.0,35000.0,30000.0,0.0,0,0,0,0,0,0,0,1,0,0,0,1,0,0,0,0,0,0,0,1
12000.0,24000.0,18000.0,0.0,0,1,0,0,0,0,1,0,0,0,0,0,0,0,1,0,0,0,0,1
36000.0,42000.0,39000.0,5.0,2,0,0,1,0,0,0,1,0,0,0,1,0,0,0,0,0,0,0,1
6912.0,6912.0,6912.0,0.0,0,0,0,1,0,0,0,0,1,0,0,0,0,0,1,0,0,0,0,1
50000.0,60000.0,55000.0,0.0,0,0,0,0,0,0,0,1,0,0,0,1,0,0,0,0,0,0,0,1
45000.0,55000.0,50000.0,0.0,0,0,0,0,0,0,0,1,0,0,0,1,0,0,0,0,0,0,0,1
38000.0,45000.0,41500.0,0.0,0,0,0,1,0,0,0,1,0,0,0,1,0,0,0,0,0,0,0,1
7200.0,10800.0,9000.0,0.0,0,0,0,1,0,0,0,0,1,0,0,0,0,0,1,0,0,0,0,1
32400.0,42000.0,37200.0,0.0,0,0,0,1,0,0,0,1,0,0,0,0,0,0,1,0,0,0,0,1
120000.0,144000.0,132000.0,0.0,0,0,0,1,1,0,0,0,0,0,0,0,0,1,0,0,0,0,0,1
6000.0,14400.0,10200.0,0.0,0,0,0,1,0,0,0,0,1,0,0,0,0,0,1,0,0,0,0,1
40000.0,50000.0,45000.0,0.0,0,0,0,1,0,0,0,1,0,0,0,1,0,0,0,0,0,0,0,1
15600.0,15600.0,15600.0,0.0,0,0,0,1,0,0,0,0,1,0,0,0,0,0,1,0,0,0,0,1
35000.0,35000.0,35000.0,0.0,0,0,0,1,0,0,0,1,0,0,0,1,0,0,0,0,0,0,0,1
7200.0,10800.0,9000.0,0.0,0,0,0,1,0,0,0,0,1,0,0,0,0,0,1,0,0,0,0,1
72000.0,72000.0,72000.0,0.0,0,0,0,1,1,0,0,0,0,0,0,0,0,1,0,0,0,0,0,1
7200.0,7200.0,7200.0,0.0,0,0,0,1,0,0,0,0,1,0,0,0,0,0,1,0,0,0,0,1
45000.0,55000.0,50000.0,0.0,0,0,0,0,0,0,0,1,0,0,0,1,0,0,0,0,0,0,0,1
32424.0,39624.0,36024.0,0.0,0,0,0,1,0,0,0,1,0,0,0,0,0,0,1,0,0,0,0,1
70000.0,90000.0,80000.0,0.0,0,0,0,0,0,0,0,1,0,0,0,1,0,0,0,0,0,0,0,1
40000.0,50000.0,45000.0,0.0,0,0,0,0,0,0,0,0,0,0,0,1,0,0,0,0,0,0,0,1
35000.0,48000.0,41500.0,0.0,0,0,0,0,0,0,0,1,0,0,0,1,0,0,0,0,0,0,0,1
25000.0,35000.0,30000.0,0.0,0,0,0,0,0,0,0,1,0,0,0,1,0,0,0,0,0,0,0,1
50000.0,50000.0,50000.0,0.0,0,0,0,1,0,0,0,1,0,0,0,1,0,0,0,0,0,0,0,1
35000.0,35000.0,35000.0,0.0,0,0,0,1,0,0,0,1,0,0,0,1,0,0,0,0,0,0,0,1
45000.0,55000.0,50000.0,0.0,0,0,0,0,0,0,0,1,0,0,0,1,0,0,0,0,0,0,0,1
12000.0,19200.0,15600.0,0.0,0,0,0,1,0,0,1,0,0,0,1,0,0,0,1,0,0,0,0,1
27276.0,42000.0,34638.0,0.0,0,0,0,1,0,0,0,1,0,0,0,0,0,0,1,0,0,0,0,1
40000.0,45000.0,42500.0,0.0,0,0,0,0,0,0,0,1,0,0,0,1,0,0,0,0,0,0,0,1
40000.0,55000.0,47500.0,0.0,0,0,0,1,0,0,0,1,0,0,0,1,0,0,0,0,0,0,0,1
40000.0,50000.0,45000.0,0.0,0,0,0,1,0,0,0,1,0,0,0,1,0,0,0,0,0,0,0,1
30000.0,50000.0,40000.0,0.0,0,0,0,0,0,0,0,1,0,0,0,1,0,0,0,0,0,0,0,1
72000.0,72000.0,72000.0,0.0,0,0,0,1,0,0,0,0,1,0,0,0,0,0,0,1,0,0,0,1
35000.0,45000.0,40000.0,0.0,0,0,0,1,0,0,0,1,0,0,0,1,0,0,0,0,0,0,0,1
40000.0,45000.0,42500.0,3.7,3,0,0,1,0,0,0,1,0,0,0,1,0,0,0,0,0,0,0,1
108000.0,108000.0,108000.0,4.3,3,0,0,1,1,0,1,0,0,0,0,0,0,1,0,0,0,0,0,1
45000.0,55000.0,50000.0,0.0,0,0,0,0,0,0,0,1,0,0,0,1,0,0,0,0,0,0,0,1
12000.0,20000.0,16000.0,0.0,0,0,0,1,0,0,0,0,0,0,1,1,0,0,0,0,0,0,0,1
37000.0,37000.0,37000.0,3.4,5,0,0,1,0,0,0,1,0,0,0,1,0,0,0,0,0,0,0,1
30000.0,40000.0,35000.0,0.0,0,0,0,1,0,0,0,1,0,0,0,1,0,0,0,0,0,0,0,1
35000.0,50000.0,42500.0,0.0,0,0,0,0,0,0,0,1,0,0,0,1,0,0,0,0,0,0,0,1
120000.0,120000.0,120000.0,0.0,0,0,0,1,1,0,0,0,0,0,0,0,0,1,0,0,0,0,0,1
30000.0,34000.0,32000.0,0.0,0,0,0,1,0,0,0,1,0,0,0,1,0,0,0,0,0,0,0,1
40000.0,50000.0,45000.0,0.0,0,0,0,0,0,0,0,0,0,0,0,1,0,0,0,0,0,0,0,1
42000.0,42000.0,42000.0,3.8,82,0,0,0,0,0,0,0,0,0,0,1,0,0,0,0,0,0,0,1
33000.0,40000.0,36500.0,0.0,0,0,0,1,0,0,0,1,0,0,0,1,0,0,0,0,0,0,0,1
30000.0,30000.0,30000.0,3.7,67,0,0,1,0,0,0,1,0,0,0,1,0,0,0,0,0,0,0,1
35000.0,50000.0,42500.0,0.0,0,0,0,0,0,0,0,0,0,0,0,1,0,0,0,0,0,0,0,1
48000.0,48000.0,48000.0,0.0,0,0,0,1,1,0,0,0,0,0,0,0,0,1,0,0,0,0,0,1
35000.0,60000.0,47500.0,0.0,0,0,0,1,0,0,0,1,0,0,0,1,0,0,0,0,0,0,0,1
7200.0,10800.0,9000.0,0.0,0,0,0,1,0,0,0,0,1,0,0,0,0,0,1,0,0,0,0,1
48000.0,48000.0,48000.0,3.7,3,0,0,0,0,0,0,1,0,0,0,1,0,0,0,0,0,0,0,1
108000.0,108000.0,108000.0,2.9,40,0,0,1,1,0,0,0,0,0,0,0,0,1,0,0,0,0,0,1
10800.0,13200.0,12000.0,0.0,0,0,0,1,0,0,0,0,1,0,0,0,0,0,1,0,0,0,0,1
27000.0,35000.0,31000.0,0.0,0,0,0,1,0,0,0,1,0,0,0,1,0,0,0,0,0,0,0,1
50000.0,50000.0,50000.0,0.0,0,0,0,0,0,0,0,0,0,0,0,1,0,0,0,0,0,0,0,1
55000.0,65000.0,60000.0,0.0,0,0,0,0,0,0,0,1,0,0,0,1,0,0,0,0,0,0,0,1
39600.0,39600.0,39600.0,5.0,10,0,0,0,0,0,0,1,0,0,0,0,0,1,0,0,0,0,0,1
50000.0,55000.0,52500.0,0.0,0,0,0,0,0,0,0,1,0,0,0,1,0,0,0,0,0,0,0,1
45000.0,45000.0,45000.0,0.0,0,0,0,0,0,0,0,1,0,0,0,1,0,0,0,0,0,0,0,1
120000.0,120000.0,120000.0,0.0,0,0,0,1,1,0,0,0,0,0,0,0,0,1,0,0,0,0,0,1
55000.0,55000.0,55000.0,0.0,0,0,0,0,0,0,0,1,0,0,0,1,0,0,0,0,0,0,0,1
115200.0,115200.0,115200.0,0.0,0,0,0,1,1,0,0,0,0,0,0,0,0,1,0,0,0,0,0,1
32000.0,36000.0,34000.0,0.0,0,0,0,0,0,0,0,0,0,0,0,1,0,0,0,0,0,0,0,1
36000.0,40000.0,38000.0,0.0,0,0,0,1,0,0,0,1,0,0,0,1,0,0,0,0,0,0,0,1
40000.0,50000.0,45000.0,0.0,0,0,0,1,0,0,0,1,0,0,0,1,0,0,0,0,0,0,0,1
43000.0,45000.0,44000.0,0.0,0,0,0,1,0,0,0,1,0,0,0,1,0,0,0,0,0,0,0,1
40000.0,50000.0,45000.0,0.0,0,0,0,0,0,0,0,0,0,0,0,1,0,0,0,0,0,0,0,1
55000.0,75000.0,65000.0,0.0,0,0,0,1,0,0,0,1,0,0,0,1,0,0,0,0,0,0,0,1
45000.0,55000.0,50000.0,0.0,0,0,0,0,0,0,0,1,0,0,0,1,0,0,0,0,0,0,0,1
33000.0,33000.0,33000.0,4.5,4,0,0,0,0,0,0,1,0,0,0,1,0,0,0,0,0,0,0,1
132000.0,132000.0,132000.0,2.8,34,0,0,1,1,0,0,0,0,0,0,0,0,1,0,0,0,0,0,1
38000.0,42000.0,40000.0,0.0,0,0,0,0,0,0,0,1,0,0,0,1,0,0,0,0,0,0,0,1
36000.0,45000.0,40500.0,0.0,0,0,0,1,0,0,0,1,0,0,0,1,0,0,0,0,0,0,0,1
55000.0,60000.0,57500.0,0.0,0,0,0,0,0,0,0,1,0,0,0,1,0,0,0,0,0,0,0,1
38000.0,50000.0,44000.0,0.0,0,0,0,1,0,0,0,1,0,0,0,1,0,0,0,0,0,0,0,1
76800.0,105600.0,91200.0,0.0,0,0,0,0,0,0,0,0,0,0,0,0,1,0,0,0,0,0,0,1
90000.0,120000.0,105000.0,0.0,0,0,0,0,0,0,0,1,0,0,0,1,0,0,0,0,0,0,0,1
32632.0,32632.0,32632.0,0.0,0,0,0,1,0,0,0,1,0,0,0,1,0,0,0,0,0,0,0,1
40000.0,60000.0,50000.0,0.0,0,0,0,0,0,0,0,1,0,0,0,1,0,0,0,0,0,0,0,1
50000.0,55000.0,52500.0,0.0,0,0,0,0,0,0,0,1,0,0,0,1,0,0,0,0,0,0,0,1
33000.0,35000.0,34000.0,0.0,0,0,0,0,0,0,0,0,0,0,0,1,0,0,0,0,0,0,0,1
35000.0,45000.0,40000.0,0.0,0,0,0,1,0,0,0,1,0,0,0,1,0,0,0,0,0,0,0,1
45000.0,45000.0,45000.0,3.4,5,0,0,0,0,0,0,1,0,0,0,1,0,0,0,0,0,0,0,1
55000.0,55000.0,55000.0,0.0,0,0,0,0,0,0,0,0,0,0,0,1,0,0,0,0,0,0,0,1
50000.0,50000.0,50000.0,4.7,18,0,0,0,0,0,0,0,0,0,0,1,0,0,0,0,0,0,0,1
55000.0,65000.0,60000.0,0.0,0,0,0,0,0,0,0,0,0,0,0,1,0,0,0,0,0,0,0,1
